ISO-10303-21;
HEADER;
/* Generated by software containing ST-Developer
 * from STEP Tools, Inc. (www.steptools.com) 
 */
/* OPTION: using custom renumber hook */

FILE_DESCRIPTION(
/* description */ ('STEP AP214'),
/* implementation_level */ '2;1');

FILE_NAME(
/* name */ 'SFM-110-02-L-D-A',
/* time_stamp */ '2024-11-08T15:52:38+01:00',
/* author */ ('License CC BY-ND 4.0'),
/* organization */ ('CADENAS'),
/* preprocessor_version */ 'ST-DEVELOPER v19.3',
/* originating_system */ 'PARTsolutions',
/* authorisation */ '  ');

FILE_SCHEMA (('AUTOMOTIVE_DESIGN {1 0 10303 214 3 1 1}'));
ENDSEC;

DATA;
#10=PROPERTY_DEFINITION_REPRESENTATION(#14,#12);
#11=PROPERTY_DEFINITION_REPRESENTATION(#15,#13);
#12=REPRESENTATION('',(#16),#9623);
#13=REPRESENTATION('',(#17),#9623);
#14=PROPERTY_DEFINITION('pmi validation property','',#9635);
#15=PROPERTY_DEFINITION('pmi validation property','',#9635);
#16=VALUE_REPRESENTATION_ITEM('number of annotations',COUNT_MEASURE(0.));
#17=VALUE_REPRESENTATION_ITEM('number of views',COUNT_MEASURE(0.));
#18=CONTEXT_DEPENDENT_SHAPE_REPRESENTATION(#22,#9637);
#19=CONTEXT_DEPENDENT_SHAPE_REPRESENTATION(#23,#9639);
#20=NEXT_ASSEMBLY_USAGE_OCCURRENCE('NAUO1','SFM-110-02-L-D-A_terminal',
'SFM-110-02-L-D-A_terminal',#9640,#9641,'');
#21=NEXT_ASSEMBLY_USAGE_OCCURRENCE('NAUO2','C-10-02-D-L_pins',
'C-10-02-D-L_pins',#9640,#9642,'');
#22=(
REPRESENTATION_RELATIONSHIP(' ',' ',#5956,#5955)
REPRESENTATION_RELATIONSHIP_WITH_TRANSFORMATION(#24)
SHAPE_REPRESENTATION_RELATIONSHIP()
);
#23=(
REPRESENTATION_RELATIONSHIP(' ',' ',#5957,#5955)
REPRESENTATION_RELATIONSHIP_WITH_TRANSFORMATION(#25)
SHAPE_REPRESENTATION_RELATIONSHIP()
);
#24=ITEM_DEFINED_TRANSFORMATION(' ',' ',#5958,#6109);
#25=ITEM_DEFINED_TRANSFORMATION(' ',' ',#5958,#6376);
#26=SHAPE_REPRESENTATION_RELATIONSHIP('','',#5956,#28);
#27=SHAPE_REPRESENTATION_RELATIONSHIP('','',#5957,#29);
#28=ADVANCED_BREP_SHAPE_REPRESENTATION('',(#5950),#9624);
#29=ADVANCED_BREP_SHAPE_REPRESENTATION('',(#5951),#9625);
#30=SPHERICAL_SURFACE('',#6005,0.025);
#31=SPHERICAL_SURFACE('',#6008,0.0250000000000001);
#32=CYLINDRICAL_SURFACE('',#5980,0.0200000000000001);
#33=CYLINDRICAL_SURFACE('',#5984,0.02);
#34=CYLINDRICAL_SURFACE('',#5986,0.0200000000000001);
#35=CYLINDRICAL_SURFACE('',#5989,0.02);
#36=CYLINDRICAL_SURFACE('',#6003,0.025);
#37=CYLINDRICAL_SURFACE('',#6006,0.025);
#38=CYLINDRICAL_SURFACE('',#6140,0.01);
#39=CYLINDRICAL_SURFACE('',#6143,0.01);
#40=CYLINDRICAL_SURFACE('',#6146,0.01);
#41=CYLINDRICAL_SURFACE('',#6149,0.01);
#42=CYLINDRICAL_SURFACE('',#6152,0.01);
#43=CYLINDRICAL_SURFACE('',#6155,0.01);
#44=CYLINDRICAL_SURFACE('',#6158,0.01);
#45=CYLINDRICAL_SURFACE('',#6161,0.01);
#46=CYLINDRICAL_SURFACE('',#6164,0.01);
#47=CYLINDRICAL_SURFACE('',#6167,0.01);
#48=CYLINDRICAL_SURFACE('',#6190,0.00999999999999999);
#49=CYLINDRICAL_SURFACE('',#6193,0.00999999999999999);
#50=CYLINDRICAL_SURFACE('',#6196,0.00999999999999999);
#51=CYLINDRICAL_SURFACE('',#6199,0.00999999999999999);
#52=CYLINDRICAL_SURFACE('',#6202,0.00999999999999999);
#53=CYLINDRICAL_SURFACE('',#6205,0.00999999999999999);
#54=CYLINDRICAL_SURFACE('',#6208,0.00999999999999999);
#55=CYLINDRICAL_SURFACE('',#6211,0.00999999999999999);
#56=CYLINDRICAL_SURFACE('',#6214,0.00999999999999999);
#57=CYLINDRICAL_SURFACE('',#6217,0.00999999999999999);
#58=CYLINDRICAL_SURFACE('',#6250,0.005);
#59=CYLINDRICAL_SURFACE('',#6253,0.005);
#60=CYLINDRICAL_SURFACE('',#6256,0.005);
#61=CYLINDRICAL_SURFACE('',#6259,0.005);
#62=CYLINDRICAL_SURFACE('',#6262,0.005);
#63=CYLINDRICAL_SURFACE('',#6265,0.005);
#64=CYLINDRICAL_SURFACE('',#6268,0.005);
#65=CYLINDRICAL_SURFACE('',#6271,0.005);
#66=CYLINDRICAL_SURFACE('',#6274,0.005);
#67=CYLINDRICAL_SURFACE('',#6277,0.005);
#68=CYLINDRICAL_SURFACE('',#6300,0.005);
#69=CYLINDRICAL_SURFACE('',#6303,0.005);
#70=CYLINDRICAL_SURFACE('',#6306,0.005);
#71=CYLINDRICAL_SURFACE('',#6309,0.005);
#72=CYLINDRICAL_SURFACE('',#6312,0.005);
#73=CYLINDRICAL_SURFACE('',#6315,0.005);
#74=CYLINDRICAL_SURFACE('',#6318,0.005);
#75=CYLINDRICAL_SURFACE('',#6321,0.005);
#76=CYLINDRICAL_SURFACE('',#6324,0.005);
#77=CYLINDRICAL_SURFACE('',#6327,0.005);
#78=LINE('',#7942,#800);
#79=LINE('',#7944,#801);
#80=LINE('',#7946,#802);
#81=LINE('',#7948,#803);
#82=LINE('',#7950,#804);
#83=LINE('',#7952,#805);
#84=LINE('',#7954,#806);
#85=LINE('',#7958,#807);
#86=LINE('',#7962,#808);
#87=LINE('',#7967,#809);
#88=LINE('',#7971,#810);
#89=LINE('',#7975,#811);
#90=LINE('',#7979,#812);
#91=LINE('',#7981,#813);
#92=LINE('',#7984,#814);
#93=LINE('',#7986,#815);
#94=LINE('',#7988,#816);
#95=LINE('',#7990,#817);
#96=LINE('',#7992,#818);
#97=LINE('',#7994,#819);
#98=LINE('',#7996,#820);
#99=LINE('',#7998,#821);
#100=LINE('',#7999,#822);
#101=LINE('',#8001,#823);
#102=LINE('',#8003,#824);
#103=LINE('',#8006,#825);
#104=LINE('',#8008,#826);
#105=LINE('',#8009,#827);
#106=LINE('',#8011,#828);
#107=LINE('',#8013,#829);
#108=LINE('',#8015,#830);
#109=LINE('',#8018,#831);
#110=LINE('',#8020,#832);
#111=LINE('',#8021,#833);
#112=LINE('',#8022,#834);
#113=LINE('',#8024,#835);
#114=LINE('',#8027,#836);
#115=LINE('',#8031,#837);
#116=LINE('',#8033,#838);
#117=LINE('',#8036,#839);
#118=LINE('',#8037,#840);
#119=LINE('',#8039,#841);
#120=LINE('',#8042,#842);
#121=LINE('',#8043,#843);
#122=LINE('',#8045,#844);
#123=LINE('',#8048,#845);
#124=LINE('',#8050,#846);
#125=LINE('',#8052,#847);
#126=LINE('',#8053,#848);
#127=LINE('',#8056,#849);
#128=LINE('',#8058,#850);
#129=LINE('',#8060,#851);
#130=LINE('',#8061,#852);
#131=LINE('',#8064,#853);
#132=LINE('',#8066,#854);
#133=LINE('',#8068,#855);
#134=LINE('',#8069,#856);
#135=LINE('',#8072,#857);
#136=LINE('',#8074,#858);
#137=LINE('',#8076,#859);
#138=LINE('',#8077,#860);
#139=LINE('',#8080,#861);
#140=LINE('',#8082,#862);
#141=LINE('',#8084,#863);
#142=LINE('',#8085,#864);
#143=LINE('',#8088,#865);
#144=LINE('',#8090,#866);
#145=LINE('',#8092,#867);
#146=LINE('',#8093,#868);
#147=LINE('',#8096,#869);
#148=LINE('',#8098,#870);
#149=LINE('',#8100,#871);
#150=LINE('',#8101,#872);
#151=LINE('',#8104,#873);
#152=LINE('',#8106,#874);
#153=LINE('',#8108,#875);
#154=LINE('',#8109,#876);
#155=LINE('',#8112,#877);
#156=LINE('',#8114,#878);
#157=LINE('',#8116,#879);
#158=LINE('',#8117,#880);
#159=LINE('',#8120,#881);
#160=LINE('',#8122,#882);
#161=LINE('',#8124,#883);
#162=LINE('',#8125,#884);
#163=LINE('',#8128,#885);
#164=LINE('',#8130,#886);
#165=LINE('',#8132,#887);
#166=LINE('',#8133,#888);
#167=LINE('',#8136,#889);
#168=LINE('',#8138,#890);
#169=LINE('',#8140,#891);
#170=LINE('',#8141,#892);
#171=LINE('',#8144,#893);
#172=LINE('',#8146,#894);
#173=LINE('',#8148,#895);
#174=LINE('',#8149,#896);
#175=LINE('',#8152,#897);
#176=LINE('',#8154,#898);
#177=LINE('',#8156,#899);
#178=LINE('',#8157,#900);
#179=LINE('',#8160,#901);
#180=LINE('',#8162,#902);
#181=LINE('',#8164,#903);
#182=LINE('',#8165,#904);
#183=LINE('',#8168,#905);
#184=LINE('',#8170,#906);
#185=LINE('',#8172,#907);
#186=LINE('',#8173,#908);
#187=LINE('',#8176,#909);
#188=LINE('',#8178,#910);
#189=LINE('',#8180,#911);
#190=LINE('',#8181,#912);
#191=LINE('',#8184,#913);
#192=LINE('',#8186,#914);
#193=LINE('',#8188,#915);
#194=LINE('',#8189,#916);
#195=LINE('',#8192,#917);
#196=LINE('',#8194,#918);
#197=LINE('',#8196,#919);
#198=LINE('',#8197,#920);
#199=LINE('',#8200,#921);
#200=LINE('',#8202,#922);
#201=LINE('',#8204,#923);
#202=LINE('',#8205,#924);
#203=LINE('',#8206,#925);
#204=LINE('',#8207,#926);
#205=LINE('',#8209,#927);
#206=LINE('',#8211,#928);
#207=LINE('',#8213,#929);
#208=LINE('',#8217,#930);
#209=LINE('',#8219,#931);
#210=LINE('',#8221,#932);
#211=LINE('',#8223,#933);
#212=LINE('',#8225,#934);
#213=LINE('',#8229,#935);
#214=LINE('',#8233,#936);
#215=LINE('',#8235,#937);
#216=LINE('',#8239,#938);
#217=LINE('',#8241,#939);
#218=LINE('',#8243,#940);
#219=LINE('',#8245,#941);
#220=LINE('',#8247,#942);
#221=LINE('',#8249,#943);
#222=LINE('',#8251,#944);
#223=LINE('',#8253,#945);
#224=LINE('',#8255,#946);
#225=LINE('',#8256,#947);
#226=LINE('',#8262,#948);
#227=LINE('',#8263,#949);
#228=LINE('',#8275,#950);
#229=LINE('',#8277,#951);
#230=LINE('',#8279,#952);
#231=LINE('',#8281,#953);
#232=LINE('',#8283,#954);
#233=LINE('',#8285,#955);
#234=LINE('',#8287,#956);
#235=LINE('',#8289,#957);
#236=LINE('',#8292,#958);
#237=LINE('',#8294,#959);
#238=LINE('',#8296,#960);
#239=LINE('',#8298,#961);
#240=LINE('',#8300,#962);
#241=LINE('',#8302,#963);
#242=LINE('',#8304,#964);
#243=LINE('',#8306,#965);
#244=LINE('',#8309,#966);
#245=LINE('',#8311,#967);
#246=LINE('',#8313,#968);
#247=LINE('',#8315,#969);
#248=LINE('',#8317,#970);
#249=LINE('',#8319,#971);
#250=LINE('',#8321,#972);
#251=LINE('',#8323,#973);
#252=LINE('',#8326,#974);
#253=LINE('',#8328,#975);
#254=LINE('',#8330,#976);
#255=LINE('',#8332,#977);
#256=LINE('',#8334,#978);
#257=LINE('',#8336,#979);
#258=LINE('',#8338,#980);
#259=LINE('',#8340,#981);
#260=LINE('',#8343,#982);
#261=LINE('',#8345,#983);
#262=LINE('',#8347,#984);
#263=LINE('',#8349,#985);
#264=LINE('',#8351,#986);
#265=LINE('',#8353,#987);
#266=LINE('',#8355,#988);
#267=LINE('',#8357,#989);
#268=LINE('',#8360,#990);
#269=LINE('',#8362,#991);
#270=LINE('',#8364,#992);
#271=LINE('',#8366,#993);
#272=LINE('',#8368,#994);
#273=LINE('',#8370,#995);
#274=LINE('',#8372,#996);
#275=LINE('',#8374,#997);
#276=LINE('',#8377,#998);
#277=LINE('',#8379,#999);
#278=LINE('',#8381,#1000);
#279=LINE('',#8383,#1001);
#280=LINE('',#8385,#1002);
#281=LINE('',#8387,#1003);
#282=LINE('',#8389,#1004);
#283=LINE('',#8391,#1005);
#284=LINE('',#8394,#1006);
#285=LINE('',#8396,#1007);
#286=LINE('',#8398,#1008);
#287=LINE('',#8400,#1009);
#288=LINE('',#8402,#1010);
#289=LINE('',#8404,#1011);
#290=LINE('',#8406,#1012);
#291=LINE('',#8408,#1013);
#292=LINE('',#8411,#1014);
#293=LINE('',#8413,#1015);
#294=LINE('',#8415,#1016);
#295=LINE('',#8417,#1017);
#296=LINE('',#8419,#1018);
#297=LINE('',#8421,#1019);
#298=LINE('',#8423,#1020);
#299=LINE('',#8425,#1021);
#300=LINE('',#8428,#1022);
#301=LINE('',#8430,#1023);
#302=LINE('',#8432,#1024);
#303=LINE('',#8434,#1025);
#304=LINE('',#8436,#1026);
#305=LINE('',#8438,#1027);
#306=LINE('',#8440,#1028);
#307=LINE('',#8442,#1029);
#308=LINE('',#8445,#1030);
#309=LINE('',#8447,#1031);
#310=LINE('',#8449,#1032);
#311=LINE('',#8451,#1033);
#312=LINE('',#8453,#1034);
#313=LINE('',#8455,#1035);
#314=LINE('',#8457,#1036);
#315=LINE('',#8459,#1037);
#316=LINE('',#8462,#1038);
#317=LINE('',#8464,#1039);
#318=LINE('',#8466,#1040);
#319=LINE('',#8468,#1041);
#320=LINE('',#8470,#1042);
#321=LINE('',#8472,#1043);
#322=LINE('',#8474,#1044);
#323=LINE('',#8476,#1045);
#324=LINE('',#8479,#1046);
#325=LINE('',#8481,#1047);
#326=LINE('',#8483,#1048);
#327=LINE('',#8485,#1049);
#328=LINE('',#8487,#1050);
#329=LINE('',#8489,#1051);
#330=LINE('',#8491,#1052);
#331=LINE('',#8493,#1053);
#332=LINE('',#8496,#1054);
#333=LINE('',#8498,#1055);
#334=LINE('',#8500,#1056);
#335=LINE('',#8502,#1057);
#336=LINE('',#8504,#1058);
#337=LINE('',#8506,#1059);
#338=LINE('',#8508,#1060);
#339=LINE('',#8510,#1061);
#340=LINE('',#8513,#1062);
#341=LINE('',#8515,#1063);
#342=LINE('',#8517,#1064);
#343=LINE('',#8519,#1065);
#344=LINE('',#8521,#1066);
#345=LINE('',#8523,#1067);
#346=LINE('',#8525,#1068);
#347=LINE('',#8527,#1069);
#348=LINE('',#8530,#1070);
#349=LINE('',#8532,#1071);
#350=LINE('',#8534,#1072);
#351=LINE('',#8536,#1073);
#352=LINE('',#8538,#1074);
#353=LINE('',#8540,#1075);
#354=LINE('',#8542,#1076);
#355=LINE('',#8544,#1077);
#356=LINE('',#8547,#1078);
#357=LINE('',#8549,#1079);
#358=LINE('',#8551,#1080);
#359=LINE('',#8553,#1081);
#360=LINE('',#8555,#1082);
#361=LINE('',#8557,#1083);
#362=LINE('',#8559,#1084);
#363=LINE('',#8561,#1085);
#364=LINE('',#8564,#1086);
#365=LINE('',#8566,#1087);
#366=LINE('',#8568,#1088);
#367=LINE('',#8570,#1089);
#368=LINE('',#8572,#1090);
#369=LINE('',#8574,#1091);
#370=LINE('',#8576,#1092);
#371=LINE('',#8578,#1093);
#372=LINE('',#8581,#1094);
#373=LINE('',#8583,#1095);
#374=LINE('',#8585,#1096);
#375=LINE('',#8587,#1097);
#376=LINE('',#8589,#1098);
#377=LINE('',#8591,#1099);
#378=LINE('',#8593,#1100);
#379=LINE('',#8595,#1101);
#380=LINE('',#8598,#1102);
#381=LINE('',#8600,#1103);
#382=LINE('',#8602,#1104);
#383=LINE('',#8604,#1105);
#384=LINE('',#8606,#1106);
#385=LINE('',#8608,#1107);
#386=LINE('',#8610,#1108);
#387=LINE('',#8612,#1109);
#388=LINE('',#8616,#1110);
#389=LINE('',#8619,#1111);
#390=LINE('',#8621,#1112);
#391=LINE('',#8623,#1113);
#392=LINE('',#8625,#1114);
#393=LINE('',#8628,#1115);
#394=LINE('',#8630,#1116);
#395=LINE('',#8632,#1117);
#396=LINE('',#8634,#1118);
#397=LINE('',#8637,#1119);
#398=LINE('',#8639,#1120);
#399=LINE('',#8641,#1121);
#400=LINE('',#8643,#1122);
#401=LINE('',#8646,#1123);
#402=LINE('',#8648,#1124);
#403=LINE('',#8650,#1125);
#404=LINE('',#8652,#1126);
#405=LINE('',#8655,#1127);
#406=LINE('',#8657,#1128);
#407=LINE('',#8659,#1129);
#408=LINE('',#8661,#1130);
#409=LINE('',#8664,#1131);
#410=LINE('',#8666,#1132);
#411=LINE('',#8668,#1133);
#412=LINE('',#8670,#1134);
#413=LINE('',#8673,#1135);
#414=LINE('',#8675,#1136);
#415=LINE('',#8677,#1137);
#416=LINE('',#8679,#1138);
#417=LINE('',#8682,#1139);
#418=LINE('',#8684,#1140);
#419=LINE('',#8686,#1141);
#420=LINE('',#8688,#1142);
#421=LINE('',#8691,#1143);
#422=LINE('',#8693,#1144);
#423=LINE('',#8695,#1145);
#424=LINE('',#8697,#1146);
#425=LINE('',#8700,#1147);
#426=LINE('',#8702,#1148);
#427=LINE('',#8704,#1149);
#428=LINE('',#8706,#1150);
#429=LINE('',#8708,#1151);
#430=LINE('',#8710,#1152);
#431=LINE('',#8712,#1153);
#432=LINE('',#8714,#1154);
#433=LINE('',#8716,#1155);
#434=LINE('',#8718,#1156);
#435=LINE('',#8720,#1157);
#436=LINE('',#8722,#1158);
#437=LINE('',#8724,#1159);
#438=LINE('',#8726,#1160);
#439=LINE('',#8728,#1161);
#440=LINE('',#8730,#1162);
#441=LINE('',#8732,#1163);
#442=LINE('',#8734,#1164);
#443=LINE('',#8736,#1165);
#444=LINE('',#8738,#1166);
#445=LINE('',#8740,#1167);
#446=LINE('',#8742,#1168);
#447=LINE('',#8744,#1169);
#448=LINE('',#8746,#1170);
#449=LINE('',#8748,#1171);
#450=LINE('',#8750,#1172);
#451=LINE('',#8752,#1173);
#452=LINE('',#8754,#1174);
#453=LINE('',#8756,#1175);
#454=LINE('',#8758,#1176);
#455=LINE('',#8760,#1177);
#456=LINE('',#8762,#1178);
#457=LINE('',#8764,#1179);
#458=LINE('',#8766,#1180);
#459=LINE('',#8768,#1181);
#460=LINE('',#8770,#1182);
#461=LINE('',#8772,#1183);
#462=LINE('',#8774,#1184);
#463=LINE('',#8776,#1185);
#464=LINE('',#8778,#1186);
#465=LINE('',#8780,#1187);
#466=LINE('',#8782,#1188);
#467=LINE('',#8784,#1189);
#468=LINE('',#8786,#1190);
#469=LINE('',#8788,#1191);
#470=LINE('',#8790,#1192);
#471=LINE('',#8792,#1193);
#472=LINE('',#8794,#1194);
#473=LINE('',#8796,#1195);
#474=LINE('',#8798,#1196);
#475=LINE('',#8800,#1197);
#476=LINE('',#8802,#1198);
#477=LINE('',#8804,#1199);
#478=LINE('',#8806,#1200);
#479=LINE('',#8808,#1201);
#480=LINE('',#8810,#1202);
#481=LINE('',#8812,#1203);
#482=LINE('',#8814,#1204);
#483=LINE('',#8816,#1205);
#484=LINE('',#8818,#1206);
#485=LINE('',#8820,#1207);
#486=LINE('',#8822,#1208);
#487=LINE('',#8824,#1209);
#488=LINE('',#8830,#1210);
#489=LINE('',#8836,#1211);
#490=LINE('',#8842,#1212);
#491=LINE('',#8848,#1213);
#492=LINE('',#8854,#1214);
#493=LINE('',#8860,#1215);
#494=LINE('',#8866,#1216);
#495=LINE('',#8872,#1217);
#496=LINE('',#8878,#1218);
#497=LINE('',#8884,#1219);
#498=LINE('',#8886,#1220);
#499=LINE('',#8888,#1221);
#500=LINE('',#8890,#1222);
#501=LINE('',#8892,#1223);
#502=LINE('',#8894,#1224);
#503=LINE('',#8896,#1225);
#504=LINE('',#8898,#1226);
#505=LINE('',#8900,#1227);
#506=LINE('',#8902,#1228);
#507=LINE('',#8904,#1229);
#508=LINE('',#8906,#1230);
#509=LINE('',#8908,#1231);
#510=LINE('',#8910,#1232);
#511=LINE('',#8912,#1233);
#512=LINE('',#8914,#1234);
#513=LINE('',#8916,#1235);
#514=LINE('',#8918,#1236);
#515=LINE('',#8920,#1237);
#516=LINE('',#8922,#1238);
#517=LINE('',#8924,#1239);
#518=LINE('',#8926,#1240);
#519=LINE('',#8928,#1241);
#520=LINE('',#8930,#1242);
#521=LINE('',#8932,#1243);
#522=LINE('',#8934,#1244);
#523=LINE('',#8936,#1245);
#524=LINE('',#8938,#1246);
#525=LINE('',#8940,#1247);
#526=LINE('',#8942,#1248);
#527=LINE('',#8944,#1249);
#528=LINE('',#8946,#1250);
#529=LINE('',#8949,#1251);
#530=LINE('',#8951,#1252);
#531=LINE('',#8953,#1253);
#532=LINE('',#8955,#1254);
#533=LINE('',#8958,#1255);
#534=LINE('',#8960,#1256);
#535=LINE('',#8962,#1257);
#536=LINE('',#8964,#1258);
#537=LINE('',#8967,#1259);
#538=LINE('',#8969,#1260);
#539=LINE('',#8971,#1261);
#540=LINE('',#8973,#1262);
#541=LINE('',#8976,#1263);
#542=LINE('',#8978,#1264);
#543=LINE('',#8980,#1265);
#544=LINE('',#8982,#1266);
#545=LINE('',#8985,#1267);
#546=LINE('',#8987,#1268);
#547=LINE('',#8989,#1269);
#548=LINE('',#8991,#1270);
#549=LINE('',#8994,#1271);
#550=LINE('',#8996,#1272);
#551=LINE('',#8998,#1273);
#552=LINE('',#9000,#1274);
#553=LINE('',#9003,#1275);
#554=LINE('',#9005,#1276);
#555=LINE('',#9007,#1277);
#556=LINE('',#9009,#1278);
#557=LINE('',#9012,#1279);
#558=LINE('',#9014,#1280);
#559=LINE('',#9016,#1281);
#560=LINE('',#9018,#1282);
#561=LINE('',#9021,#1283);
#562=LINE('',#9023,#1284);
#563=LINE('',#9025,#1285);
#564=LINE('',#9027,#1286);
#565=LINE('',#9030,#1287);
#566=LINE('',#9032,#1288);
#567=LINE('',#9034,#1289);
#568=LINE('',#9040,#1290);
#569=LINE('',#9046,#1291);
#570=LINE('',#9052,#1292);
#571=LINE('',#9058,#1293);
#572=LINE('',#9064,#1294);
#573=LINE('',#9070,#1295);
#574=LINE('',#9076,#1296);
#575=LINE('',#9082,#1297);
#576=LINE('',#9088,#1298);
#577=LINE('',#9094,#1299);
#578=LINE('',#9096,#1300);
#579=LINE('',#9098,#1301);
#580=LINE('',#9100,#1302);
#581=LINE('',#9102,#1303);
#582=LINE('',#9104,#1304);
#583=LINE('',#9106,#1305);
#584=LINE('',#9108,#1306);
#585=LINE('',#9110,#1307);
#586=LINE('',#9112,#1308);
#587=LINE('',#9114,#1309);
#588=LINE('',#9116,#1310);
#589=LINE('',#9118,#1311);
#590=LINE('',#9120,#1312);
#591=LINE('',#9122,#1313);
#592=LINE('',#9124,#1314);
#593=LINE('',#9126,#1315);
#594=LINE('',#9128,#1316);
#595=LINE('',#9130,#1317);
#596=LINE('',#9132,#1318);
#597=LINE('',#9134,#1319);
#598=LINE('',#9136,#1320);
#599=LINE('',#9138,#1321);
#600=LINE('',#9140,#1322);
#601=LINE('',#9142,#1323);
#602=LINE('',#9144,#1324);
#603=LINE('',#9146,#1325);
#604=LINE('',#9148,#1326);
#605=LINE('',#9150,#1327);
#606=LINE('',#9152,#1328);
#607=LINE('',#9154,#1329);
#608=LINE('',#9156,#1330);
#609=LINE('',#9158,#1331);
#610=LINE('',#9160,#1332);
#611=LINE('',#9162,#1333);
#612=LINE('',#9164,#1334);
#613=LINE('',#9166,#1335);
#614=LINE('',#9168,#1336);
#615=LINE('',#9170,#1337);
#616=LINE('',#9172,#1338);
#617=LINE('',#9174,#1339);
#618=LINE('',#9176,#1340);
#619=LINE('',#9178,#1341);
#620=LINE('',#9180,#1342);
#621=LINE('',#9182,#1343);
#622=LINE('',#9184,#1344);
#623=LINE('',#9186,#1345);
#624=LINE('',#9188,#1346);
#625=LINE('',#9190,#1347);
#626=LINE('',#9192,#1348);
#627=LINE('',#9194,#1349);
#628=LINE('',#9196,#1350);
#629=LINE('',#9198,#1351);
#630=LINE('',#9200,#1352);
#631=LINE('',#9202,#1353);
#632=LINE('',#9204,#1354);
#633=LINE('',#9206,#1355);
#634=LINE('',#9208,#1356);
#635=LINE('',#9210,#1357);
#636=LINE('',#9212,#1358);
#637=LINE('',#9214,#1359);
#638=LINE('',#9216,#1360);
#639=LINE('',#9218,#1361);
#640=LINE('',#9220,#1362);
#641=LINE('',#9222,#1363);
#642=LINE('',#9224,#1364);
#643=LINE('',#9226,#1365);
#644=LINE('',#9228,#1366);
#645=LINE('',#9230,#1367);
#646=LINE('',#9232,#1368);
#647=LINE('',#9234,#1369);
#648=LINE('',#9236,#1370);
#649=LINE('',#9238,#1371);
#650=LINE('',#9240,#1372);
#651=LINE('',#9242,#1373);
#652=LINE('',#9244,#1374);
#653=LINE('',#9246,#1375);
#654=LINE('',#9248,#1376);
#655=LINE('',#9250,#1377);
#656=LINE('',#9252,#1378);
#657=LINE('',#9254,#1379);
#658=LINE('',#9256,#1380);
#659=LINE('',#9258,#1381);
#660=LINE('',#9260,#1382);
#661=LINE('',#9262,#1383);
#662=LINE('',#9264,#1384);
#663=LINE('',#9266,#1385);
#664=LINE('',#9268,#1386);
#665=LINE('',#9270,#1387);
#666=LINE('',#9272,#1388);
#667=LINE('',#9274,#1389);
#668=LINE('',#9276,#1390);
#669=LINE('',#9282,#1391);
#670=LINE('',#9288,#1392);
#671=LINE('',#9294,#1393);
#672=LINE('',#9300,#1394);
#673=LINE('',#9306,#1395);
#674=LINE('',#9312,#1396);
#675=LINE('',#9318,#1397);
#676=LINE('',#9324,#1398);
#677=LINE('',#9330,#1399);
#678=LINE('',#9336,#1400);
#679=LINE('',#9338,#1401);
#680=LINE('',#9340,#1402);
#681=LINE('',#9342,#1403);
#682=LINE('',#9344,#1404);
#683=LINE('',#9346,#1405);
#684=LINE('',#9348,#1406);
#685=LINE('',#9350,#1407);
#686=LINE('',#9352,#1408);
#687=LINE('',#9354,#1409);
#688=LINE('',#9356,#1410);
#689=LINE('',#9358,#1411);
#690=LINE('',#9360,#1412);
#691=LINE('',#9362,#1413);
#692=LINE('',#9364,#1414);
#693=LINE('',#9366,#1415);
#694=LINE('',#9368,#1416);
#695=LINE('',#9370,#1417);
#696=LINE('',#9372,#1418);
#697=LINE('',#9374,#1419);
#698=LINE('',#9376,#1420);
#699=LINE('',#9378,#1421);
#700=LINE('',#9380,#1422);
#701=LINE('',#9382,#1423);
#702=LINE('',#9384,#1424);
#703=LINE('',#9386,#1425);
#704=LINE('',#9388,#1426);
#705=LINE('',#9390,#1427);
#706=LINE('',#9392,#1428);
#707=LINE('',#9394,#1429);
#708=LINE('',#9396,#1430);
#709=LINE('',#9399,#1431);
#710=LINE('',#9401,#1432);
#711=LINE('',#9403,#1433);
#712=LINE('',#9405,#1434);
#713=LINE('',#9408,#1435);
#714=LINE('',#9410,#1436);
#715=LINE('',#9412,#1437);
#716=LINE('',#9414,#1438);
#717=LINE('',#9417,#1439);
#718=LINE('',#9419,#1440);
#719=LINE('',#9421,#1441);
#720=LINE('',#9423,#1442);
#721=LINE('',#9426,#1443);
#722=LINE('',#9428,#1444);
#723=LINE('',#9430,#1445);
#724=LINE('',#9432,#1446);
#725=LINE('',#9435,#1447);
#726=LINE('',#9437,#1448);
#727=LINE('',#9439,#1449);
#728=LINE('',#9441,#1450);
#729=LINE('',#9444,#1451);
#730=LINE('',#9446,#1452);
#731=LINE('',#9448,#1453);
#732=LINE('',#9450,#1454);
#733=LINE('',#9453,#1455);
#734=LINE('',#9455,#1456);
#735=LINE('',#9457,#1457);
#736=LINE('',#9459,#1458);
#737=LINE('',#9462,#1459);
#738=LINE('',#9464,#1460);
#739=LINE('',#9466,#1461);
#740=LINE('',#9468,#1462);
#741=LINE('',#9471,#1463);
#742=LINE('',#9473,#1464);
#743=LINE('',#9475,#1465);
#744=LINE('',#9477,#1466);
#745=LINE('',#9480,#1467);
#746=LINE('',#9482,#1468);
#747=LINE('',#9484,#1469);
#748=LINE('',#9516,#1470);
#749=LINE('',#9519,#1471);
#750=LINE('',#9521,#1472);
#751=LINE('',#9523,#1473);
#752=LINE('',#9525,#1474);
#753=LINE('',#9528,#1475);
#754=LINE('',#9530,#1476);
#755=LINE('',#9532,#1477);
#756=LINE('',#9534,#1478);
#757=LINE('',#9535,#1479);
#758=LINE('',#9537,#1480);
#759=LINE('',#9539,#1481);
#760=LINE('',#9541,#1482);
#761=LINE('',#9542,#1483);
#762=LINE('',#9543,#1484);
#763=LINE('',#9544,#1485);
#764=LINE('',#9545,#1486);
#765=LINE('',#9546,#1487);
#766=LINE('',#9547,#1488);
#767=LINE('',#9548,#1489);
#768=LINE('',#9549,#1490);
#769=LINE('',#9550,#1491);
#770=LINE('',#9551,#1492);
#771=LINE('',#9552,#1493);
#772=LINE('',#9553,#1494);
#773=LINE('',#9554,#1495);
#774=LINE('',#9555,#1496);
#775=LINE('',#9556,#1497);
#776=LINE('',#9557,#1498);
#777=LINE('',#9558,#1499);
#778=LINE('',#9559,#1500);
#779=LINE('',#9560,#1501);
#780=LINE('',#9561,#1502);
#781=LINE('',#9562,#1503);
#782=LINE('',#9563,#1504);
#783=LINE('',#9564,#1505);
#784=LINE('',#9565,#1506);
#785=LINE('',#9566,#1507);
#786=LINE('',#9567,#1508);
#787=LINE('',#9568,#1509);
#788=LINE('',#9569,#1510);
#789=LINE('',#9570,#1511);
#790=LINE('',#9571,#1512);
#791=LINE('',#9572,#1513);
#792=LINE('',#9573,#1514);
#793=LINE('',#9574,#1515);
#794=LINE('',#9575,#1516);
#795=LINE('',#9576,#1517);
#796=LINE('',#9577,#1518);
#797=LINE('',#9578,#1519);
#798=LINE('',#9579,#1520);
#799=LINE('',#9580,#1521);
#800=VECTOR('',#6383,39.3700787401575);
#801=VECTOR('',#6384,39.3700787401575);
#802=VECTOR('',#6385,39.3700787401575);
#803=VECTOR('',#6386,39.3700787401575);
#804=VECTOR('',#6387,39.3700787401575);
#805=VECTOR('',#6388,39.3700787401575);
#806=VECTOR('',#6389,39.3700787401575);
#807=VECTOR('',#6394,39.3700787401575);
#808=VECTOR('',#6397,39.3700787401575);
#809=VECTOR('',#6402,39.3700787401575);
#810=VECTOR('',#6405,39.3700787401575);
#811=VECTOR('',#6410,39.3700787401575);
#812=VECTOR('',#6413,39.3700787401575);
#813=VECTOR('',#6416,39.3700787401575);
#814=VECTOR('',#6417,39.3700787401575);
#815=VECTOR('',#6418,39.3700787401575);
#816=VECTOR('',#6419,39.3700787401575);
#817=VECTOR('',#6420,39.3700787401575);
#818=VECTOR('',#6421,39.3700787401575);
#819=VECTOR('',#6422,39.3700787401575);
#820=VECTOR('',#6423,39.3700787401575);
#821=VECTOR('',#6424,39.3700787401575);
#822=VECTOR('',#6425,39.3700787401575);
#823=VECTOR('',#6426,39.3700787401575);
#824=VECTOR('',#6429,39.3700787401575);
#825=VECTOR('',#6430,39.3700787401575);
#826=VECTOR('',#6431,39.3700787401575);
#827=VECTOR('',#6432,39.3700787401575);
#828=VECTOR('',#6433,39.3700787401575);
#829=VECTOR('',#6434,39.3700787401575);
#830=VECTOR('',#6435,39.3700787401575);
#831=VECTOR('',#6440,39.3700787401575);
#832=VECTOR('',#6441,39.3700787401575);
#833=VECTOR('',#6442,39.3700787401575);
#834=VECTOR('',#6443,39.3700787401575);
#835=VECTOR('',#6444,39.3700787401575);
#836=VECTOR('',#6449,39.3700787401575);
#837=VECTOR('',#6452,39.3700787401575);
#838=VECTOR('',#6455,39.3700787401575);
#839=VECTOR('',#6456,39.3700787401575);
#840=VECTOR('',#6457,39.3700787401575);
#841=VECTOR('',#6460,39.3700787401575);
#842=VECTOR('',#6461,39.3700787401575);
#843=VECTOR('',#6462,39.3700787401575);
#844=VECTOR('',#6465,39.3700787401575);
#845=VECTOR('',#6466,39.3700787401575);
#846=VECTOR('',#6467,39.3700787401575);
#847=VECTOR('',#6468,39.3700787401575);
#848=VECTOR('',#6469,39.3700787401575);
#849=VECTOR('',#6470,39.3700787401575);
#850=VECTOR('',#6471,39.3700787401575);
#851=VECTOR('',#6472,39.3700787401575);
#852=VECTOR('',#6473,39.3700787401575);
#853=VECTOR('',#6474,39.3700787401575);
#854=VECTOR('',#6475,39.3700787401575);
#855=VECTOR('',#6476,39.3700787401575);
#856=VECTOR('',#6477,39.3700787401575);
#857=VECTOR('',#6478,39.3700787401575);
#858=VECTOR('',#6479,39.3700787401575);
#859=VECTOR('',#6480,39.3700787401575);
#860=VECTOR('',#6481,39.3700787401575);
#861=VECTOR('',#6482,39.3700787401575);
#862=VECTOR('',#6483,39.3700787401575);
#863=VECTOR('',#6484,39.3700787401575);
#864=VECTOR('',#6485,39.3700787401575);
#865=VECTOR('',#6486,39.3700787401575);
#866=VECTOR('',#6487,39.3700787401575);
#867=VECTOR('',#6488,39.3700787401575);
#868=VECTOR('',#6489,39.3700787401575);
#869=VECTOR('',#6490,39.3700787401575);
#870=VECTOR('',#6491,39.3700787401575);
#871=VECTOR('',#6492,39.3700787401575);
#872=VECTOR('',#6493,39.3700787401575);
#873=VECTOR('',#6494,39.3700787401575);
#874=VECTOR('',#6495,39.3700787401575);
#875=VECTOR('',#6496,39.3700787401575);
#876=VECTOR('',#6497,39.3700787401575);
#877=VECTOR('',#6498,39.3700787401575);
#878=VECTOR('',#6499,39.3700787401575);
#879=VECTOR('',#6500,39.3700787401575);
#880=VECTOR('',#6501,39.3700787401575);
#881=VECTOR('',#6502,39.3700787401575);
#882=VECTOR('',#6503,39.3700787401575);
#883=VECTOR('',#6504,39.3700787401575);
#884=VECTOR('',#6505,39.3700787401575);
#885=VECTOR('',#6506,39.3700787401575);
#886=VECTOR('',#6507,39.3700787401575);
#887=VECTOR('',#6508,39.3700787401575);
#888=VECTOR('',#6509,39.3700787401575);
#889=VECTOR('',#6510,39.3700787401575);
#890=VECTOR('',#6511,39.3700787401575);
#891=VECTOR('',#6512,39.3700787401575);
#892=VECTOR('',#6513,39.3700787401575);
#893=VECTOR('',#6514,39.3700787401575);
#894=VECTOR('',#6515,39.3700787401575);
#895=VECTOR('',#6516,39.3700787401575);
#896=VECTOR('',#6517,39.3700787401575);
#897=VECTOR('',#6518,39.3700787401575);
#898=VECTOR('',#6519,39.3700787401575);
#899=VECTOR('',#6520,39.3700787401575);
#900=VECTOR('',#6521,39.3700787401575);
#901=VECTOR('',#6522,39.3700787401575);
#902=VECTOR('',#6523,39.3700787401575);
#903=VECTOR('',#6524,39.3700787401575);
#904=VECTOR('',#6525,39.3700787401575);
#905=VECTOR('',#6526,39.3700787401575);
#906=VECTOR('',#6527,39.3700787401575);
#907=VECTOR('',#6528,39.3700787401575);
#908=VECTOR('',#6529,39.3700787401575);
#909=VECTOR('',#6530,39.3700787401575);
#910=VECTOR('',#6531,39.3700787401575);
#911=VECTOR('',#6532,39.3700787401575);
#912=VECTOR('',#6533,39.3700787401575);
#913=VECTOR('',#6534,39.3700787401575);
#914=VECTOR('',#6535,39.3700787401575);
#915=VECTOR('',#6536,39.3700787401575);
#916=VECTOR('',#6537,39.3700787401575);
#917=VECTOR('',#6538,39.3700787401575);
#918=VECTOR('',#6539,39.3700787401575);
#919=VECTOR('',#6540,39.3700787401575);
#920=VECTOR('',#6541,39.3700787401575);
#921=VECTOR('',#6542,39.3700787401575);
#922=VECTOR('',#6543,39.3700787401575);
#923=VECTOR('',#6544,39.3700787401575);
#924=VECTOR('',#6545,39.3700787401575);
#925=VECTOR('',#6546,39.3700787401575);
#926=VECTOR('',#6547,39.3700787401575);
#927=VECTOR('',#6548,39.3700787401575);
#928=VECTOR('',#6549,39.3700787401575);
#929=VECTOR('',#6552,39.3700787401575);
#930=VECTOR('',#6557,39.3700787401575);
#931=VECTOR('',#6558,39.3700787401575);
#932=VECTOR('',#6561,39.3700787401575);
#933=VECTOR('',#6562,39.3700787401575);
#934=VECTOR('',#6563,39.3700787401575);
#935=VECTOR('',#6570,39.3700787401575);
#936=VECTOR('',#6575,39.3700787401575);
#937=VECTOR('',#6576,39.3700787401575);
#938=VECTOR('',#6581,39.3700787401575);
#939=VECTOR('',#6584,39.3700787401575);
#940=VECTOR('',#6585,39.3700787401575);
#941=VECTOR('',#6588,39.3700787401575);
#942=VECTOR('',#6591,39.3700787401575);
#943=VECTOR('',#6594,39.3700787401575);
#944=VECTOR('',#6595,39.3700787401575);
#945=VECTOR('',#6596,39.3700787401575);
#946=VECTOR('',#6599,39.3700787401575);
#947=VECTOR('',#6600,39.3700787401575);
#948=VECTOR('',#6611,39.3700787401575);
#949=VECTOR('',#6612,39.3700787401575);
#950=VECTOR('',#6631,39.3700787401575);
#951=VECTOR('',#6632,39.3700787401575);
#952=VECTOR('',#6633,39.3700787401575);
#953=VECTOR('',#6636,39.3700787401575);
#954=VECTOR('',#6637,39.3700787401575);
#955=VECTOR('',#6640,39.3700787401575);
#956=VECTOR('',#6641,39.3700787401575);
#957=VECTOR('',#6644,39.3700787401575);
#958=VECTOR('',#6649,39.3700787401575);
#959=VECTOR('',#6650,39.3700787401575);
#960=VECTOR('',#6651,39.3700787401575);
#961=VECTOR('',#6654,39.3700787401575);
#962=VECTOR('',#6655,39.3700787401575);
#963=VECTOR('',#6658,39.3700787401575);
#964=VECTOR('',#6659,39.3700787401575);
#965=VECTOR('',#6662,39.3700787401575);
#966=VECTOR('',#6667,39.3700787401575);
#967=VECTOR('',#6668,39.3700787401575);
#968=VECTOR('',#6669,39.3700787401575);
#969=VECTOR('',#6672,39.3700787401575);
#970=VECTOR('',#6673,39.3700787401575);
#971=VECTOR('',#6676,39.3700787401575);
#972=VECTOR('',#6677,39.3700787401575);
#973=VECTOR('',#6680,39.3700787401575);
#974=VECTOR('',#6685,39.3700787401575);
#975=VECTOR('',#6686,39.3700787401575);
#976=VECTOR('',#6687,39.3700787401575);
#977=VECTOR('',#6690,39.3700787401575);
#978=VECTOR('',#6691,39.3700787401575);
#979=VECTOR('',#6694,39.3700787401575);
#980=VECTOR('',#6695,39.3700787401575);
#981=VECTOR('',#6698,39.3700787401575);
#982=VECTOR('',#6703,39.3700787401575);
#983=VECTOR('',#6704,39.3700787401575);
#984=VECTOR('',#6705,39.3700787401575);
#985=VECTOR('',#6708,39.3700787401575);
#986=VECTOR('',#6709,39.3700787401575);
#987=VECTOR('',#6712,39.3700787401575);
#988=VECTOR('',#6713,39.3700787401575);
#989=VECTOR('',#6716,39.3700787401575);
#990=VECTOR('',#6721,39.3700787401575);
#991=VECTOR('',#6722,39.3700787401575);
#992=VECTOR('',#6723,39.3700787401575);
#993=VECTOR('',#6726,39.3700787401575);
#994=VECTOR('',#6727,39.3700787401575);
#995=VECTOR('',#6730,39.3700787401575);
#996=VECTOR('',#6731,39.3700787401575);
#997=VECTOR('',#6734,39.3700787401575);
#998=VECTOR('',#6739,39.3700787401575);
#999=VECTOR('',#6740,39.3700787401575);
#1000=VECTOR('',#6741,39.3700787401575);
#1001=VECTOR('',#6744,39.3700787401575);
#1002=VECTOR('',#6745,39.3700787401575);
#1003=VECTOR('',#6748,39.3700787401575);
#1004=VECTOR('',#6749,39.3700787401575);
#1005=VECTOR('',#6752,39.3700787401575);
#1006=VECTOR('',#6757,39.3700787401575);
#1007=VECTOR('',#6758,39.3700787401575);
#1008=VECTOR('',#6759,39.3700787401575);
#1009=VECTOR('',#6762,39.3700787401575);
#1010=VECTOR('',#6763,39.3700787401575);
#1011=VECTOR('',#6766,39.3700787401575);
#1012=VECTOR('',#6767,39.3700787401575);
#1013=VECTOR('',#6770,39.3700787401575);
#1014=VECTOR('',#6775,39.3700787401575);
#1015=VECTOR('',#6776,39.3700787401575);
#1016=VECTOR('',#6777,39.3700787401575);
#1017=VECTOR('',#6780,39.3700787401575);
#1018=VECTOR('',#6781,39.3700787401575);
#1019=VECTOR('',#6784,39.3700787401575);
#1020=VECTOR('',#6785,39.3700787401575);
#1021=VECTOR('',#6788,39.3700787401575);
#1022=VECTOR('',#6793,39.3700787401575);
#1023=VECTOR('',#6794,39.3700787401575);
#1024=VECTOR('',#6795,39.3700787401575);
#1025=VECTOR('',#6798,39.3700787401575);
#1026=VECTOR('',#6799,39.3700787401575);
#1027=VECTOR('',#6802,39.3700787401575);
#1028=VECTOR('',#6803,39.3700787401575);
#1029=VECTOR('',#6806,39.3700787401575);
#1030=VECTOR('',#6811,39.3700787401575);
#1031=VECTOR('',#6812,39.3700787401575);
#1032=VECTOR('',#6813,39.3700787401575);
#1033=VECTOR('',#6816,39.3700787401575);
#1034=VECTOR('',#6817,39.3700787401575);
#1035=VECTOR('',#6820,39.3700787401575);
#1036=VECTOR('',#6821,39.3700787401575);
#1037=VECTOR('',#6824,39.3700787401575);
#1038=VECTOR('',#6829,39.3700787401575);
#1039=VECTOR('',#6830,39.3700787401575);
#1040=VECTOR('',#6831,39.3700787401575);
#1041=VECTOR('',#6834,39.3700787401575);
#1042=VECTOR('',#6835,39.3700787401575);
#1043=VECTOR('',#6838,39.3700787401575);
#1044=VECTOR('',#6839,39.3700787401575);
#1045=VECTOR('',#6842,39.3700787401575);
#1046=VECTOR('',#6847,39.3700787401575);
#1047=VECTOR('',#6848,39.3700787401575);
#1048=VECTOR('',#6849,39.3700787401575);
#1049=VECTOR('',#6852,39.3700787401575);
#1050=VECTOR('',#6853,39.3700787401575);
#1051=VECTOR('',#6856,39.3700787401575);
#1052=VECTOR('',#6857,39.3700787401575);
#1053=VECTOR('',#6860,39.3700787401575);
#1054=VECTOR('',#6865,39.3700787401575);
#1055=VECTOR('',#6866,39.3700787401575);
#1056=VECTOR('',#6867,39.3700787401575);
#1057=VECTOR('',#6870,39.3700787401575);
#1058=VECTOR('',#6871,39.3700787401575);
#1059=VECTOR('',#6874,39.3700787401575);
#1060=VECTOR('',#6875,39.3700787401575);
#1061=VECTOR('',#6878,39.3700787401575);
#1062=VECTOR('',#6883,39.3700787401575);
#1063=VECTOR('',#6884,39.3700787401575);
#1064=VECTOR('',#6885,39.3700787401575);
#1065=VECTOR('',#6888,39.3700787401575);
#1066=VECTOR('',#6889,39.3700787401575);
#1067=VECTOR('',#6892,39.3700787401575);
#1068=VECTOR('',#6893,39.3700787401575);
#1069=VECTOR('',#6896,39.3700787401575);
#1070=VECTOR('',#6901,39.3700787401575);
#1071=VECTOR('',#6902,39.3700787401575);
#1072=VECTOR('',#6903,39.3700787401575);
#1073=VECTOR('',#6906,39.3700787401575);
#1074=VECTOR('',#6907,39.3700787401575);
#1075=VECTOR('',#6910,39.3700787401575);
#1076=VECTOR('',#6911,39.3700787401575);
#1077=VECTOR('',#6914,39.3700787401575);
#1078=VECTOR('',#6919,39.3700787401575);
#1079=VECTOR('',#6920,39.3700787401575);
#1080=VECTOR('',#6921,39.3700787401575);
#1081=VECTOR('',#6924,39.3700787401575);
#1082=VECTOR('',#6925,39.3700787401575);
#1083=VECTOR('',#6928,39.3700787401575);
#1084=VECTOR('',#6929,39.3700787401575);
#1085=VECTOR('',#6932,39.3700787401575);
#1086=VECTOR('',#6937,39.3700787401575);
#1087=VECTOR('',#6938,39.3700787401575);
#1088=VECTOR('',#6939,39.3700787401575);
#1089=VECTOR('',#6942,39.3700787401575);
#1090=VECTOR('',#6943,39.3700787401575);
#1091=VECTOR('',#6946,39.3700787401575);
#1092=VECTOR('',#6947,39.3700787401575);
#1093=VECTOR('',#6950,39.3700787401575);
#1094=VECTOR('',#6955,39.3700787401575);
#1095=VECTOR('',#6956,39.3700787401575);
#1096=VECTOR('',#6957,39.3700787401575);
#1097=VECTOR('',#6960,39.3700787401575);
#1098=VECTOR('',#6961,39.3700787401575);
#1099=VECTOR('',#6964,39.3700787401575);
#1100=VECTOR('',#6965,39.3700787401575);
#1101=VECTOR('',#6968,39.3700787401575);
#1102=VECTOR('',#6973,39.3700787401575);
#1103=VECTOR('',#6974,39.3700787401575);
#1104=VECTOR('',#6975,39.3700787401575);
#1105=VECTOR('',#6978,39.3700787401575);
#1106=VECTOR('',#6979,39.3700787401575);
#1107=VECTOR('',#6982,39.3700787401575);
#1108=VECTOR('',#6983,39.3700787401575);
#1109=VECTOR('',#6986,39.3700787401575);
#1110=VECTOR('',#6993,39.3700787401575);
#1111=VECTOR('',#6994,39.3700787401575);
#1112=VECTOR('',#6995,39.3700787401575);
#1113=VECTOR('',#6996,39.3700787401575);
#1114=VECTOR('',#6999,39.3700787401575);
#1115=VECTOR('',#7000,39.3700787401575);
#1116=VECTOR('',#7001,39.3700787401575);
#1117=VECTOR('',#7002,39.3700787401575);
#1118=VECTOR('',#7005,39.3700787401575);
#1119=VECTOR('',#7006,39.3700787401575);
#1120=VECTOR('',#7007,39.3700787401575);
#1121=VECTOR('',#7008,39.3700787401575);
#1122=VECTOR('',#7011,39.3700787401575);
#1123=VECTOR('',#7012,39.3700787401575);
#1124=VECTOR('',#7013,39.3700787401575);
#1125=VECTOR('',#7014,39.3700787401575);
#1126=VECTOR('',#7017,39.3700787401575);
#1127=VECTOR('',#7018,39.3700787401575);
#1128=VECTOR('',#7019,39.3700787401575);
#1129=VECTOR('',#7020,39.3700787401575);
#1130=VECTOR('',#7023,39.3700787401575);
#1131=VECTOR('',#7024,39.3700787401575);
#1132=VECTOR('',#7025,39.3700787401575);
#1133=VECTOR('',#7026,39.3700787401575);
#1134=VECTOR('',#7029,39.3700787401575);
#1135=VECTOR('',#7030,39.3700787401575);
#1136=VECTOR('',#7031,39.3700787401575);
#1137=VECTOR('',#7032,39.3700787401575);
#1138=VECTOR('',#7035,39.3700787401575);
#1139=VECTOR('',#7036,39.3700787401575);
#1140=VECTOR('',#7037,39.3700787401575);
#1141=VECTOR('',#7038,39.3700787401575);
#1142=VECTOR('',#7041,39.3700787401575);
#1143=VECTOR('',#7042,39.3700787401575);
#1144=VECTOR('',#7043,39.3700787401575);
#1145=VECTOR('',#7044,39.3700787401575);
#1146=VECTOR('',#7047,39.3700787401575);
#1147=VECTOR('',#7048,39.3700787401575);
#1148=VECTOR('',#7049,39.3700787401575);
#1149=VECTOR('',#7050,39.3700787401575);
#1150=VECTOR('',#7053,39.3700787401575);
#1151=VECTOR('',#7054,39.3700787401575);
#1152=VECTOR('',#7055,39.3700787401575);
#1153=VECTOR('',#7058,39.3700787401575);
#1154=VECTOR('',#7059,39.3700787401575);
#1155=VECTOR('',#7060,39.3700787401575);
#1156=VECTOR('',#7063,39.3700787401575);
#1157=VECTOR('',#7064,39.3700787401575);
#1158=VECTOR('',#7065,39.3700787401575);
#1159=VECTOR('',#7068,39.3700787401575);
#1160=VECTOR('',#7069,39.3700787401575);
#1161=VECTOR('',#7070,39.3700787401575);
#1162=VECTOR('',#7073,39.3700787401575);
#1163=VECTOR('',#7074,39.3700787401575);
#1164=VECTOR('',#7075,39.3700787401575);
#1165=VECTOR('',#7078,39.3700787401575);
#1166=VECTOR('',#7079,39.3700787401575);
#1167=VECTOR('',#7080,39.3700787401575);
#1168=VECTOR('',#7083,39.3700787401575);
#1169=VECTOR('',#7084,39.3700787401575);
#1170=VECTOR('',#7085,39.3700787401575);
#1171=VECTOR('',#7088,39.3700787401575);
#1172=VECTOR('',#7089,39.3700787401575);
#1173=VECTOR('',#7090,39.3700787401575);
#1174=VECTOR('',#7093,39.3700787401575);
#1175=VECTOR('',#7094,39.3700787401575);
#1176=VECTOR('',#7095,39.3700787401575);
#1177=VECTOR('',#7098,39.3700787401575);
#1178=VECTOR('',#7099,39.3700787401575);
#1179=VECTOR('',#7100,39.3700787401575);
#1180=VECTOR('',#7103,39.3700787401575);
#1181=VECTOR('',#7104,39.3700787401575);
#1182=VECTOR('',#7105,39.3700787401575);
#1183=VECTOR('',#7108,39.3700787401575);
#1184=VECTOR('',#7109,39.3700787401575);
#1185=VECTOR('',#7110,39.3700787401575);
#1186=VECTOR('',#7113,39.3700787401575);
#1187=VECTOR('',#7114,39.3700787401575);
#1188=VECTOR('',#7115,39.3700787401575);
#1189=VECTOR('',#7118,39.3700787401575);
#1190=VECTOR('',#7119,39.3700787401575);
#1191=VECTOR('',#7120,39.3700787401575);
#1192=VECTOR('',#7123,39.3700787401575);
#1193=VECTOR('',#7124,39.3700787401575);
#1194=VECTOR('',#7125,39.3700787401575);
#1195=VECTOR('',#7128,39.3700787401575);
#1196=VECTOR('',#7129,39.3700787401575);
#1197=VECTOR('',#7130,39.3700787401575);
#1198=VECTOR('',#7133,39.3700787401575);
#1199=VECTOR('',#7134,39.3700787401575);
#1200=VECTOR('',#7135,39.3700787401575);
#1201=VECTOR('',#7138,39.3700787401575);
#1202=VECTOR('',#7139,39.3700787401575);
#1203=VECTOR('',#7140,39.3700787401575);
#1204=VECTOR('',#7143,39.3700787401575);
#1205=VECTOR('',#7144,39.3700787401575);
#1206=VECTOR('',#7145,39.3700787401575);
#1207=VECTOR('',#7148,39.3700787401575);
#1208=VECTOR('',#7149,39.3700787401575);
#1209=VECTOR('',#7150,39.3700787401575);
#1210=VECTOR('',#7157,39.3700787401575);
#1211=VECTOR('',#7164,39.3700787401575);
#1212=VECTOR('',#7171,39.3700787401575);
#1213=VECTOR('',#7178,39.3700787401575);
#1214=VECTOR('',#7185,39.3700787401575);
#1215=VECTOR('',#7192,39.3700787401575);
#1216=VECTOR('',#7199,39.3700787401575);
#1217=VECTOR('',#7206,39.3700787401575);
#1218=VECTOR('',#7213,39.3700787401575);
#1219=VECTOR('',#7220,39.3700787401575);
#1220=VECTOR('',#7223,39.3700787401575);
#1221=VECTOR('',#7224,39.3700787401575);
#1222=VECTOR('',#7225,39.3700787401575);
#1223=VECTOR('',#7228,39.3700787401575);
#1224=VECTOR('',#7229,39.3700787401575);
#1225=VECTOR('',#7230,39.3700787401575);
#1226=VECTOR('',#7233,39.3700787401575);
#1227=VECTOR('',#7234,39.3700787401575);
#1228=VECTOR('',#7235,39.3700787401575);
#1229=VECTOR('',#7238,39.3700787401575);
#1230=VECTOR('',#7239,39.3700787401575);
#1231=VECTOR('',#7240,39.3700787401575);
#1232=VECTOR('',#7243,39.3700787401575);
#1233=VECTOR('',#7244,39.3700787401575);
#1234=VECTOR('',#7245,39.3700787401575);
#1235=VECTOR('',#7248,39.3700787401575);
#1236=VECTOR('',#7249,39.3700787401575);
#1237=VECTOR('',#7250,39.3700787401575);
#1238=VECTOR('',#7253,39.3700787401575);
#1239=VECTOR('',#7254,39.3700787401575);
#1240=VECTOR('',#7255,39.3700787401575);
#1241=VECTOR('',#7258,39.3700787401575);
#1242=VECTOR('',#7259,39.3700787401575);
#1243=VECTOR('',#7260,39.3700787401575);
#1244=VECTOR('',#7263,39.3700787401575);
#1245=VECTOR('',#7264,39.3700787401575);
#1246=VECTOR('',#7265,39.3700787401575);
#1247=VECTOR('',#7268,39.3700787401575);
#1248=VECTOR('',#7269,39.3700787401575);
#1249=VECTOR('',#7270,39.3700787401575);
#1250=VECTOR('',#7273,39.3700787401575);
#1251=VECTOR('',#7274,39.3700787401575);
#1252=VECTOR('',#7275,39.3700787401575);
#1253=VECTOR('',#7276,39.3700787401575);
#1254=VECTOR('',#7279,39.3700787401575);
#1255=VECTOR('',#7280,39.3700787401575);
#1256=VECTOR('',#7281,39.3700787401575);
#1257=VECTOR('',#7282,39.3700787401575);
#1258=VECTOR('',#7285,39.3700787401575);
#1259=VECTOR('',#7286,39.3700787401575);
#1260=VECTOR('',#7287,39.3700787401575);
#1261=VECTOR('',#7288,39.3700787401575);
#1262=VECTOR('',#7291,39.3700787401575);
#1263=VECTOR('',#7292,39.3700787401575);
#1264=VECTOR('',#7293,39.3700787401575);
#1265=VECTOR('',#7294,39.3700787401575);
#1266=VECTOR('',#7297,39.3700787401575);
#1267=VECTOR('',#7298,39.3700787401575);
#1268=VECTOR('',#7299,39.3700787401575);
#1269=VECTOR('',#7300,39.3700787401575);
#1270=VECTOR('',#7303,39.3700787401575);
#1271=VECTOR('',#7304,39.3700787401575);
#1272=VECTOR('',#7305,39.3700787401575);
#1273=VECTOR('',#7306,39.3700787401575);
#1274=VECTOR('',#7309,39.3700787401575);
#1275=VECTOR('',#7310,39.3700787401575);
#1276=VECTOR('',#7311,39.3700787401575);
#1277=VECTOR('',#7312,39.3700787401575);
#1278=VECTOR('',#7315,39.3700787401575);
#1279=VECTOR('',#7316,39.3700787401575);
#1280=VECTOR('',#7317,39.3700787401575);
#1281=VECTOR('',#7318,39.3700787401575);
#1282=VECTOR('',#7321,39.3700787401575);
#1283=VECTOR('',#7322,39.3700787401575);
#1284=VECTOR('',#7323,39.3700787401575);
#1285=VECTOR('',#7324,39.3700787401575);
#1286=VECTOR('',#7327,39.3700787401575);
#1287=VECTOR('',#7328,39.3700787401575);
#1288=VECTOR('',#7329,39.3700787401575);
#1289=VECTOR('',#7330,39.3700787401575);
#1290=VECTOR('',#7337,39.3700787401575);
#1291=VECTOR('',#7344,39.3700787401575);
#1292=VECTOR('',#7351,39.3700787401575);
#1293=VECTOR('',#7358,39.3700787401575);
#1294=VECTOR('',#7365,39.3700787401575);
#1295=VECTOR('',#7372,39.3700787401575);
#1296=VECTOR('',#7379,39.3700787401575);
#1297=VECTOR('',#7386,39.3700787401575);
#1298=VECTOR('',#7393,39.3700787401575);
#1299=VECTOR('',#7400,39.3700787401575);
#1300=VECTOR('',#7403,39.3700787401575);
#1301=VECTOR('',#7404,39.3700787401575);
#1302=VECTOR('',#7405,39.3700787401575);
#1303=VECTOR('',#7408,39.3700787401575);
#1304=VECTOR('',#7409,39.3700787401575);
#1305=VECTOR('',#7410,39.3700787401575);
#1306=VECTOR('',#7413,39.3700787401575);
#1307=VECTOR('',#7414,39.3700787401575);
#1308=VECTOR('',#7415,39.3700787401575);
#1309=VECTOR('',#7418,39.3700787401575);
#1310=VECTOR('',#7419,39.3700787401575);
#1311=VECTOR('',#7420,39.3700787401575);
#1312=VECTOR('',#7423,39.3700787401575);
#1313=VECTOR('',#7424,39.3700787401575);
#1314=VECTOR('',#7425,39.3700787401575);
#1315=VECTOR('',#7428,39.3700787401575);
#1316=VECTOR('',#7429,39.3700787401575);
#1317=VECTOR('',#7430,39.3700787401575);
#1318=VECTOR('',#7433,39.3700787401575);
#1319=VECTOR('',#7434,39.3700787401575);
#1320=VECTOR('',#7435,39.3700787401575);
#1321=VECTOR('',#7438,39.3700787401575);
#1322=VECTOR('',#7439,39.3700787401575);
#1323=VECTOR('',#7440,39.3700787401575);
#1324=VECTOR('',#7443,39.3700787401575);
#1325=VECTOR('',#7444,39.3700787401575);
#1326=VECTOR('',#7445,39.3700787401575);
#1327=VECTOR('',#7448,39.3700787401575);
#1328=VECTOR('',#7449,39.3700787401575);
#1329=VECTOR('',#7450,39.3700787401575);
#1330=VECTOR('',#7453,39.3700787401575);
#1331=VECTOR('',#7454,39.3700787401575);
#1332=VECTOR('',#7455,39.3700787401575);
#1333=VECTOR('',#7458,39.3700787401575);
#1334=VECTOR('',#7459,39.3700787401575);
#1335=VECTOR('',#7460,39.3700787401575);
#1336=VECTOR('',#7463,39.3700787401575);
#1337=VECTOR('',#7464,39.3700787401575);
#1338=VECTOR('',#7465,39.3700787401575);
#1339=VECTOR('',#7468,39.3700787401575);
#1340=VECTOR('',#7469,39.3700787401575);
#1341=VECTOR('',#7470,39.3700787401575);
#1342=VECTOR('',#7473,39.3700787401575);
#1343=VECTOR('',#7474,39.3700787401575);
#1344=VECTOR('',#7475,39.3700787401575);
#1345=VECTOR('',#7478,39.3700787401575);
#1346=VECTOR('',#7479,39.3700787401575);
#1347=VECTOR('',#7480,39.3700787401575);
#1348=VECTOR('',#7483,39.3700787401575);
#1349=VECTOR('',#7484,39.3700787401575);
#1350=VECTOR('',#7485,39.3700787401575);
#1351=VECTOR('',#7488,39.3700787401575);
#1352=VECTOR('',#7489,39.3700787401575);
#1353=VECTOR('',#7490,39.3700787401575);
#1354=VECTOR('',#7493,39.3700787401575);
#1355=VECTOR('',#7494,39.3700787401575);
#1356=VECTOR('',#7495,39.3700787401575);
#1357=VECTOR('',#7498,39.3700787401575);
#1358=VECTOR('',#7499,39.3700787401575);
#1359=VECTOR('',#7500,39.3700787401575);
#1360=VECTOR('',#7503,39.3700787401575);
#1361=VECTOR('',#7504,39.3700787401575);
#1362=VECTOR('',#7505,39.3700787401575);
#1363=VECTOR('',#7508,39.3700787401575);
#1364=VECTOR('',#7509,39.3700787401575);
#1365=VECTOR('',#7510,39.3700787401575);
#1366=VECTOR('',#7513,39.3700787401575);
#1367=VECTOR('',#7514,39.3700787401575);
#1368=VECTOR('',#7515,39.3700787401575);
#1369=VECTOR('',#7518,39.3700787401575);
#1370=VECTOR('',#7519,39.3700787401575);
#1371=VECTOR('',#7520,39.3700787401575);
#1372=VECTOR('',#7523,39.3700787401575);
#1373=VECTOR('',#7524,39.3700787401575);
#1374=VECTOR('',#7525,39.3700787401575);
#1375=VECTOR('',#7528,39.3700787401575);
#1376=VECTOR('',#7529,39.3700787401575);
#1377=VECTOR('',#7530,39.3700787401575);
#1378=VECTOR('',#7533,39.3700787401575);
#1379=VECTOR('',#7534,39.3700787401575);
#1380=VECTOR('',#7535,39.3700787401575);
#1381=VECTOR('',#7538,39.3700787401575);
#1382=VECTOR('',#7539,39.3700787401575);
#1383=VECTOR('',#7540,39.3700787401575);
#1384=VECTOR('',#7543,39.3700787401575);
#1385=VECTOR('',#7544,39.3700787401575);
#1386=VECTOR('',#7545,39.3700787401575);
#1387=VECTOR('',#7548,39.3700787401575);
#1388=VECTOR('',#7549,39.3700787401575);
#1389=VECTOR('',#7550,39.3700787401575);
#1390=VECTOR('',#7553,39.3700787401575);
#1391=VECTOR('',#7560,39.3700787401575);
#1392=VECTOR('',#7567,39.3700787401575);
#1393=VECTOR('',#7574,39.3700787401575);
#1394=VECTOR('',#7581,39.3700787401575);
#1395=VECTOR('',#7588,39.3700787401575);
#1396=VECTOR('',#7595,39.3700787401575);
#1397=VECTOR('',#7602,39.3700787401575);
#1398=VECTOR('',#7609,39.3700787401575);
#1399=VECTOR('',#7616,39.3700787401575);
#1400=VECTOR('',#7623,39.3700787401575);
#1401=VECTOR('',#7624,39.3700787401575);
#1402=VECTOR('',#7625,39.3700787401575);
#1403=VECTOR('',#7628,39.3700787401575);
#1404=VECTOR('',#7629,39.3700787401575);
#1405=VECTOR('',#7630,39.3700787401575);
#1406=VECTOR('',#7633,39.3700787401575);
#1407=VECTOR('',#7634,39.3700787401575);
#1408=VECTOR('',#7635,39.3700787401575);
#1409=VECTOR('',#7638,39.3700787401575);
#1410=VECTOR('',#7639,39.3700787401575);
#1411=VECTOR('',#7640,39.3700787401575);
#1412=VECTOR('',#7643,39.3700787401575);
#1413=VECTOR('',#7644,39.3700787401575);
#1414=VECTOR('',#7645,39.3700787401575);
#1415=VECTOR('',#7648,39.3700787401575);
#1416=VECTOR('',#7649,39.3700787401575);
#1417=VECTOR('',#7650,39.3700787401575);
#1418=VECTOR('',#7653,39.3700787401575);
#1419=VECTOR('',#7654,39.3700787401575);
#1420=VECTOR('',#7655,39.3700787401575);
#1421=VECTOR('',#7658,39.3700787401575);
#1422=VECTOR('',#7659,39.3700787401575);
#1423=VECTOR('',#7660,39.3700787401575);
#1424=VECTOR('',#7663,39.3700787401575);
#1425=VECTOR('',#7664,39.3700787401575);
#1426=VECTOR('',#7665,39.3700787401575);
#1427=VECTOR('',#7668,39.3700787401575);
#1428=VECTOR('',#7669,39.3700787401575);
#1429=VECTOR('',#7670,39.3700787401575);
#1430=VECTOR('',#7673,39.3700787401575);
#1431=VECTOR('',#7674,39.3700787401575);
#1432=VECTOR('',#7675,39.3700787401575);
#1433=VECTOR('',#7676,39.3700787401575);
#1434=VECTOR('',#7679,39.3700787401575);
#1435=VECTOR('',#7680,39.3700787401575);
#1436=VECTOR('',#7681,39.3700787401575);
#1437=VECTOR('',#7682,39.3700787401575);
#1438=VECTOR('',#7685,39.3700787401575);
#1439=VECTOR('',#7686,39.3700787401575);
#1440=VECTOR('',#7687,39.3700787401575);
#1441=VECTOR('',#7688,39.3700787401575);
#1442=VECTOR('',#7691,39.3700787401575);
#1443=VECTOR('',#7692,39.3700787401575);
#1444=VECTOR('',#7693,39.3700787401575);
#1445=VECTOR('',#7694,39.3700787401575);
#1446=VECTOR('',#7697,39.3700787401575);
#1447=VECTOR('',#7698,39.3700787401575);
#1448=VECTOR('',#7699,39.3700787401575);
#1449=VECTOR('',#7700,39.3700787401575);
#1450=VECTOR('',#7703,39.3700787401575);
#1451=VECTOR('',#7704,39.3700787401575);
#1452=VECTOR('',#7705,39.3700787401575);
#1453=VECTOR('',#7706,39.3700787401575);
#1454=VECTOR('',#7709,39.3700787401575);
#1455=VECTOR('',#7710,39.3700787401575);
#1456=VECTOR('',#7711,39.3700787401575);
#1457=VECTOR('',#7712,39.3700787401575);
#1458=VECTOR('',#7715,39.3700787401575);
#1459=VECTOR('',#7716,39.3700787401575);
#1460=VECTOR('',#7717,39.3700787401575);
#1461=VECTOR('',#7718,39.3700787401575);
#1462=VECTOR('',#7721,39.3700787401575);
#1463=VECTOR('',#7722,39.3700787401575);
#1464=VECTOR('',#7723,39.3700787401575);
#1465=VECTOR('',#7724,39.3700787401575);
#1466=VECTOR('',#7727,39.3700787401575);
#1467=VECTOR('',#7728,39.3700787401575);
#1468=VECTOR('',#7729,39.3700787401575);
#1469=VECTOR('',#7730,39.3700787401575);
#1470=VECTOR('',#7793,39.3700787401575);
#1471=VECTOR('',#7794,39.3700787401575);
#1472=VECTOR('',#7795,39.3700787401575);
#1473=VECTOR('',#7796,39.3700787401575);
#1474=VECTOR('',#7799,39.3700787401575);
#1475=VECTOR('',#7800,39.3700787401575);
#1476=VECTOR('',#7801,39.3700787401575);
#1477=VECTOR('',#7802,39.3700787401575);
#1478=VECTOR('',#7805,39.3700787401575);
#1479=VECTOR('',#7806,39.3700787401575);
#1480=VECTOR('',#7809,39.3700787401575);
#1481=VECTOR('',#7812,39.3700787401575);
#1482=VECTOR('',#7815,39.3700787401575);
#1483=VECTOR('',#7816,39.3700787401575);
#1484=VECTOR('',#7817,39.3700787401575);
#1485=VECTOR('',#7818,39.3700787401575);
#1486=VECTOR('',#7819,39.3700787401575);
#1487=VECTOR('',#7820,39.3700787401575);
#1488=VECTOR('',#7821,39.3700787401575);
#1489=VECTOR('',#7822,39.3700787401575);
#1490=VECTOR('',#7823,39.3700787401575);
#1491=VECTOR('',#7824,39.3700787401575);
#1492=VECTOR('',#7825,39.3700787401575);
#1493=VECTOR('',#7826,39.3700787401575);
#1494=VECTOR('',#7827,39.3700787401575);
#1495=VECTOR('',#7828,39.3700787401575);
#1496=VECTOR('',#7829,39.3700787401575);
#1497=VECTOR('',#7830,39.3700787401575);
#1498=VECTOR('',#7831,39.3700787401575);
#1499=VECTOR('',#7832,39.3700787401575);
#1500=VECTOR('',#7833,39.3700787401575);
#1501=VECTOR('',#7834,39.3700787401575);
#1502=VECTOR('',#7835,39.3700787401575);
#1503=VECTOR('',#7836,39.3700787401575);
#1504=VECTOR('',#7837,39.3700787401575);
#1505=VECTOR('',#7838,39.3700787401575);
#1506=VECTOR('',#7839,39.3700787401575);
#1507=VECTOR('',#7840,39.3700787401575);
#1508=VECTOR('',#7841,39.3700787401575);
#1509=VECTOR('',#7842,39.3700787401575);
#1510=VECTOR('',#7843,39.3700787401575);
#1511=VECTOR('',#7844,39.3700787401575);
#1512=VECTOR('',#7845,39.3700787401575);
#1513=VECTOR('',#7846,39.3700787401575);
#1514=VECTOR('',#7847,39.3700787401575);
#1515=VECTOR('',#7848,39.3700787401575);
#1516=VECTOR('',#7849,39.3700787401575);
#1517=VECTOR('',#7850,39.3700787401575);
#1518=VECTOR('',#7851,39.3700787401575);
#1519=VECTOR('',#7852,39.3700787401575);
#1520=VECTOR('',#7853,39.3700787401575);
#1521=VECTOR('',#7854,39.3700787401575);
#1522=ORIENTED_EDGE('',*,*,#3158,.F.);
#1523=ORIENTED_EDGE('',*,*,#3159,.F.);
#1524=ORIENTED_EDGE('',*,*,#3160,.F.);
#1525=ORIENTED_EDGE('',*,*,#3161,.F.);
#1526=ORIENTED_EDGE('',*,*,#3162,.F.);
#1527=ORIENTED_EDGE('',*,*,#3163,.F.);
#1528=ORIENTED_EDGE('',*,*,#3164,.F.);
#1529=ORIENTED_EDGE('',*,*,#3165,.F.);
#1530=ORIENTED_EDGE('',*,*,#3166,.F.);
#1531=ORIENTED_EDGE('',*,*,#3167,.F.);
#1532=ORIENTED_EDGE('',*,*,#3168,.F.);
#1533=ORIENTED_EDGE('',*,*,#3169,.F.);
#1534=ORIENTED_EDGE('',*,*,#3170,.F.);
#1535=ORIENTED_EDGE('',*,*,#3171,.F.);
#1536=ORIENTED_EDGE('',*,*,#3172,.F.);
#1537=ORIENTED_EDGE('',*,*,#3173,.F.);
#1538=ORIENTED_EDGE('',*,*,#3174,.F.);
#1539=ORIENTED_EDGE('',*,*,#3175,.F.);
#1540=ORIENTED_EDGE('',*,*,#3176,.F.);
#1541=ORIENTED_EDGE('',*,*,#3177,.F.);
#1542=ORIENTED_EDGE('',*,*,#3178,.F.);
#1543=ORIENTED_EDGE('',*,*,#3179,.T.);
#1544=ORIENTED_EDGE('',*,*,#3180,.T.);
#1545=ORIENTED_EDGE('',*,*,#3181,.F.);
#1546=ORIENTED_EDGE('',*,*,#3182,.T.);
#1547=ORIENTED_EDGE('',*,*,#3183,.F.);
#1548=ORIENTED_EDGE('',*,*,#3184,.F.);
#1549=ORIENTED_EDGE('',*,*,#3185,.F.);
#1550=ORIENTED_EDGE('',*,*,#3186,.F.);
#1551=ORIENTED_EDGE('',*,*,#3163,.T.);
#1552=ORIENTED_EDGE('',*,*,#3187,.F.);
#1553=ORIENTED_EDGE('',*,*,#3188,.F.);
#1554=ORIENTED_EDGE('',*,*,#3189,.F.);
#1555=ORIENTED_EDGE('',*,*,#3190,.F.);
#1556=ORIENTED_EDGE('',*,*,#3191,.F.);
#1557=ORIENTED_EDGE('',*,*,#3161,.T.);
#1558=ORIENTED_EDGE('',*,*,#3192,.T.);
#1559=ORIENTED_EDGE('',*,*,#3193,.F.);
#1560=ORIENTED_EDGE('',*,*,#3194,.F.);
#1561=ORIENTED_EDGE('',*,*,#3195,.T.);
#1562=ORIENTED_EDGE('',*,*,#3196,.F.);
#1563=ORIENTED_EDGE('',*,*,#3197,.F.);
#1564=ORIENTED_EDGE('',*,*,#3198,.F.);
#1565=ORIENTED_EDGE('',*,*,#3179,.F.);
#1566=ORIENTED_EDGE('',*,*,#3199,.F.);
#1567=ORIENTED_EDGE('',*,*,#3195,.F.);
#1568=ORIENTED_EDGE('',*,*,#3200,.F.);
#1569=ORIENTED_EDGE('',*,*,#3201,.F.);
#1570=ORIENTED_EDGE('',*,*,#3202,.F.);
#1571=ORIENTED_EDGE('',*,*,#3203,.F.);
#1572=ORIENTED_EDGE('',*,*,#3204,.F.);
#1573=ORIENTED_EDGE('',*,*,#3205,.F.);
#1574=ORIENTED_EDGE('',*,*,#3206,.T.);
#1575=ORIENTED_EDGE('',*,*,#3207,.F.);
#1576=ORIENTED_EDGE('',*,*,#3175,.T.);
#1577=ORIENTED_EDGE('',*,*,#3173,.T.);
#1578=ORIENTED_EDGE('',*,*,#3208,.T.);
#1579=ORIENTED_EDGE('',*,*,#3209,.F.);
#1580=ORIENTED_EDGE('',*,*,#3210,.F.);
#1581=ORIENTED_EDGE('',*,*,#3203,.T.);
#1582=ORIENTED_EDGE('',*,*,#3169,.T.);
#1583=ORIENTED_EDGE('',*,*,#3211,.T.);
#1584=ORIENTED_EDGE('',*,*,#3212,.F.);
#1585=ORIENTED_EDGE('',*,*,#3213,.F.);
#1586=ORIENTED_EDGE('',*,*,#3214,.F.);
#1587=ORIENTED_EDGE('',*,*,#3215,.F.);
#1588=ORIENTED_EDGE('',*,*,#3216,.F.);
#1589=ORIENTED_EDGE('',*,*,#3217,.F.);
#1590=ORIENTED_EDGE('',*,*,#3218,.F.);
#1591=ORIENTED_EDGE('',*,*,#3219,.F.);
#1592=ORIENTED_EDGE('',*,*,#3220,.F.);
#1593=ORIENTED_EDGE('',*,*,#3221,.F.);
#1594=ORIENTED_EDGE('',*,*,#3222,.F.);
#1595=ORIENTED_EDGE('',*,*,#3223,.F.);
#1596=ORIENTED_EDGE('',*,*,#3224,.F.);
#1597=ORIENTED_EDGE('',*,*,#3225,.F.);
#1598=ORIENTED_EDGE('',*,*,#3226,.F.);
#1599=ORIENTED_EDGE('',*,*,#3227,.F.);
#1600=ORIENTED_EDGE('',*,*,#3228,.F.);
#1601=ORIENTED_EDGE('',*,*,#3229,.F.);
#1602=ORIENTED_EDGE('',*,*,#3230,.F.);
#1603=ORIENTED_EDGE('',*,*,#3231,.F.);
#1604=ORIENTED_EDGE('',*,*,#3232,.F.);
#1605=ORIENTED_EDGE('',*,*,#3233,.F.);
#1606=ORIENTED_EDGE('',*,*,#3234,.F.);
#1607=ORIENTED_EDGE('',*,*,#3235,.F.);
#1608=ORIENTED_EDGE('',*,*,#3236,.F.);
#1609=ORIENTED_EDGE('',*,*,#3237,.F.);
#1610=ORIENTED_EDGE('',*,*,#3238,.F.);
#1611=ORIENTED_EDGE('',*,*,#3239,.F.);
#1612=ORIENTED_EDGE('',*,*,#3240,.F.);
#1613=ORIENTED_EDGE('',*,*,#3241,.F.);
#1614=ORIENTED_EDGE('',*,*,#3242,.F.);
#1615=ORIENTED_EDGE('',*,*,#3243,.F.);
#1616=ORIENTED_EDGE('',*,*,#3244,.F.);
#1617=ORIENTED_EDGE('',*,*,#3245,.F.);
#1618=ORIENTED_EDGE('',*,*,#3246,.F.);
#1619=ORIENTED_EDGE('',*,*,#3247,.F.);
#1620=ORIENTED_EDGE('',*,*,#3248,.F.);
#1621=ORIENTED_EDGE('',*,*,#3249,.F.);
#1622=ORIENTED_EDGE('',*,*,#3250,.F.);
#1623=ORIENTED_EDGE('',*,*,#3251,.F.);
#1624=ORIENTED_EDGE('',*,*,#3252,.F.);
#1625=ORIENTED_EDGE('',*,*,#3253,.F.);
#1626=ORIENTED_EDGE('',*,*,#3254,.F.);
#1627=ORIENTED_EDGE('',*,*,#3255,.F.);
#1628=ORIENTED_EDGE('',*,*,#3256,.F.);
#1629=ORIENTED_EDGE('',*,*,#3257,.F.);
#1630=ORIENTED_EDGE('',*,*,#3258,.F.);
#1631=ORIENTED_EDGE('',*,*,#3259,.F.);
#1632=ORIENTED_EDGE('',*,*,#3260,.F.);
#1633=ORIENTED_EDGE('',*,*,#3261,.F.);
#1634=ORIENTED_EDGE('',*,*,#3262,.F.);
#1635=ORIENTED_EDGE('',*,*,#3263,.F.);
#1636=ORIENTED_EDGE('',*,*,#3264,.F.);
#1637=ORIENTED_EDGE('',*,*,#3265,.F.);
#1638=ORIENTED_EDGE('',*,*,#3266,.F.);
#1639=ORIENTED_EDGE('',*,*,#3267,.F.);
#1640=ORIENTED_EDGE('',*,*,#3268,.F.);
#1641=ORIENTED_EDGE('',*,*,#3269,.F.);
#1642=ORIENTED_EDGE('',*,*,#3270,.F.);
#1643=ORIENTED_EDGE('',*,*,#3271,.F.);
#1644=ORIENTED_EDGE('',*,*,#3272,.F.);
#1645=ORIENTED_EDGE('',*,*,#3273,.F.);
#1646=ORIENTED_EDGE('',*,*,#3274,.F.);
#1647=ORIENTED_EDGE('',*,*,#3275,.F.);
#1648=ORIENTED_EDGE('',*,*,#3276,.F.);
#1649=ORIENTED_EDGE('',*,*,#3277,.F.);
#1650=ORIENTED_EDGE('',*,*,#3278,.F.);
#1651=ORIENTED_EDGE('',*,*,#3279,.F.);
#1652=ORIENTED_EDGE('',*,*,#3280,.F.);
#1653=ORIENTED_EDGE('',*,*,#3281,.F.);
#1654=ORIENTED_EDGE('',*,*,#3282,.F.);
#1655=ORIENTED_EDGE('',*,*,#3283,.F.);
#1656=ORIENTED_EDGE('',*,*,#3284,.F.);
#1657=ORIENTED_EDGE('',*,*,#3285,.F.);
#1658=ORIENTED_EDGE('',*,*,#3286,.F.);
#1659=ORIENTED_EDGE('',*,*,#3287,.F.);
#1660=ORIENTED_EDGE('',*,*,#3288,.F.);
#1661=ORIENTED_EDGE('',*,*,#3289,.F.);
#1662=ORIENTED_EDGE('',*,*,#3290,.F.);
#1663=ORIENTED_EDGE('',*,*,#3291,.F.);
#1664=ORIENTED_EDGE('',*,*,#3292,.T.);
#1665=ORIENTED_EDGE('',*,*,#3193,.T.);
#1666=ORIENTED_EDGE('',*,*,#3293,.T.);
#1667=ORIENTED_EDGE('',*,*,#3185,.T.);
#1668=ORIENTED_EDGE('',*,*,#3294,.F.);
#1669=ORIENTED_EDGE('',*,*,#3295,.T.);
#1670=ORIENTED_EDGE('',*,*,#3296,.T.);
#1671=ORIENTED_EDGE('',*,*,#3181,.T.);
#1672=ORIENTED_EDGE('',*,*,#3297,.T.);
#1673=ORIENTED_EDGE('',*,*,#3298,.T.);
#1674=ORIENTED_EDGE('',*,*,#3208,.F.);
#1675=ORIENTED_EDGE('',*,*,#3172,.T.);
#1676=ORIENTED_EDGE('',*,*,#3299,.T.);
#1677=ORIENTED_EDGE('',*,*,#3300,.T.);
#1678=ORIENTED_EDGE('',*,*,#3297,.F.);
#1679=ORIENTED_EDGE('',*,*,#3171,.T.);
#1680=ORIENTED_EDGE('',*,*,#3201,.T.);
#1681=ORIENTED_EDGE('',*,*,#3301,.T.);
#1682=ORIENTED_EDGE('',*,*,#3302,.T.);
#1683=ORIENTED_EDGE('',*,*,#3303,.F.);
#1684=ORIENTED_EDGE('',*,*,#3159,.T.);
#1685=ORIENTED_EDGE('',*,*,#3205,.T.);
#1686=ORIENTED_EDGE('',*,*,#3210,.T.);
#1687=ORIENTED_EDGE('',*,*,#3304,.T.);
#1688=ORIENTED_EDGE('',*,*,#3301,.F.);
#1689=ORIENTED_EDGE('',*,*,#3204,.T.);
#1690=ORIENTED_EDGE('',*,*,#3305,.T.);
#1691=ORIENTED_EDGE('',*,*,#3306,.T.);
#1692=ORIENTED_EDGE('',*,*,#3211,.F.);
#1693=ORIENTED_EDGE('',*,*,#3168,.T.);
#1694=ORIENTED_EDGE('',*,*,#3307,.T.);
#1695=ORIENTED_EDGE('',*,*,#3308,.T.);
#1696=ORIENTED_EDGE('',*,*,#3305,.F.);
#1697=ORIENTED_EDGE('',*,*,#3167,.T.);
#1698=ORIENTED_EDGE('',*,*,#3165,.T.);
#1699=ORIENTED_EDGE('',*,*,#3207,.T.);
#1700=ORIENTED_EDGE('',*,*,#3309,.T.);
#1701=ORIENTED_EDGE('',*,*,#3310,.F.);
#1702=ORIENTED_EDGE('',*,*,#3176,.T.);
#1703=ORIENTED_EDGE('',*,*,#3310,.T.);
#1704=ORIENTED_EDGE('',*,*,#3311,.T.);
#1705=ORIENTED_EDGE('',*,*,#3312,.F.);
#1706=ORIENTED_EDGE('',*,*,#3197,.T.);
#1707=ORIENTED_EDGE('',*,*,#3177,.T.);
#1708=ORIENTED_EDGE('',*,*,#3293,.F.);
#1709=ORIENTED_EDGE('',*,*,#3192,.F.);
#1710=ORIENTED_EDGE('',*,*,#3160,.T.);
#1711=ORIENTED_EDGE('',*,*,#3303,.T.);
#1712=ORIENTED_EDGE('',*,*,#3313,.T.);
#1713=ORIENTED_EDGE('',*,*,#3307,.F.);
#1714=ORIENTED_EDGE('',*,*,#3164,.T.);
#1715=ORIENTED_EDGE('',*,*,#3186,.T.);
#1716=ORIENTED_EDGE('',*,*,#3292,.F.);
#1717=ORIENTED_EDGE('',*,*,#3180,.F.);
#1718=ORIENTED_EDGE('',*,*,#3198,.T.);
#1719=ORIENTED_EDGE('',*,*,#3312,.T.);
#1720=ORIENTED_EDGE('',*,*,#3314,.F.);
#1721=ORIENTED_EDGE('',*,*,#3299,.F.);
#1722=ORIENTED_EDGE('',*,*,#3200,.T.);
#1723=ORIENTED_EDGE('',*,*,#3194,.T.);
#1724=ORIENTED_EDGE('',*,*,#3315,.T.);
#1725=ORIENTED_EDGE('',*,*,#3316,.F.);
#1726=ORIENTED_EDGE('',*,*,#3317,.F.);
#1727=ORIENTED_EDGE('',*,*,#3183,.T.);
#1728=ORIENTED_EDGE('',*,*,#3318,.T.);
#1729=ORIENTED_EDGE('',*,*,#3295,.F.);
#1730=ORIENTED_EDGE('',*,*,#3319,.F.);
#1731=ORIENTED_EDGE('',*,*,#3316,.T.);
#1732=ORIENTED_EDGE('',*,*,#3184,.T.);
#1733=ORIENTED_EDGE('',*,*,#3317,.T.);
#1734=ORIENTED_EDGE('',*,*,#3319,.T.);
#1735=ORIENTED_EDGE('',*,*,#3294,.T.);
#1736=ORIENTED_EDGE('',*,*,#3182,.F.);
#1737=ORIENTED_EDGE('',*,*,#3296,.F.);
#1738=ORIENTED_EDGE('',*,*,#3318,.F.);
#1739=ORIENTED_EDGE('',*,*,#3315,.F.);
#1740=ORIENTED_EDGE('',*,*,#3300,.F.);
#1741=ORIENTED_EDGE('',*,*,#3314,.T.);
#1742=ORIENTED_EDGE('',*,*,#3311,.F.);
#1743=ORIENTED_EDGE('',*,*,#3309,.F.);
#1744=ORIENTED_EDGE('',*,*,#3206,.F.);
#1745=ORIENTED_EDGE('',*,*,#3298,.F.);
#1746=ORIENTED_EDGE('',*,*,#3304,.F.);
#1747=ORIENTED_EDGE('',*,*,#3209,.T.);
#1748=ORIENTED_EDGE('',*,*,#3306,.F.);
#1749=ORIENTED_EDGE('',*,*,#3308,.F.);
#1750=ORIENTED_EDGE('',*,*,#3313,.F.);
#1751=ORIENTED_EDGE('',*,*,#3302,.F.);
#1752=ORIENTED_EDGE('',*,*,#3188,.T.);
#1753=ORIENTED_EDGE('',*,*,#3320,.F.);
#1754=ORIENTED_EDGE('',*,*,#3190,.T.);
#1755=ORIENTED_EDGE('',*,*,#3321,.T.);
#1756=ORIENTED_EDGE('',*,*,#3178,.T.);
#1757=ORIENTED_EDGE('',*,*,#3321,.F.);
#1758=ORIENTED_EDGE('',*,*,#3189,.T.);
#1759=ORIENTED_EDGE('',*,*,#3199,.T.);
#1760=ORIENTED_EDGE('',*,*,#3187,.T.);
#1761=ORIENTED_EDGE('',*,*,#3162,.T.);
#1762=ORIENTED_EDGE('',*,*,#3191,.T.);
#1763=ORIENTED_EDGE('',*,*,#3320,.T.);
#1764=ORIENTED_EDGE('',*,*,#3322,.F.);
#1765=ORIENTED_EDGE('',*,*,#3174,.T.);
#1766=ORIENTED_EDGE('',*,*,#3196,.T.);
#1767=ORIENTED_EDGE('',*,*,#3170,.T.);
#1768=ORIENTED_EDGE('',*,*,#3322,.T.);
#1769=ORIENTED_EDGE('',*,*,#3323,.F.);
#1770=ORIENTED_EDGE('',*,*,#3166,.T.);
#1771=ORIENTED_EDGE('',*,*,#3202,.T.);
#1772=ORIENTED_EDGE('',*,*,#3158,.T.);
#1773=ORIENTED_EDGE('',*,*,#3323,.T.);
#1774=ORIENTED_EDGE('',*,*,#3288,.T.);
#1775=ORIENTED_EDGE('',*,*,#3324,.F.);
#1776=ORIENTED_EDGE('',*,*,#3325,.F.);
#1777=ORIENTED_EDGE('',*,*,#3326,.T.);
#1778=ORIENTED_EDGE('',*,*,#3291,.T.);
#1779=ORIENTED_EDGE('',*,*,#3327,.F.);
#1780=ORIENTED_EDGE('',*,*,#3328,.F.);
#1781=ORIENTED_EDGE('',*,*,#3324,.T.);
#1782=ORIENTED_EDGE('',*,*,#3290,.T.);
#1783=ORIENTED_EDGE('',*,*,#3329,.F.);
#1784=ORIENTED_EDGE('',*,*,#3330,.F.);
#1785=ORIENTED_EDGE('',*,*,#3327,.T.);
#1786=ORIENTED_EDGE('',*,*,#3289,.T.);
#1787=ORIENTED_EDGE('',*,*,#3326,.F.);
#1788=ORIENTED_EDGE('',*,*,#3331,.F.);
#1789=ORIENTED_EDGE('',*,*,#3329,.T.);
#1790=ORIENTED_EDGE('',*,*,#3325,.T.);
#1791=ORIENTED_EDGE('',*,*,#3328,.T.);
#1792=ORIENTED_EDGE('',*,*,#3330,.T.);
#1793=ORIENTED_EDGE('',*,*,#3331,.T.);
#1794=ORIENTED_EDGE('',*,*,#3284,.T.);
#1795=ORIENTED_EDGE('',*,*,#3332,.F.);
#1796=ORIENTED_EDGE('',*,*,#3333,.F.);
#1797=ORIENTED_EDGE('',*,*,#3334,.T.);
#1798=ORIENTED_EDGE('',*,*,#3287,.T.);
#1799=ORIENTED_EDGE('',*,*,#3335,.F.);
#1800=ORIENTED_EDGE('',*,*,#3336,.F.);
#1801=ORIENTED_EDGE('',*,*,#3332,.T.);
#1802=ORIENTED_EDGE('',*,*,#3286,.T.);
#1803=ORIENTED_EDGE('',*,*,#3337,.F.);
#1804=ORIENTED_EDGE('',*,*,#3338,.F.);
#1805=ORIENTED_EDGE('',*,*,#3335,.T.);
#1806=ORIENTED_EDGE('',*,*,#3285,.T.);
#1807=ORIENTED_EDGE('',*,*,#3334,.F.);
#1808=ORIENTED_EDGE('',*,*,#3339,.F.);
#1809=ORIENTED_EDGE('',*,*,#3337,.T.);
#1810=ORIENTED_EDGE('',*,*,#3333,.T.);
#1811=ORIENTED_EDGE('',*,*,#3336,.T.);
#1812=ORIENTED_EDGE('',*,*,#3338,.T.);
#1813=ORIENTED_EDGE('',*,*,#3339,.T.);
#1814=ORIENTED_EDGE('',*,*,#3280,.T.);
#1815=ORIENTED_EDGE('',*,*,#3340,.F.);
#1816=ORIENTED_EDGE('',*,*,#3341,.F.);
#1817=ORIENTED_EDGE('',*,*,#3342,.T.);
#1818=ORIENTED_EDGE('',*,*,#3283,.T.);
#1819=ORIENTED_EDGE('',*,*,#3343,.F.);
#1820=ORIENTED_EDGE('',*,*,#3344,.F.);
#1821=ORIENTED_EDGE('',*,*,#3340,.T.);
#1822=ORIENTED_EDGE('',*,*,#3282,.T.);
#1823=ORIENTED_EDGE('',*,*,#3345,.F.);
#1824=ORIENTED_EDGE('',*,*,#3346,.F.);
#1825=ORIENTED_EDGE('',*,*,#3343,.T.);
#1826=ORIENTED_EDGE('',*,*,#3281,.T.);
#1827=ORIENTED_EDGE('',*,*,#3342,.F.);
#1828=ORIENTED_EDGE('',*,*,#3347,.F.);
#1829=ORIENTED_EDGE('',*,*,#3345,.T.);
#1830=ORIENTED_EDGE('',*,*,#3341,.T.);
#1831=ORIENTED_EDGE('',*,*,#3344,.T.);
#1832=ORIENTED_EDGE('',*,*,#3346,.T.);
#1833=ORIENTED_EDGE('',*,*,#3347,.T.);
#1834=ORIENTED_EDGE('',*,*,#3276,.T.);
#1835=ORIENTED_EDGE('',*,*,#3348,.F.);
#1836=ORIENTED_EDGE('',*,*,#3349,.F.);
#1837=ORIENTED_EDGE('',*,*,#3350,.T.);
#1838=ORIENTED_EDGE('',*,*,#3279,.T.);
#1839=ORIENTED_EDGE('',*,*,#3351,.F.);
#1840=ORIENTED_EDGE('',*,*,#3352,.F.);
#1841=ORIENTED_EDGE('',*,*,#3348,.T.);
#1842=ORIENTED_EDGE('',*,*,#3278,.T.);
#1843=ORIENTED_EDGE('',*,*,#3353,.F.);
#1844=ORIENTED_EDGE('',*,*,#3354,.F.);
#1845=ORIENTED_EDGE('',*,*,#3351,.T.);
#1846=ORIENTED_EDGE('',*,*,#3277,.T.);
#1847=ORIENTED_EDGE('',*,*,#3350,.F.);
#1848=ORIENTED_EDGE('',*,*,#3355,.F.);
#1849=ORIENTED_EDGE('',*,*,#3353,.T.);
#1850=ORIENTED_EDGE('',*,*,#3349,.T.);
#1851=ORIENTED_EDGE('',*,*,#3352,.T.);
#1852=ORIENTED_EDGE('',*,*,#3354,.T.);
#1853=ORIENTED_EDGE('',*,*,#3355,.T.);
#1854=ORIENTED_EDGE('',*,*,#3272,.T.);
#1855=ORIENTED_EDGE('',*,*,#3356,.F.);
#1856=ORIENTED_EDGE('',*,*,#3357,.F.);
#1857=ORIENTED_EDGE('',*,*,#3358,.T.);
#1858=ORIENTED_EDGE('',*,*,#3275,.T.);
#1859=ORIENTED_EDGE('',*,*,#3359,.F.);
#1860=ORIENTED_EDGE('',*,*,#3360,.F.);
#1861=ORIENTED_EDGE('',*,*,#3356,.T.);
#1862=ORIENTED_EDGE('',*,*,#3274,.T.);
#1863=ORIENTED_EDGE('',*,*,#3361,.F.);
#1864=ORIENTED_EDGE('',*,*,#3362,.F.);
#1865=ORIENTED_EDGE('',*,*,#3359,.T.);
#1866=ORIENTED_EDGE('',*,*,#3273,.T.);
#1867=ORIENTED_EDGE('',*,*,#3358,.F.);
#1868=ORIENTED_EDGE('',*,*,#3363,.F.);
#1869=ORIENTED_EDGE('',*,*,#3361,.T.);
#1870=ORIENTED_EDGE('',*,*,#3357,.T.);
#1871=ORIENTED_EDGE('',*,*,#3360,.T.);
#1872=ORIENTED_EDGE('',*,*,#3362,.T.);
#1873=ORIENTED_EDGE('',*,*,#3363,.T.);
#1874=ORIENTED_EDGE('',*,*,#3268,.T.);
#1875=ORIENTED_EDGE('',*,*,#3364,.F.);
#1876=ORIENTED_EDGE('',*,*,#3365,.F.);
#1877=ORIENTED_EDGE('',*,*,#3366,.T.);
#1878=ORIENTED_EDGE('',*,*,#3271,.T.);
#1879=ORIENTED_EDGE('',*,*,#3367,.F.);
#1880=ORIENTED_EDGE('',*,*,#3368,.F.);
#1881=ORIENTED_EDGE('',*,*,#3364,.T.);
#1882=ORIENTED_EDGE('',*,*,#3270,.T.);
#1883=ORIENTED_EDGE('',*,*,#3369,.F.);
#1884=ORIENTED_EDGE('',*,*,#3370,.F.);
#1885=ORIENTED_EDGE('',*,*,#3367,.T.);
#1886=ORIENTED_EDGE('',*,*,#3269,.T.);
#1887=ORIENTED_EDGE('',*,*,#3366,.F.);
#1888=ORIENTED_EDGE('',*,*,#3371,.F.);
#1889=ORIENTED_EDGE('',*,*,#3369,.T.);
#1890=ORIENTED_EDGE('',*,*,#3365,.T.);
#1891=ORIENTED_EDGE('',*,*,#3368,.T.);
#1892=ORIENTED_EDGE('',*,*,#3370,.T.);
#1893=ORIENTED_EDGE('',*,*,#3371,.T.);
#1894=ORIENTED_EDGE('',*,*,#3264,.T.);
#1895=ORIENTED_EDGE('',*,*,#3372,.F.);
#1896=ORIENTED_EDGE('',*,*,#3373,.F.);
#1897=ORIENTED_EDGE('',*,*,#3374,.T.);
#1898=ORIENTED_EDGE('',*,*,#3267,.T.);
#1899=ORIENTED_EDGE('',*,*,#3375,.F.);
#1900=ORIENTED_EDGE('',*,*,#3376,.F.);
#1901=ORIENTED_EDGE('',*,*,#3372,.T.);
#1902=ORIENTED_EDGE('',*,*,#3266,.T.);
#1903=ORIENTED_EDGE('',*,*,#3377,.F.);
#1904=ORIENTED_EDGE('',*,*,#3378,.F.);
#1905=ORIENTED_EDGE('',*,*,#3375,.T.);
#1906=ORIENTED_EDGE('',*,*,#3265,.T.);
#1907=ORIENTED_EDGE('',*,*,#3374,.F.);
#1908=ORIENTED_EDGE('',*,*,#3379,.F.);
#1909=ORIENTED_EDGE('',*,*,#3377,.T.);
#1910=ORIENTED_EDGE('',*,*,#3373,.T.);
#1911=ORIENTED_EDGE('',*,*,#3376,.T.);
#1912=ORIENTED_EDGE('',*,*,#3378,.T.);
#1913=ORIENTED_EDGE('',*,*,#3379,.T.);
#1914=ORIENTED_EDGE('',*,*,#3260,.T.);
#1915=ORIENTED_EDGE('',*,*,#3380,.F.);
#1916=ORIENTED_EDGE('',*,*,#3381,.F.);
#1917=ORIENTED_EDGE('',*,*,#3382,.T.);
#1918=ORIENTED_EDGE('',*,*,#3263,.T.);
#1919=ORIENTED_EDGE('',*,*,#3383,.F.);
#1920=ORIENTED_EDGE('',*,*,#3384,.F.);
#1921=ORIENTED_EDGE('',*,*,#3380,.T.);
#1922=ORIENTED_EDGE('',*,*,#3262,.T.);
#1923=ORIENTED_EDGE('',*,*,#3385,.F.);
#1924=ORIENTED_EDGE('',*,*,#3386,.F.);
#1925=ORIENTED_EDGE('',*,*,#3383,.T.);
#1926=ORIENTED_EDGE('',*,*,#3261,.T.);
#1927=ORIENTED_EDGE('',*,*,#3382,.F.);
#1928=ORIENTED_EDGE('',*,*,#3387,.F.);
#1929=ORIENTED_EDGE('',*,*,#3385,.T.);
#1930=ORIENTED_EDGE('',*,*,#3381,.T.);
#1931=ORIENTED_EDGE('',*,*,#3384,.T.);
#1932=ORIENTED_EDGE('',*,*,#3386,.T.);
#1933=ORIENTED_EDGE('',*,*,#3387,.T.);
#1934=ORIENTED_EDGE('',*,*,#3256,.T.);
#1935=ORIENTED_EDGE('',*,*,#3388,.F.);
#1936=ORIENTED_EDGE('',*,*,#3389,.F.);
#1937=ORIENTED_EDGE('',*,*,#3390,.T.);
#1938=ORIENTED_EDGE('',*,*,#3259,.T.);
#1939=ORIENTED_EDGE('',*,*,#3391,.F.);
#1940=ORIENTED_EDGE('',*,*,#3392,.F.);
#1941=ORIENTED_EDGE('',*,*,#3388,.T.);
#1942=ORIENTED_EDGE('',*,*,#3258,.T.);
#1943=ORIENTED_EDGE('',*,*,#3393,.F.);
#1944=ORIENTED_EDGE('',*,*,#3394,.F.);
#1945=ORIENTED_EDGE('',*,*,#3391,.T.);
#1946=ORIENTED_EDGE('',*,*,#3257,.T.);
#1947=ORIENTED_EDGE('',*,*,#3390,.F.);
#1948=ORIENTED_EDGE('',*,*,#3395,.F.);
#1949=ORIENTED_EDGE('',*,*,#3393,.T.);
#1950=ORIENTED_EDGE('',*,*,#3389,.T.);
#1951=ORIENTED_EDGE('',*,*,#3392,.T.);
#1952=ORIENTED_EDGE('',*,*,#3394,.T.);
#1953=ORIENTED_EDGE('',*,*,#3395,.T.);
#1954=ORIENTED_EDGE('',*,*,#3252,.T.);
#1955=ORIENTED_EDGE('',*,*,#3396,.F.);
#1956=ORIENTED_EDGE('',*,*,#3397,.F.);
#1957=ORIENTED_EDGE('',*,*,#3398,.T.);
#1958=ORIENTED_EDGE('',*,*,#3255,.T.);
#1959=ORIENTED_EDGE('',*,*,#3399,.F.);
#1960=ORIENTED_EDGE('',*,*,#3400,.F.);
#1961=ORIENTED_EDGE('',*,*,#3396,.T.);
#1962=ORIENTED_EDGE('',*,*,#3254,.T.);
#1963=ORIENTED_EDGE('',*,*,#3401,.F.);
#1964=ORIENTED_EDGE('',*,*,#3402,.F.);
#1965=ORIENTED_EDGE('',*,*,#3399,.T.);
#1966=ORIENTED_EDGE('',*,*,#3253,.T.);
#1967=ORIENTED_EDGE('',*,*,#3398,.F.);
#1968=ORIENTED_EDGE('',*,*,#3403,.F.);
#1969=ORIENTED_EDGE('',*,*,#3401,.T.);
#1970=ORIENTED_EDGE('',*,*,#3397,.T.);
#1971=ORIENTED_EDGE('',*,*,#3400,.T.);
#1972=ORIENTED_EDGE('',*,*,#3402,.T.);
#1973=ORIENTED_EDGE('',*,*,#3403,.T.);
#1974=ORIENTED_EDGE('',*,*,#3248,.T.);
#1975=ORIENTED_EDGE('',*,*,#3404,.F.);
#1976=ORIENTED_EDGE('',*,*,#3405,.F.);
#1977=ORIENTED_EDGE('',*,*,#3406,.T.);
#1978=ORIENTED_EDGE('',*,*,#3251,.T.);
#1979=ORIENTED_EDGE('',*,*,#3407,.F.);
#1980=ORIENTED_EDGE('',*,*,#3408,.F.);
#1981=ORIENTED_EDGE('',*,*,#3404,.T.);
#1982=ORIENTED_EDGE('',*,*,#3250,.T.);
#1983=ORIENTED_EDGE('',*,*,#3409,.F.);
#1984=ORIENTED_EDGE('',*,*,#3410,.F.);
#1985=ORIENTED_EDGE('',*,*,#3407,.T.);
#1986=ORIENTED_EDGE('',*,*,#3249,.T.);
#1987=ORIENTED_EDGE('',*,*,#3406,.F.);
#1988=ORIENTED_EDGE('',*,*,#3411,.F.);
#1989=ORIENTED_EDGE('',*,*,#3409,.T.);
#1990=ORIENTED_EDGE('',*,*,#3405,.T.);
#1991=ORIENTED_EDGE('',*,*,#3408,.T.);
#1992=ORIENTED_EDGE('',*,*,#3410,.T.);
#1993=ORIENTED_EDGE('',*,*,#3411,.T.);
#1994=ORIENTED_EDGE('',*,*,#3244,.T.);
#1995=ORIENTED_EDGE('',*,*,#3412,.F.);
#1996=ORIENTED_EDGE('',*,*,#3413,.F.);
#1997=ORIENTED_EDGE('',*,*,#3414,.T.);
#1998=ORIENTED_EDGE('',*,*,#3247,.T.);
#1999=ORIENTED_EDGE('',*,*,#3415,.F.);
#2000=ORIENTED_EDGE('',*,*,#3416,.F.);
#2001=ORIENTED_EDGE('',*,*,#3412,.T.);
#2002=ORIENTED_EDGE('',*,*,#3246,.T.);
#2003=ORIENTED_EDGE('',*,*,#3417,.F.);
#2004=ORIENTED_EDGE('',*,*,#3418,.F.);
#2005=ORIENTED_EDGE('',*,*,#3415,.T.);
#2006=ORIENTED_EDGE('',*,*,#3245,.T.);
#2007=ORIENTED_EDGE('',*,*,#3414,.F.);
#2008=ORIENTED_EDGE('',*,*,#3419,.F.);
#2009=ORIENTED_EDGE('',*,*,#3417,.T.);
#2010=ORIENTED_EDGE('',*,*,#3413,.T.);
#2011=ORIENTED_EDGE('',*,*,#3416,.T.);
#2012=ORIENTED_EDGE('',*,*,#3418,.T.);
#2013=ORIENTED_EDGE('',*,*,#3419,.T.);
#2014=ORIENTED_EDGE('',*,*,#3240,.T.);
#2015=ORIENTED_EDGE('',*,*,#3420,.F.);
#2016=ORIENTED_EDGE('',*,*,#3421,.F.);
#2017=ORIENTED_EDGE('',*,*,#3422,.T.);
#2018=ORIENTED_EDGE('',*,*,#3243,.T.);
#2019=ORIENTED_EDGE('',*,*,#3423,.F.);
#2020=ORIENTED_EDGE('',*,*,#3424,.F.);
#2021=ORIENTED_EDGE('',*,*,#3420,.T.);
#2022=ORIENTED_EDGE('',*,*,#3242,.T.);
#2023=ORIENTED_EDGE('',*,*,#3425,.F.);
#2024=ORIENTED_EDGE('',*,*,#3426,.F.);
#2025=ORIENTED_EDGE('',*,*,#3423,.T.);
#2026=ORIENTED_EDGE('',*,*,#3241,.T.);
#2027=ORIENTED_EDGE('',*,*,#3422,.F.);
#2028=ORIENTED_EDGE('',*,*,#3427,.F.);
#2029=ORIENTED_EDGE('',*,*,#3425,.T.);
#2030=ORIENTED_EDGE('',*,*,#3421,.T.);
#2031=ORIENTED_EDGE('',*,*,#3424,.T.);
#2032=ORIENTED_EDGE('',*,*,#3426,.T.);
#2033=ORIENTED_EDGE('',*,*,#3427,.T.);
#2034=ORIENTED_EDGE('',*,*,#3236,.T.);
#2035=ORIENTED_EDGE('',*,*,#3428,.F.);
#2036=ORIENTED_EDGE('',*,*,#3429,.F.);
#2037=ORIENTED_EDGE('',*,*,#3430,.T.);
#2038=ORIENTED_EDGE('',*,*,#3239,.T.);
#2039=ORIENTED_EDGE('',*,*,#3431,.F.);
#2040=ORIENTED_EDGE('',*,*,#3432,.F.);
#2041=ORIENTED_EDGE('',*,*,#3428,.T.);
#2042=ORIENTED_EDGE('',*,*,#3238,.T.);
#2043=ORIENTED_EDGE('',*,*,#3433,.F.);
#2044=ORIENTED_EDGE('',*,*,#3434,.F.);
#2045=ORIENTED_EDGE('',*,*,#3431,.T.);
#2046=ORIENTED_EDGE('',*,*,#3237,.T.);
#2047=ORIENTED_EDGE('',*,*,#3430,.F.);
#2048=ORIENTED_EDGE('',*,*,#3435,.F.);
#2049=ORIENTED_EDGE('',*,*,#3433,.T.);
#2050=ORIENTED_EDGE('',*,*,#3429,.T.);
#2051=ORIENTED_EDGE('',*,*,#3432,.T.);
#2052=ORIENTED_EDGE('',*,*,#3434,.T.);
#2053=ORIENTED_EDGE('',*,*,#3435,.T.);
#2054=ORIENTED_EDGE('',*,*,#3232,.T.);
#2055=ORIENTED_EDGE('',*,*,#3436,.F.);
#2056=ORIENTED_EDGE('',*,*,#3437,.F.);
#2057=ORIENTED_EDGE('',*,*,#3438,.T.);
#2058=ORIENTED_EDGE('',*,*,#3235,.T.);
#2059=ORIENTED_EDGE('',*,*,#3439,.F.);
#2060=ORIENTED_EDGE('',*,*,#3440,.F.);
#2061=ORIENTED_EDGE('',*,*,#3436,.T.);
#2062=ORIENTED_EDGE('',*,*,#3234,.T.);
#2063=ORIENTED_EDGE('',*,*,#3441,.F.);
#2064=ORIENTED_EDGE('',*,*,#3442,.F.);
#2065=ORIENTED_EDGE('',*,*,#3439,.T.);
#2066=ORIENTED_EDGE('',*,*,#3233,.T.);
#2067=ORIENTED_EDGE('',*,*,#3438,.F.);
#2068=ORIENTED_EDGE('',*,*,#3443,.F.);
#2069=ORIENTED_EDGE('',*,*,#3441,.T.);
#2070=ORIENTED_EDGE('',*,*,#3437,.T.);
#2071=ORIENTED_EDGE('',*,*,#3440,.T.);
#2072=ORIENTED_EDGE('',*,*,#3442,.T.);
#2073=ORIENTED_EDGE('',*,*,#3443,.T.);
#2074=ORIENTED_EDGE('',*,*,#3228,.T.);
#2075=ORIENTED_EDGE('',*,*,#3444,.F.);
#2076=ORIENTED_EDGE('',*,*,#3445,.F.);
#2077=ORIENTED_EDGE('',*,*,#3446,.T.);
#2078=ORIENTED_EDGE('',*,*,#3231,.T.);
#2079=ORIENTED_EDGE('',*,*,#3447,.F.);
#2080=ORIENTED_EDGE('',*,*,#3448,.F.);
#2081=ORIENTED_EDGE('',*,*,#3444,.T.);
#2082=ORIENTED_EDGE('',*,*,#3230,.T.);
#2083=ORIENTED_EDGE('',*,*,#3449,.F.);
#2084=ORIENTED_EDGE('',*,*,#3450,.F.);
#2085=ORIENTED_EDGE('',*,*,#3447,.T.);
#2086=ORIENTED_EDGE('',*,*,#3229,.T.);
#2087=ORIENTED_EDGE('',*,*,#3446,.F.);
#2088=ORIENTED_EDGE('',*,*,#3451,.F.);
#2089=ORIENTED_EDGE('',*,*,#3449,.T.);
#2090=ORIENTED_EDGE('',*,*,#3445,.T.);
#2091=ORIENTED_EDGE('',*,*,#3448,.T.);
#2092=ORIENTED_EDGE('',*,*,#3450,.T.);
#2093=ORIENTED_EDGE('',*,*,#3451,.T.);
#2094=ORIENTED_EDGE('',*,*,#3224,.T.);
#2095=ORIENTED_EDGE('',*,*,#3452,.F.);
#2096=ORIENTED_EDGE('',*,*,#3453,.F.);
#2097=ORIENTED_EDGE('',*,*,#3454,.T.);
#2098=ORIENTED_EDGE('',*,*,#3227,.T.);
#2099=ORIENTED_EDGE('',*,*,#3455,.F.);
#2100=ORIENTED_EDGE('',*,*,#3456,.F.);
#2101=ORIENTED_EDGE('',*,*,#3452,.T.);
#2102=ORIENTED_EDGE('',*,*,#3226,.T.);
#2103=ORIENTED_EDGE('',*,*,#3457,.F.);
#2104=ORIENTED_EDGE('',*,*,#3458,.F.);
#2105=ORIENTED_EDGE('',*,*,#3455,.T.);
#2106=ORIENTED_EDGE('',*,*,#3225,.T.);
#2107=ORIENTED_EDGE('',*,*,#3454,.F.);
#2108=ORIENTED_EDGE('',*,*,#3459,.F.);
#2109=ORIENTED_EDGE('',*,*,#3457,.T.);
#2110=ORIENTED_EDGE('',*,*,#3453,.T.);
#2111=ORIENTED_EDGE('',*,*,#3456,.T.);
#2112=ORIENTED_EDGE('',*,*,#3458,.T.);
#2113=ORIENTED_EDGE('',*,*,#3459,.T.);
#2114=ORIENTED_EDGE('',*,*,#3220,.T.);
#2115=ORIENTED_EDGE('',*,*,#3460,.F.);
#2116=ORIENTED_EDGE('',*,*,#3461,.F.);
#2117=ORIENTED_EDGE('',*,*,#3462,.T.);
#2118=ORIENTED_EDGE('',*,*,#3223,.T.);
#2119=ORIENTED_EDGE('',*,*,#3463,.F.);
#2120=ORIENTED_EDGE('',*,*,#3464,.F.);
#2121=ORIENTED_EDGE('',*,*,#3460,.T.);
#2122=ORIENTED_EDGE('',*,*,#3222,.T.);
#2123=ORIENTED_EDGE('',*,*,#3465,.F.);
#2124=ORIENTED_EDGE('',*,*,#3466,.F.);
#2125=ORIENTED_EDGE('',*,*,#3463,.T.);
#2126=ORIENTED_EDGE('',*,*,#3221,.T.);
#2127=ORIENTED_EDGE('',*,*,#3462,.F.);
#2128=ORIENTED_EDGE('',*,*,#3467,.F.);
#2129=ORIENTED_EDGE('',*,*,#3465,.T.);
#2130=ORIENTED_EDGE('',*,*,#3461,.T.);
#2131=ORIENTED_EDGE('',*,*,#3464,.T.);
#2132=ORIENTED_EDGE('',*,*,#3466,.T.);
#2133=ORIENTED_EDGE('',*,*,#3467,.T.);
#2134=ORIENTED_EDGE('',*,*,#3216,.T.);
#2135=ORIENTED_EDGE('',*,*,#3468,.F.);
#2136=ORIENTED_EDGE('',*,*,#3469,.F.);
#2137=ORIENTED_EDGE('',*,*,#3470,.T.);
#2138=ORIENTED_EDGE('',*,*,#3219,.T.);
#2139=ORIENTED_EDGE('',*,*,#3471,.F.);
#2140=ORIENTED_EDGE('',*,*,#3472,.F.);
#2141=ORIENTED_EDGE('',*,*,#3468,.T.);
#2142=ORIENTED_EDGE('',*,*,#3218,.T.);
#2143=ORIENTED_EDGE('',*,*,#3473,.F.);
#2144=ORIENTED_EDGE('',*,*,#3474,.F.);
#2145=ORIENTED_EDGE('',*,*,#3471,.T.);
#2146=ORIENTED_EDGE('',*,*,#3217,.T.);
#2147=ORIENTED_EDGE('',*,*,#3470,.F.);
#2148=ORIENTED_EDGE('',*,*,#3475,.F.);
#2149=ORIENTED_EDGE('',*,*,#3473,.T.);
#2150=ORIENTED_EDGE('',*,*,#3469,.T.);
#2151=ORIENTED_EDGE('',*,*,#3472,.T.);
#2152=ORIENTED_EDGE('',*,*,#3474,.T.);
#2153=ORIENTED_EDGE('',*,*,#3475,.T.);
#2154=ORIENTED_EDGE('',*,*,#3212,.T.);
#2155=ORIENTED_EDGE('',*,*,#3476,.F.);
#2156=ORIENTED_EDGE('',*,*,#3477,.F.);
#2157=ORIENTED_EDGE('',*,*,#3478,.T.);
#2158=ORIENTED_EDGE('',*,*,#3215,.T.);
#2159=ORIENTED_EDGE('',*,*,#3479,.F.);
#2160=ORIENTED_EDGE('',*,*,#3480,.F.);
#2161=ORIENTED_EDGE('',*,*,#3476,.T.);
#2162=ORIENTED_EDGE('',*,*,#3214,.T.);
#2163=ORIENTED_EDGE('',*,*,#3481,.F.);
#2164=ORIENTED_EDGE('',*,*,#3482,.F.);
#2165=ORIENTED_EDGE('',*,*,#3479,.T.);
#2166=ORIENTED_EDGE('',*,*,#3213,.T.);
#2167=ORIENTED_EDGE('',*,*,#3478,.F.);
#2168=ORIENTED_EDGE('',*,*,#3483,.F.);
#2169=ORIENTED_EDGE('',*,*,#3481,.T.);
#2170=ORIENTED_EDGE('',*,*,#3477,.T.);
#2171=ORIENTED_EDGE('',*,*,#3480,.T.);
#2172=ORIENTED_EDGE('',*,*,#3482,.T.);
#2173=ORIENTED_EDGE('',*,*,#3483,.T.);
#2174=ORIENTED_EDGE('',*,*,#3484,.F.);
#2175=ORIENTED_EDGE('',*,*,#3485,.T.);
#2176=ORIENTED_EDGE('',*,*,#3486,.F.);
#2177=ORIENTED_EDGE('',*,*,#3487,.F.);
#2178=ORIENTED_EDGE('',*,*,#3488,.F.);
#2179=ORIENTED_EDGE('',*,*,#3489,.T.);
#2180=ORIENTED_EDGE('',*,*,#3490,.F.);
#2181=ORIENTED_EDGE('',*,*,#3491,.F.);
#2182=ORIENTED_EDGE('',*,*,#3492,.F.);
#2183=ORIENTED_EDGE('',*,*,#3493,.T.);
#2184=ORIENTED_EDGE('',*,*,#3494,.F.);
#2185=ORIENTED_EDGE('',*,*,#3495,.F.);
#2186=ORIENTED_EDGE('',*,*,#3496,.F.);
#2187=ORIENTED_EDGE('',*,*,#3497,.T.);
#2188=ORIENTED_EDGE('',*,*,#3498,.F.);
#2189=ORIENTED_EDGE('',*,*,#3499,.F.);
#2190=ORIENTED_EDGE('',*,*,#3500,.F.);
#2191=ORIENTED_EDGE('',*,*,#3501,.T.);
#2192=ORIENTED_EDGE('',*,*,#3502,.F.);
#2193=ORIENTED_EDGE('',*,*,#3503,.F.);
#2194=ORIENTED_EDGE('',*,*,#3504,.F.);
#2195=ORIENTED_EDGE('',*,*,#3505,.T.);
#2196=ORIENTED_EDGE('',*,*,#3506,.F.);
#2197=ORIENTED_EDGE('',*,*,#3507,.F.);
#2198=ORIENTED_EDGE('',*,*,#3508,.F.);
#2199=ORIENTED_EDGE('',*,*,#3509,.T.);
#2200=ORIENTED_EDGE('',*,*,#3510,.F.);
#2201=ORIENTED_EDGE('',*,*,#3511,.F.);
#2202=ORIENTED_EDGE('',*,*,#3512,.F.);
#2203=ORIENTED_EDGE('',*,*,#3513,.T.);
#2204=ORIENTED_EDGE('',*,*,#3514,.F.);
#2205=ORIENTED_EDGE('',*,*,#3515,.F.);
#2206=ORIENTED_EDGE('',*,*,#3516,.F.);
#2207=ORIENTED_EDGE('',*,*,#3517,.T.);
#2208=ORIENTED_EDGE('',*,*,#3518,.F.);
#2209=ORIENTED_EDGE('',*,*,#3519,.F.);
#2210=ORIENTED_EDGE('',*,*,#3520,.F.);
#2211=ORIENTED_EDGE('',*,*,#3521,.T.);
#2212=ORIENTED_EDGE('',*,*,#3522,.F.);
#2213=ORIENTED_EDGE('',*,*,#3523,.F.);
#2214=ORIENTED_EDGE('',*,*,#3524,.F.);
#2215=ORIENTED_EDGE('',*,*,#3487,.T.);
#2216=ORIENTED_EDGE('',*,*,#3525,.F.);
#2217=ORIENTED_EDGE('',*,*,#3526,.F.);
#2218=ORIENTED_EDGE('',*,*,#3527,.F.);
#2219=ORIENTED_EDGE('',*,*,#3491,.T.);
#2220=ORIENTED_EDGE('',*,*,#3528,.F.);
#2221=ORIENTED_EDGE('',*,*,#3529,.F.);
#2222=ORIENTED_EDGE('',*,*,#3530,.F.);
#2223=ORIENTED_EDGE('',*,*,#3495,.T.);
#2224=ORIENTED_EDGE('',*,*,#3531,.F.);
#2225=ORIENTED_EDGE('',*,*,#3532,.F.);
#2226=ORIENTED_EDGE('',*,*,#3533,.F.);
#2227=ORIENTED_EDGE('',*,*,#3499,.T.);
#2228=ORIENTED_EDGE('',*,*,#3534,.F.);
#2229=ORIENTED_EDGE('',*,*,#3535,.F.);
#2230=ORIENTED_EDGE('',*,*,#3536,.F.);
#2231=ORIENTED_EDGE('',*,*,#3503,.T.);
#2232=ORIENTED_EDGE('',*,*,#3537,.F.);
#2233=ORIENTED_EDGE('',*,*,#3538,.F.);
#2234=ORIENTED_EDGE('',*,*,#3539,.F.);
#2235=ORIENTED_EDGE('',*,*,#3507,.T.);
#2236=ORIENTED_EDGE('',*,*,#3540,.F.);
#2237=ORIENTED_EDGE('',*,*,#3541,.F.);
#2238=ORIENTED_EDGE('',*,*,#3542,.F.);
#2239=ORIENTED_EDGE('',*,*,#3511,.T.);
#2240=ORIENTED_EDGE('',*,*,#3543,.F.);
#2241=ORIENTED_EDGE('',*,*,#3544,.F.);
#2242=ORIENTED_EDGE('',*,*,#3545,.F.);
#2243=ORIENTED_EDGE('',*,*,#3515,.T.);
#2244=ORIENTED_EDGE('',*,*,#3546,.F.);
#2245=ORIENTED_EDGE('',*,*,#3547,.F.);
#2246=ORIENTED_EDGE('',*,*,#3548,.F.);
#2247=ORIENTED_EDGE('',*,*,#3519,.T.);
#2248=ORIENTED_EDGE('',*,*,#3549,.F.);
#2249=ORIENTED_EDGE('',*,*,#3550,.F.);
#2250=ORIENTED_EDGE('',*,*,#3551,.F.);
#2251=ORIENTED_EDGE('',*,*,#3523,.T.);
#2252=ORIENTED_EDGE('',*,*,#3552,.F.);
#2253=ORIENTED_EDGE('',*,*,#3553,.F.);
#2254=ORIENTED_EDGE('',*,*,#3554,.F.);
#2255=ORIENTED_EDGE('',*,*,#3526,.T.);
#2256=ORIENTED_EDGE('',*,*,#3555,.F.);
#2257=ORIENTED_EDGE('',*,*,#3556,.F.);
#2258=ORIENTED_EDGE('',*,*,#3557,.F.);
#2259=ORIENTED_EDGE('',*,*,#3529,.T.);
#2260=ORIENTED_EDGE('',*,*,#3558,.F.);
#2261=ORIENTED_EDGE('',*,*,#3559,.F.);
#2262=ORIENTED_EDGE('',*,*,#3560,.F.);
#2263=ORIENTED_EDGE('',*,*,#3532,.T.);
#2264=ORIENTED_EDGE('',*,*,#3561,.F.);
#2265=ORIENTED_EDGE('',*,*,#3562,.F.);
#2266=ORIENTED_EDGE('',*,*,#3563,.F.);
#2267=ORIENTED_EDGE('',*,*,#3535,.T.);
#2268=ORIENTED_EDGE('',*,*,#3564,.F.);
#2269=ORIENTED_EDGE('',*,*,#3565,.F.);
#2270=ORIENTED_EDGE('',*,*,#3566,.F.);
#2271=ORIENTED_EDGE('',*,*,#3538,.T.);
#2272=ORIENTED_EDGE('',*,*,#3567,.F.);
#2273=ORIENTED_EDGE('',*,*,#3568,.F.);
#2274=ORIENTED_EDGE('',*,*,#3569,.F.);
#2275=ORIENTED_EDGE('',*,*,#3541,.T.);
#2276=ORIENTED_EDGE('',*,*,#3570,.F.);
#2277=ORIENTED_EDGE('',*,*,#3571,.F.);
#2278=ORIENTED_EDGE('',*,*,#3572,.F.);
#2279=ORIENTED_EDGE('',*,*,#3544,.T.);
#2280=ORIENTED_EDGE('',*,*,#3573,.F.);
#2281=ORIENTED_EDGE('',*,*,#3574,.F.);
#2282=ORIENTED_EDGE('',*,*,#3575,.F.);
#2283=ORIENTED_EDGE('',*,*,#3547,.T.);
#2284=ORIENTED_EDGE('',*,*,#3576,.F.);
#2285=ORIENTED_EDGE('',*,*,#3577,.F.);
#2286=ORIENTED_EDGE('',*,*,#3578,.F.);
#2287=ORIENTED_EDGE('',*,*,#3550,.T.);
#2288=ORIENTED_EDGE('',*,*,#3579,.F.);
#2289=ORIENTED_EDGE('',*,*,#3580,.F.);
#2290=ORIENTED_EDGE('',*,*,#3581,.F.);
#2291=ORIENTED_EDGE('',*,*,#3553,.T.);
#2292=ORIENTED_EDGE('',*,*,#3582,.F.);
#2293=ORIENTED_EDGE('',*,*,#3583,.F.);
#2294=ORIENTED_EDGE('',*,*,#3584,.F.);
#2295=ORIENTED_EDGE('',*,*,#3556,.T.);
#2296=ORIENTED_EDGE('',*,*,#3585,.F.);
#2297=ORIENTED_EDGE('',*,*,#3586,.F.);
#2298=ORIENTED_EDGE('',*,*,#3587,.F.);
#2299=ORIENTED_EDGE('',*,*,#3559,.T.);
#2300=ORIENTED_EDGE('',*,*,#3588,.F.);
#2301=ORIENTED_EDGE('',*,*,#3589,.F.);
#2302=ORIENTED_EDGE('',*,*,#3590,.F.);
#2303=ORIENTED_EDGE('',*,*,#3562,.T.);
#2304=ORIENTED_EDGE('',*,*,#3591,.F.);
#2305=ORIENTED_EDGE('',*,*,#3592,.F.);
#2306=ORIENTED_EDGE('',*,*,#3593,.F.);
#2307=ORIENTED_EDGE('',*,*,#3565,.T.);
#2308=ORIENTED_EDGE('',*,*,#3594,.F.);
#2309=ORIENTED_EDGE('',*,*,#3595,.F.);
#2310=ORIENTED_EDGE('',*,*,#3596,.F.);
#2311=ORIENTED_EDGE('',*,*,#3568,.T.);
#2312=ORIENTED_EDGE('',*,*,#3597,.F.);
#2313=ORIENTED_EDGE('',*,*,#3598,.F.);
#2314=ORIENTED_EDGE('',*,*,#3599,.F.);
#2315=ORIENTED_EDGE('',*,*,#3571,.T.);
#2316=ORIENTED_EDGE('',*,*,#3600,.F.);
#2317=ORIENTED_EDGE('',*,*,#3601,.F.);
#2318=ORIENTED_EDGE('',*,*,#3602,.F.);
#2319=ORIENTED_EDGE('',*,*,#3574,.T.);
#2320=ORIENTED_EDGE('',*,*,#3603,.F.);
#2321=ORIENTED_EDGE('',*,*,#3604,.F.);
#2322=ORIENTED_EDGE('',*,*,#3605,.F.);
#2323=ORIENTED_EDGE('',*,*,#3577,.T.);
#2324=ORIENTED_EDGE('',*,*,#3606,.F.);
#2325=ORIENTED_EDGE('',*,*,#3607,.F.);
#2326=ORIENTED_EDGE('',*,*,#3608,.F.);
#2327=ORIENTED_EDGE('',*,*,#3580,.T.);
#2328=ORIENTED_EDGE('',*,*,#3609,.F.);
#2329=ORIENTED_EDGE('',*,*,#3610,.F.);
#2330=ORIENTED_EDGE('',*,*,#3611,.F.);
#2331=ORIENTED_EDGE('',*,*,#3583,.T.);
#2332=ORIENTED_EDGE('',*,*,#3612,.F.);
#2333=ORIENTED_EDGE('',*,*,#3613,.F.);
#2334=ORIENTED_EDGE('',*,*,#3614,.F.);
#2335=ORIENTED_EDGE('',*,*,#3586,.T.);
#2336=ORIENTED_EDGE('',*,*,#3615,.F.);
#2337=ORIENTED_EDGE('',*,*,#3616,.F.);
#2338=ORIENTED_EDGE('',*,*,#3617,.F.);
#2339=ORIENTED_EDGE('',*,*,#3589,.T.);
#2340=ORIENTED_EDGE('',*,*,#3618,.F.);
#2341=ORIENTED_EDGE('',*,*,#3619,.F.);
#2342=ORIENTED_EDGE('',*,*,#3620,.F.);
#2343=ORIENTED_EDGE('',*,*,#3592,.T.);
#2344=ORIENTED_EDGE('',*,*,#3621,.F.);
#2345=ORIENTED_EDGE('',*,*,#3622,.F.);
#2346=ORIENTED_EDGE('',*,*,#3623,.F.);
#2347=ORIENTED_EDGE('',*,*,#3595,.T.);
#2348=ORIENTED_EDGE('',*,*,#3624,.F.);
#2349=ORIENTED_EDGE('',*,*,#3625,.F.);
#2350=ORIENTED_EDGE('',*,*,#3626,.F.);
#2351=ORIENTED_EDGE('',*,*,#3598,.T.);
#2352=ORIENTED_EDGE('',*,*,#3627,.F.);
#2353=ORIENTED_EDGE('',*,*,#3628,.F.);
#2354=ORIENTED_EDGE('',*,*,#3629,.F.);
#2355=ORIENTED_EDGE('',*,*,#3601,.T.);
#2356=ORIENTED_EDGE('',*,*,#3630,.F.);
#2357=ORIENTED_EDGE('',*,*,#3631,.F.);
#2358=ORIENTED_EDGE('',*,*,#3632,.F.);
#2359=ORIENTED_EDGE('',*,*,#3604,.T.);
#2360=ORIENTED_EDGE('',*,*,#3633,.F.);
#2361=ORIENTED_EDGE('',*,*,#3634,.F.);
#2362=ORIENTED_EDGE('',*,*,#3635,.F.);
#2363=ORIENTED_EDGE('',*,*,#3607,.T.);
#2364=ORIENTED_EDGE('',*,*,#3636,.F.);
#2365=ORIENTED_EDGE('',*,*,#3637,.F.);
#2366=ORIENTED_EDGE('',*,*,#3638,.F.);
#2367=ORIENTED_EDGE('',*,*,#3610,.T.);
#2368=ORIENTED_EDGE('',*,*,#3639,.F.);
#2369=ORIENTED_EDGE('',*,*,#3640,.F.);
#2370=ORIENTED_EDGE('',*,*,#3641,.F.);
#2371=ORIENTED_EDGE('',*,*,#3613,.T.);
#2372=ORIENTED_EDGE('',*,*,#3642,.F.);
#2373=ORIENTED_EDGE('',*,*,#3643,.F.);
#2374=ORIENTED_EDGE('',*,*,#3644,.F.);
#2375=ORIENTED_EDGE('',*,*,#3645,.T.);
#2376=ORIENTED_EDGE('',*,*,#3646,.F.);
#2377=ORIENTED_EDGE('',*,*,#3647,.F.);
#2378=ORIENTED_EDGE('',*,*,#3648,.F.);
#2379=ORIENTED_EDGE('',*,*,#3649,.T.);
#2380=ORIENTED_EDGE('',*,*,#3650,.F.);
#2381=ORIENTED_EDGE('',*,*,#3651,.F.);
#2382=ORIENTED_EDGE('',*,*,#3652,.F.);
#2383=ORIENTED_EDGE('',*,*,#3653,.T.);
#2384=ORIENTED_EDGE('',*,*,#3654,.F.);
#2385=ORIENTED_EDGE('',*,*,#3655,.F.);
#2386=ORIENTED_EDGE('',*,*,#3656,.F.);
#2387=ORIENTED_EDGE('',*,*,#3657,.T.);
#2388=ORIENTED_EDGE('',*,*,#3658,.F.);
#2389=ORIENTED_EDGE('',*,*,#3659,.F.);
#2390=ORIENTED_EDGE('',*,*,#3660,.F.);
#2391=ORIENTED_EDGE('',*,*,#3661,.T.);
#2392=ORIENTED_EDGE('',*,*,#3662,.F.);
#2393=ORIENTED_EDGE('',*,*,#3663,.F.);
#2394=ORIENTED_EDGE('',*,*,#3664,.F.);
#2395=ORIENTED_EDGE('',*,*,#3665,.T.);
#2396=ORIENTED_EDGE('',*,*,#3666,.F.);
#2397=ORIENTED_EDGE('',*,*,#3667,.F.);
#2398=ORIENTED_EDGE('',*,*,#3668,.F.);
#2399=ORIENTED_EDGE('',*,*,#3669,.T.);
#2400=ORIENTED_EDGE('',*,*,#3670,.F.);
#2401=ORIENTED_EDGE('',*,*,#3671,.F.);
#2402=ORIENTED_EDGE('',*,*,#3672,.F.);
#2403=ORIENTED_EDGE('',*,*,#3673,.T.);
#2404=ORIENTED_EDGE('',*,*,#3674,.F.);
#2405=ORIENTED_EDGE('',*,*,#3675,.F.);
#2406=ORIENTED_EDGE('',*,*,#3676,.F.);
#2407=ORIENTED_EDGE('',*,*,#3677,.T.);
#2408=ORIENTED_EDGE('',*,*,#3678,.F.);
#2409=ORIENTED_EDGE('',*,*,#3679,.F.);
#2410=ORIENTED_EDGE('',*,*,#3680,.F.);
#2411=ORIENTED_EDGE('',*,*,#3681,.T.);
#2412=ORIENTED_EDGE('',*,*,#3682,.F.);
#2413=ORIENTED_EDGE('',*,*,#3683,.F.);
#2414=ORIENTED_EDGE('',*,*,#3684,.F.);
#2415=ORIENTED_EDGE('',*,*,#3647,.T.);
#2416=ORIENTED_EDGE('',*,*,#3685,.F.);
#2417=ORIENTED_EDGE('',*,*,#3686,.F.);
#2418=ORIENTED_EDGE('',*,*,#3687,.F.);
#2419=ORIENTED_EDGE('',*,*,#3651,.T.);
#2420=ORIENTED_EDGE('',*,*,#3688,.F.);
#2421=ORIENTED_EDGE('',*,*,#3689,.F.);
#2422=ORIENTED_EDGE('',*,*,#3690,.F.);
#2423=ORIENTED_EDGE('',*,*,#3655,.T.);
#2424=ORIENTED_EDGE('',*,*,#3691,.F.);
#2425=ORIENTED_EDGE('',*,*,#3692,.F.);
#2426=ORIENTED_EDGE('',*,*,#3693,.F.);
#2427=ORIENTED_EDGE('',*,*,#3659,.T.);
#2428=ORIENTED_EDGE('',*,*,#3694,.F.);
#2429=ORIENTED_EDGE('',*,*,#3695,.F.);
#2430=ORIENTED_EDGE('',*,*,#3696,.F.);
#2431=ORIENTED_EDGE('',*,*,#3663,.T.);
#2432=ORIENTED_EDGE('',*,*,#3697,.F.);
#2433=ORIENTED_EDGE('',*,*,#3698,.F.);
#2434=ORIENTED_EDGE('',*,*,#3699,.F.);
#2435=ORIENTED_EDGE('',*,*,#3667,.T.);
#2436=ORIENTED_EDGE('',*,*,#3700,.F.);
#2437=ORIENTED_EDGE('',*,*,#3701,.F.);
#2438=ORIENTED_EDGE('',*,*,#3702,.F.);
#2439=ORIENTED_EDGE('',*,*,#3671,.T.);
#2440=ORIENTED_EDGE('',*,*,#3703,.F.);
#2441=ORIENTED_EDGE('',*,*,#3704,.F.);
#2442=ORIENTED_EDGE('',*,*,#3705,.F.);
#2443=ORIENTED_EDGE('',*,*,#3675,.T.);
#2444=ORIENTED_EDGE('',*,*,#3706,.F.);
#2445=ORIENTED_EDGE('',*,*,#3707,.F.);
#2446=ORIENTED_EDGE('',*,*,#3708,.F.);
#2447=ORIENTED_EDGE('',*,*,#3679,.T.);
#2448=ORIENTED_EDGE('',*,*,#3709,.F.);
#2449=ORIENTED_EDGE('',*,*,#3710,.F.);
#2450=ORIENTED_EDGE('',*,*,#3711,.F.);
#2451=ORIENTED_EDGE('',*,*,#3683,.T.);
#2452=ORIENTED_EDGE('',*,*,#3712,.F.);
#2453=ORIENTED_EDGE('',*,*,#3713,.F.);
#2454=ORIENTED_EDGE('',*,*,#3714,.F.);
#2455=ORIENTED_EDGE('',*,*,#3686,.T.);
#2456=ORIENTED_EDGE('',*,*,#3715,.F.);
#2457=ORIENTED_EDGE('',*,*,#3716,.F.);
#2458=ORIENTED_EDGE('',*,*,#3717,.F.);
#2459=ORIENTED_EDGE('',*,*,#3689,.T.);
#2460=ORIENTED_EDGE('',*,*,#3718,.F.);
#2461=ORIENTED_EDGE('',*,*,#3719,.F.);
#2462=ORIENTED_EDGE('',*,*,#3720,.F.);
#2463=ORIENTED_EDGE('',*,*,#3692,.T.);
#2464=ORIENTED_EDGE('',*,*,#3721,.F.);
#2465=ORIENTED_EDGE('',*,*,#3722,.F.);
#2466=ORIENTED_EDGE('',*,*,#3723,.F.);
#2467=ORIENTED_EDGE('',*,*,#3695,.T.);
#2468=ORIENTED_EDGE('',*,*,#3724,.F.);
#2469=ORIENTED_EDGE('',*,*,#3725,.F.);
#2470=ORIENTED_EDGE('',*,*,#3726,.F.);
#2471=ORIENTED_EDGE('',*,*,#3698,.T.);
#2472=ORIENTED_EDGE('',*,*,#3727,.F.);
#2473=ORIENTED_EDGE('',*,*,#3728,.F.);
#2474=ORIENTED_EDGE('',*,*,#3729,.F.);
#2475=ORIENTED_EDGE('',*,*,#3701,.T.);
#2476=ORIENTED_EDGE('',*,*,#3730,.F.);
#2477=ORIENTED_EDGE('',*,*,#3731,.F.);
#2478=ORIENTED_EDGE('',*,*,#3732,.F.);
#2479=ORIENTED_EDGE('',*,*,#3704,.T.);
#2480=ORIENTED_EDGE('',*,*,#3733,.F.);
#2481=ORIENTED_EDGE('',*,*,#3734,.F.);
#2482=ORIENTED_EDGE('',*,*,#3735,.F.);
#2483=ORIENTED_EDGE('',*,*,#3707,.T.);
#2484=ORIENTED_EDGE('',*,*,#3736,.F.);
#2485=ORIENTED_EDGE('',*,*,#3737,.F.);
#2486=ORIENTED_EDGE('',*,*,#3738,.F.);
#2487=ORIENTED_EDGE('',*,*,#3710,.T.);
#2488=ORIENTED_EDGE('',*,*,#3739,.F.);
#2489=ORIENTED_EDGE('',*,*,#3740,.F.);
#2490=ORIENTED_EDGE('',*,*,#3741,.F.);
#2491=ORIENTED_EDGE('',*,*,#3713,.T.);
#2492=ORIENTED_EDGE('',*,*,#3742,.F.);
#2493=ORIENTED_EDGE('',*,*,#3743,.F.);
#2494=ORIENTED_EDGE('',*,*,#3744,.F.);
#2495=ORIENTED_EDGE('',*,*,#3716,.T.);
#2496=ORIENTED_EDGE('',*,*,#3745,.F.);
#2497=ORIENTED_EDGE('',*,*,#3746,.F.);
#2498=ORIENTED_EDGE('',*,*,#3747,.F.);
#2499=ORIENTED_EDGE('',*,*,#3719,.T.);
#2500=ORIENTED_EDGE('',*,*,#3748,.F.);
#2501=ORIENTED_EDGE('',*,*,#3749,.F.);
#2502=ORIENTED_EDGE('',*,*,#3750,.F.);
#2503=ORIENTED_EDGE('',*,*,#3722,.T.);
#2504=ORIENTED_EDGE('',*,*,#3751,.F.);
#2505=ORIENTED_EDGE('',*,*,#3752,.F.);
#2506=ORIENTED_EDGE('',*,*,#3753,.F.);
#2507=ORIENTED_EDGE('',*,*,#3725,.T.);
#2508=ORIENTED_EDGE('',*,*,#3754,.F.);
#2509=ORIENTED_EDGE('',*,*,#3755,.F.);
#2510=ORIENTED_EDGE('',*,*,#3756,.F.);
#2511=ORIENTED_EDGE('',*,*,#3728,.T.);
#2512=ORIENTED_EDGE('',*,*,#3757,.F.);
#2513=ORIENTED_EDGE('',*,*,#3758,.F.);
#2514=ORIENTED_EDGE('',*,*,#3759,.F.);
#2515=ORIENTED_EDGE('',*,*,#3731,.T.);
#2516=ORIENTED_EDGE('',*,*,#3760,.F.);
#2517=ORIENTED_EDGE('',*,*,#3761,.F.);
#2518=ORIENTED_EDGE('',*,*,#3762,.F.);
#2519=ORIENTED_EDGE('',*,*,#3734,.T.);
#2520=ORIENTED_EDGE('',*,*,#3763,.F.);
#2521=ORIENTED_EDGE('',*,*,#3764,.F.);
#2522=ORIENTED_EDGE('',*,*,#3765,.F.);
#2523=ORIENTED_EDGE('',*,*,#3737,.T.);
#2524=ORIENTED_EDGE('',*,*,#3766,.F.);
#2525=ORIENTED_EDGE('',*,*,#3767,.F.);
#2526=ORIENTED_EDGE('',*,*,#3768,.F.);
#2527=ORIENTED_EDGE('',*,*,#3740,.T.);
#2528=ORIENTED_EDGE('',*,*,#3769,.F.);
#2529=ORIENTED_EDGE('',*,*,#3770,.F.);
#2530=ORIENTED_EDGE('',*,*,#3771,.F.);
#2531=ORIENTED_EDGE('',*,*,#3743,.T.);
#2532=ORIENTED_EDGE('',*,*,#3772,.F.);
#2533=ORIENTED_EDGE('',*,*,#3773,.F.);
#2534=ORIENTED_EDGE('',*,*,#3774,.F.);
#2535=ORIENTED_EDGE('',*,*,#3746,.T.);
#2536=ORIENTED_EDGE('',*,*,#3775,.F.);
#2537=ORIENTED_EDGE('',*,*,#3776,.F.);
#2538=ORIENTED_EDGE('',*,*,#3777,.F.);
#2539=ORIENTED_EDGE('',*,*,#3749,.T.);
#2540=ORIENTED_EDGE('',*,*,#3778,.F.);
#2541=ORIENTED_EDGE('',*,*,#3779,.F.);
#2542=ORIENTED_EDGE('',*,*,#3780,.F.);
#2543=ORIENTED_EDGE('',*,*,#3752,.T.);
#2544=ORIENTED_EDGE('',*,*,#3781,.F.);
#2545=ORIENTED_EDGE('',*,*,#3782,.F.);
#2546=ORIENTED_EDGE('',*,*,#3783,.F.);
#2547=ORIENTED_EDGE('',*,*,#3755,.T.);
#2548=ORIENTED_EDGE('',*,*,#3784,.F.);
#2549=ORIENTED_EDGE('',*,*,#3785,.F.);
#2550=ORIENTED_EDGE('',*,*,#3786,.F.);
#2551=ORIENTED_EDGE('',*,*,#3758,.T.);
#2552=ORIENTED_EDGE('',*,*,#3787,.F.);
#2553=ORIENTED_EDGE('',*,*,#3788,.F.);
#2554=ORIENTED_EDGE('',*,*,#3789,.F.);
#2555=ORIENTED_EDGE('',*,*,#3761,.T.);
#2556=ORIENTED_EDGE('',*,*,#3790,.F.);
#2557=ORIENTED_EDGE('',*,*,#3791,.F.);
#2558=ORIENTED_EDGE('',*,*,#3792,.F.);
#2559=ORIENTED_EDGE('',*,*,#3764,.T.);
#2560=ORIENTED_EDGE('',*,*,#3793,.F.);
#2561=ORIENTED_EDGE('',*,*,#3794,.F.);
#2562=ORIENTED_EDGE('',*,*,#3795,.F.);
#2563=ORIENTED_EDGE('',*,*,#3767,.T.);
#2564=ORIENTED_EDGE('',*,*,#3796,.F.);
#2565=ORIENTED_EDGE('',*,*,#3797,.F.);
#2566=ORIENTED_EDGE('',*,*,#3798,.F.);
#2567=ORIENTED_EDGE('',*,*,#3770,.T.);
#2568=ORIENTED_EDGE('',*,*,#3799,.F.);
#2569=ORIENTED_EDGE('',*,*,#3800,.F.);
#2570=ORIENTED_EDGE('',*,*,#3801,.F.);
#2571=ORIENTED_EDGE('',*,*,#3773,.T.);
#2572=ORIENTED_EDGE('',*,*,#3802,.F.);
#2573=ORIENTED_EDGE('',*,*,#3803,.F.);
#2574=ORIENTED_EDGE('',*,*,#3804,.F.);
#2575=ORIENTED_EDGE('',*,*,#3805,.T.);
#2576=ORIENTED_EDGE('',*,*,#3776,.T.);
#2577=ORIENTED_EDGE('',*,*,#3806,.T.);
#2578=ORIENTED_EDGE('',*,*,#3807,.F.);
#2579=ORIENTED_EDGE('',*,*,#3808,.T.);
#2580=ORIENTED_EDGE('',*,*,#3779,.T.);
#2581=ORIENTED_EDGE('',*,*,#3809,.T.);
#2582=ORIENTED_EDGE('',*,*,#3810,.F.);
#2583=ORIENTED_EDGE('',*,*,#3811,.T.);
#2584=ORIENTED_EDGE('',*,*,#3782,.T.);
#2585=ORIENTED_EDGE('',*,*,#3812,.T.);
#2586=ORIENTED_EDGE('',*,*,#3813,.F.);
#2587=ORIENTED_EDGE('',*,*,#3814,.T.);
#2588=ORIENTED_EDGE('',*,*,#3785,.T.);
#2589=ORIENTED_EDGE('',*,*,#3815,.T.);
#2590=ORIENTED_EDGE('',*,*,#3816,.F.);
#2591=ORIENTED_EDGE('',*,*,#3817,.T.);
#2592=ORIENTED_EDGE('',*,*,#3788,.T.);
#2593=ORIENTED_EDGE('',*,*,#3818,.T.);
#2594=ORIENTED_EDGE('',*,*,#3819,.F.);
#2595=ORIENTED_EDGE('',*,*,#3820,.T.);
#2596=ORIENTED_EDGE('',*,*,#3791,.T.);
#2597=ORIENTED_EDGE('',*,*,#3821,.T.);
#2598=ORIENTED_EDGE('',*,*,#3822,.F.);
#2599=ORIENTED_EDGE('',*,*,#3823,.T.);
#2600=ORIENTED_EDGE('',*,*,#3794,.T.);
#2601=ORIENTED_EDGE('',*,*,#3824,.T.);
#2602=ORIENTED_EDGE('',*,*,#3825,.F.);
#2603=ORIENTED_EDGE('',*,*,#3826,.T.);
#2604=ORIENTED_EDGE('',*,*,#3797,.T.);
#2605=ORIENTED_EDGE('',*,*,#3827,.T.);
#2606=ORIENTED_EDGE('',*,*,#3828,.F.);
#2607=ORIENTED_EDGE('',*,*,#3829,.T.);
#2608=ORIENTED_EDGE('',*,*,#3800,.T.);
#2609=ORIENTED_EDGE('',*,*,#3830,.T.);
#2610=ORIENTED_EDGE('',*,*,#3831,.F.);
#2611=ORIENTED_EDGE('',*,*,#3832,.T.);
#2612=ORIENTED_EDGE('',*,*,#3803,.T.);
#2613=ORIENTED_EDGE('',*,*,#3833,.T.);
#2614=ORIENTED_EDGE('',*,*,#3834,.F.);
#2615=ORIENTED_EDGE('',*,*,#3804,.T.);
#2616=ORIENTED_EDGE('',*,*,#3835,.F.);
#2617=ORIENTED_EDGE('',*,*,#3836,.F.);
#2618=ORIENTED_EDGE('',*,*,#3837,.F.);
#2619=ORIENTED_EDGE('',*,*,#3807,.T.);
#2620=ORIENTED_EDGE('',*,*,#3838,.F.);
#2621=ORIENTED_EDGE('',*,*,#3839,.F.);
#2622=ORIENTED_EDGE('',*,*,#3840,.F.);
#2623=ORIENTED_EDGE('',*,*,#3810,.T.);
#2624=ORIENTED_EDGE('',*,*,#3841,.F.);
#2625=ORIENTED_EDGE('',*,*,#3842,.F.);
#2626=ORIENTED_EDGE('',*,*,#3843,.F.);
#2627=ORIENTED_EDGE('',*,*,#3813,.T.);
#2628=ORIENTED_EDGE('',*,*,#3844,.F.);
#2629=ORIENTED_EDGE('',*,*,#3845,.F.);
#2630=ORIENTED_EDGE('',*,*,#3846,.F.);
#2631=ORIENTED_EDGE('',*,*,#3816,.T.);
#2632=ORIENTED_EDGE('',*,*,#3847,.F.);
#2633=ORIENTED_EDGE('',*,*,#3848,.F.);
#2634=ORIENTED_EDGE('',*,*,#3849,.F.);
#2635=ORIENTED_EDGE('',*,*,#3819,.T.);
#2636=ORIENTED_EDGE('',*,*,#3850,.F.);
#2637=ORIENTED_EDGE('',*,*,#3851,.F.);
#2638=ORIENTED_EDGE('',*,*,#3852,.F.);
#2639=ORIENTED_EDGE('',*,*,#3822,.T.);
#2640=ORIENTED_EDGE('',*,*,#3853,.F.);
#2641=ORIENTED_EDGE('',*,*,#3854,.F.);
#2642=ORIENTED_EDGE('',*,*,#3855,.F.);
#2643=ORIENTED_EDGE('',*,*,#3825,.T.);
#2644=ORIENTED_EDGE('',*,*,#3856,.F.);
#2645=ORIENTED_EDGE('',*,*,#3857,.F.);
#2646=ORIENTED_EDGE('',*,*,#3858,.F.);
#2647=ORIENTED_EDGE('',*,*,#3828,.T.);
#2648=ORIENTED_EDGE('',*,*,#3859,.F.);
#2649=ORIENTED_EDGE('',*,*,#3860,.F.);
#2650=ORIENTED_EDGE('',*,*,#3861,.F.);
#2651=ORIENTED_EDGE('',*,*,#3831,.T.);
#2652=ORIENTED_EDGE('',*,*,#3862,.F.);
#2653=ORIENTED_EDGE('',*,*,#3863,.F.);
#2654=ORIENTED_EDGE('',*,*,#3864,.F.);
#2655=ORIENTED_EDGE('',*,*,#3865,.T.);
#2656=ORIENTED_EDGE('',*,*,#3866,.F.);
#2657=ORIENTED_EDGE('',*,*,#3867,.F.);
#2658=ORIENTED_EDGE('',*,*,#3868,.F.);
#2659=ORIENTED_EDGE('',*,*,#3869,.T.);
#2660=ORIENTED_EDGE('',*,*,#3870,.F.);
#2661=ORIENTED_EDGE('',*,*,#3871,.F.);
#2662=ORIENTED_EDGE('',*,*,#3872,.F.);
#2663=ORIENTED_EDGE('',*,*,#3873,.T.);
#2664=ORIENTED_EDGE('',*,*,#3874,.F.);
#2665=ORIENTED_EDGE('',*,*,#3875,.F.);
#2666=ORIENTED_EDGE('',*,*,#3876,.F.);
#2667=ORIENTED_EDGE('',*,*,#3877,.T.);
#2668=ORIENTED_EDGE('',*,*,#3878,.F.);
#2669=ORIENTED_EDGE('',*,*,#3879,.F.);
#2670=ORIENTED_EDGE('',*,*,#3880,.F.);
#2671=ORIENTED_EDGE('',*,*,#3881,.T.);
#2672=ORIENTED_EDGE('',*,*,#3882,.F.);
#2673=ORIENTED_EDGE('',*,*,#3883,.F.);
#2674=ORIENTED_EDGE('',*,*,#3884,.F.);
#2675=ORIENTED_EDGE('',*,*,#3885,.T.);
#2676=ORIENTED_EDGE('',*,*,#3886,.F.);
#2677=ORIENTED_EDGE('',*,*,#3887,.F.);
#2678=ORIENTED_EDGE('',*,*,#3888,.F.);
#2679=ORIENTED_EDGE('',*,*,#3889,.T.);
#2680=ORIENTED_EDGE('',*,*,#3890,.F.);
#2681=ORIENTED_EDGE('',*,*,#3891,.F.);
#2682=ORIENTED_EDGE('',*,*,#3892,.F.);
#2683=ORIENTED_EDGE('',*,*,#3893,.T.);
#2684=ORIENTED_EDGE('',*,*,#3894,.F.);
#2685=ORIENTED_EDGE('',*,*,#3895,.F.);
#2686=ORIENTED_EDGE('',*,*,#3896,.F.);
#2687=ORIENTED_EDGE('',*,*,#3897,.T.);
#2688=ORIENTED_EDGE('',*,*,#3898,.F.);
#2689=ORIENTED_EDGE('',*,*,#3899,.F.);
#2690=ORIENTED_EDGE('',*,*,#3900,.F.);
#2691=ORIENTED_EDGE('',*,*,#3901,.T.);
#2692=ORIENTED_EDGE('',*,*,#3902,.F.);
#2693=ORIENTED_EDGE('',*,*,#3903,.F.);
#2694=ORIENTED_EDGE('',*,*,#3485,.F.);
#2695=ORIENTED_EDGE('',*,*,#3904,.T.);
#2696=ORIENTED_EDGE('',*,*,#3867,.T.);
#2697=ORIENTED_EDGE('',*,*,#3905,.T.);
#2698=ORIENTED_EDGE('',*,*,#3489,.F.);
#2699=ORIENTED_EDGE('',*,*,#3906,.T.);
#2700=ORIENTED_EDGE('',*,*,#3871,.T.);
#2701=ORIENTED_EDGE('',*,*,#3907,.T.);
#2702=ORIENTED_EDGE('',*,*,#3493,.F.);
#2703=ORIENTED_EDGE('',*,*,#3908,.T.);
#2704=ORIENTED_EDGE('',*,*,#3875,.T.);
#2705=ORIENTED_EDGE('',*,*,#3909,.T.);
#2706=ORIENTED_EDGE('',*,*,#3497,.F.);
#2707=ORIENTED_EDGE('',*,*,#3910,.T.);
#2708=ORIENTED_EDGE('',*,*,#3879,.T.);
#2709=ORIENTED_EDGE('',*,*,#3911,.T.);
#2710=ORIENTED_EDGE('',*,*,#3501,.F.);
#2711=ORIENTED_EDGE('',*,*,#3912,.T.);
#2712=ORIENTED_EDGE('',*,*,#3883,.T.);
#2713=ORIENTED_EDGE('',*,*,#3913,.T.);
#2714=ORIENTED_EDGE('',*,*,#3505,.F.);
#2715=ORIENTED_EDGE('',*,*,#3914,.T.);
#2716=ORIENTED_EDGE('',*,*,#3887,.T.);
#2717=ORIENTED_EDGE('',*,*,#3915,.T.);
#2718=ORIENTED_EDGE('',*,*,#3509,.F.);
#2719=ORIENTED_EDGE('',*,*,#3916,.T.);
#2720=ORIENTED_EDGE('',*,*,#3891,.T.);
#2721=ORIENTED_EDGE('',*,*,#3917,.T.);
#2722=ORIENTED_EDGE('',*,*,#3513,.F.);
#2723=ORIENTED_EDGE('',*,*,#3918,.T.);
#2724=ORIENTED_EDGE('',*,*,#3895,.T.);
#2725=ORIENTED_EDGE('',*,*,#3919,.T.);
#2726=ORIENTED_EDGE('',*,*,#3517,.F.);
#2727=ORIENTED_EDGE('',*,*,#3920,.T.);
#2728=ORIENTED_EDGE('',*,*,#3899,.T.);
#2729=ORIENTED_EDGE('',*,*,#3921,.T.);
#2730=ORIENTED_EDGE('',*,*,#3521,.F.);
#2731=ORIENTED_EDGE('',*,*,#3922,.T.);
#2732=ORIENTED_EDGE('',*,*,#3903,.T.);
#2733=ORIENTED_EDGE('',*,*,#3923,.T.);
#2734=ORIENTED_EDGE('',*,*,#3924,.T.);
#2735=ORIENTED_EDGE('',*,*,#3925,.T.);
#2736=ORIENTED_EDGE('',*,*,#3926,.T.);
#2737=ORIENTED_EDGE('',*,*,#3927,.T.);
#2738=ORIENTED_EDGE('',*,*,#3928,.F.);
#2739=ORIENTED_EDGE('',*,*,#3929,.F.);
#2740=ORIENTED_EDGE('',*,*,#3930,.F.);
#2741=ORIENTED_EDGE('',*,*,#3931,.F.);
#2742=ORIENTED_EDGE('',*,*,#3928,.T.);
#2743=ORIENTED_EDGE('',*,*,#3932,.F.);
#2744=ORIENTED_EDGE('',*,*,#3926,.F.);
#2745=ORIENTED_EDGE('',*,*,#3933,.T.);
#2746=ORIENTED_EDGE('',*,*,#3931,.T.);
#2747=ORIENTED_EDGE('',*,*,#3934,.F.);
#2748=ORIENTED_EDGE('',*,*,#3927,.F.);
#2749=ORIENTED_EDGE('',*,*,#3932,.T.);
#2750=ORIENTED_EDGE('',*,*,#3930,.T.);
#2751=ORIENTED_EDGE('',*,*,#3935,.F.);
#2752=ORIENTED_EDGE('',*,*,#3924,.F.);
#2753=ORIENTED_EDGE('',*,*,#3934,.T.);
#2754=ORIENTED_EDGE('',*,*,#3936,.T.);
#2755=ORIENTED_EDGE('',*,*,#3616,.T.);
#2756=ORIENTED_EDGE('',*,*,#3937,.F.);
#2757=ORIENTED_EDGE('',*,*,#3865,.F.);
#2758=ORIENTED_EDGE('',*,*,#3925,.F.);
#2759=ORIENTED_EDGE('',*,*,#3935,.T.);
#2760=ORIENTED_EDGE('',*,*,#3929,.T.);
#2761=ORIENTED_EDGE('',*,*,#3933,.F.);
#2762=ORIENTED_EDGE('',*,*,#3619,.T.);
#2763=ORIENTED_EDGE('',*,*,#3938,.F.);
#2764=ORIENTED_EDGE('',*,*,#3869,.F.);
#2765=ORIENTED_EDGE('',*,*,#3939,.T.);
#2766=ORIENTED_EDGE('',*,*,#3622,.T.);
#2767=ORIENTED_EDGE('',*,*,#3940,.F.);
#2768=ORIENTED_EDGE('',*,*,#3873,.F.);
#2769=ORIENTED_EDGE('',*,*,#3941,.T.);
#2770=ORIENTED_EDGE('',*,*,#3625,.T.);
#2771=ORIENTED_EDGE('',*,*,#3942,.F.);
#2772=ORIENTED_EDGE('',*,*,#3877,.F.);
#2773=ORIENTED_EDGE('',*,*,#3943,.T.);
#2774=ORIENTED_EDGE('',*,*,#3628,.T.);
#2775=ORIENTED_EDGE('',*,*,#3944,.F.);
#2776=ORIENTED_EDGE('',*,*,#3881,.F.);
#2777=ORIENTED_EDGE('',*,*,#3945,.T.);
#2778=ORIENTED_EDGE('',*,*,#3631,.T.);
#2779=ORIENTED_EDGE('',*,*,#3946,.F.);
#2780=ORIENTED_EDGE('',*,*,#3885,.F.);
#2781=ORIENTED_EDGE('',*,*,#3947,.T.);
#2782=ORIENTED_EDGE('',*,*,#3634,.T.);
#2783=ORIENTED_EDGE('',*,*,#3948,.F.);
#2784=ORIENTED_EDGE('',*,*,#3889,.F.);
#2785=ORIENTED_EDGE('',*,*,#3949,.T.);
#2786=ORIENTED_EDGE('',*,*,#3637,.T.);
#2787=ORIENTED_EDGE('',*,*,#3950,.F.);
#2788=ORIENTED_EDGE('',*,*,#3893,.F.);
#2789=ORIENTED_EDGE('',*,*,#3951,.T.);
#2790=ORIENTED_EDGE('',*,*,#3640,.T.);
#2791=ORIENTED_EDGE('',*,*,#3952,.F.);
#2792=ORIENTED_EDGE('',*,*,#3897,.F.);
#2793=ORIENTED_EDGE('',*,*,#3953,.T.);
#2794=ORIENTED_EDGE('',*,*,#3954,.T.);
#2795=ORIENTED_EDGE('',*,*,#3643,.T.);
#2796=ORIENTED_EDGE('',*,*,#3955,.F.);
#2797=ORIENTED_EDGE('',*,*,#3901,.F.);
#2798=ORIENTED_EDGE('',*,*,#3645,.F.);
#2799=ORIENTED_EDGE('',*,*,#3956,.T.);
#2800=ORIENTED_EDGE('',*,*,#3836,.T.);
#2801=ORIENTED_EDGE('',*,*,#3957,.F.);
#2802=ORIENTED_EDGE('',*,*,#3649,.F.);
#2803=ORIENTED_EDGE('',*,*,#3958,.T.);
#2804=ORIENTED_EDGE('',*,*,#3839,.T.);
#2805=ORIENTED_EDGE('',*,*,#3959,.F.);
#2806=ORIENTED_EDGE('',*,*,#3653,.F.);
#2807=ORIENTED_EDGE('',*,*,#3960,.T.);
#2808=ORIENTED_EDGE('',*,*,#3842,.T.);
#2809=ORIENTED_EDGE('',*,*,#3961,.F.);
#2810=ORIENTED_EDGE('',*,*,#3657,.F.);
#2811=ORIENTED_EDGE('',*,*,#3962,.T.);
#2812=ORIENTED_EDGE('',*,*,#3845,.T.);
#2813=ORIENTED_EDGE('',*,*,#3963,.F.);
#2814=ORIENTED_EDGE('',*,*,#3661,.F.);
#2815=ORIENTED_EDGE('',*,*,#3964,.T.);
#2816=ORIENTED_EDGE('',*,*,#3848,.T.);
#2817=ORIENTED_EDGE('',*,*,#3965,.F.);
#2818=ORIENTED_EDGE('',*,*,#3665,.F.);
#2819=ORIENTED_EDGE('',*,*,#3966,.T.);
#2820=ORIENTED_EDGE('',*,*,#3851,.T.);
#2821=ORIENTED_EDGE('',*,*,#3967,.F.);
#2822=ORIENTED_EDGE('',*,*,#3669,.F.);
#2823=ORIENTED_EDGE('',*,*,#3968,.T.);
#2824=ORIENTED_EDGE('',*,*,#3854,.T.);
#2825=ORIENTED_EDGE('',*,*,#3969,.F.);
#2826=ORIENTED_EDGE('',*,*,#3673,.F.);
#2827=ORIENTED_EDGE('',*,*,#3970,.T.);
#2828=ORIENTED_EDGE('',*,*,#3857,.T.);
#2829=ORIENTED_EDGE('',*,*,#3971,.F.);
#2830=ORIENTED_EDGE('',*,*,#3677,.F.);
#2831=ORIENTED_EDGE('',*,*,#3972,.T.);
#2832=ORIENTED_EDGE('',*,*,#3860,.T.);
#2833=ORIENTED_EDGE('',*,*,#3973,.F.);
#2834=ORIENTED_EDGE('',*,*,#3681,.F.);
#2835=ORIENTED_EDGE('',*,*,#3974,.T.);
#2836=ORIENTED_EDGE('',*,*,#3863,.T.);
#2837=ORIENTED_EDGE('',*,*,#3975,.F.);
#2838=ORIENTED_EDGE('',*,*,#3682,.T.);
#2839=ORIENTED_EDGE('',*,*,#3975,.T.);
#2840=ORIENTED_EDGE('',*,*,#3862,.T.);
#2841=ORIENTED_EDGE('',*,*,#3833,.F.);
#2842=ORIENTED_EDGE('',*,*,#3802,.T.);
#2843=ORIENTED_EDGE('',*,*,#3772,.T.);
#2844=ORIENTED_EDGE('',*,*,#3742,.T.);
#2845=ORIENTED_EDGE('',*,*,#3712,.T.);
#2846=ORIENTED_EDGE('',*,*,#3642,.T.);
#2847=ORIENTED_EDGE('',*,*,#3612,.T.);
#2848=ORIENTED_EDGE('',*,*,#3582,.T.);
#2849=ORIENTED_EDGE('',*,*,#3552,.T.);
#2850=ORIENTED_EDGE('',*,*,#3522,.T.);
#2851=ORIENTED_EDGE('',*,*,#3923,.F.);
#2852=ORIENTED_EDGE('',*,*,#3902,.T.);
#2853=ORIENTED_EDGE('',*,*,#3955,.T.);
#2854=ORIENTED_EDGE('',*,*,#3644,.T.);
#2855=ORIENTED_EDGE('',*,*,#3684,.T.);
#2856=ORIENTED_EDGE('',*,*,#3714,.T.);
#2857=ORIENTED_EDGE('',*,*,#3744,.T.);
#2858=ORIENTED_EDGE('',*,*,#3774,.T.);
#2859=ORIENTED_EDGE('',*,*,#3805,.F.);
#2860=ORIENTED_EDGE('',*,*,#3834,.T.);
#2861=ORIENTED_EDGE('',*,*,#3956,.F.);
#2862=ORIENTED_EDGE('',*,*,#3614,.T.);
#2863=ORIENTED_EDGE('',*,*,#3936,.F.);
#2864=ORIENTED_EDGE('',*,*,#3864,.T.);
#2865=ORIENTED_EDGE('',*,*,#3904,.F.);
#2866=ORIENTED_EDGE('',*,*,#3484,.T.);
#2867=ORIENTED_EDGE('',*,*,#3524,.T.);
#2868=ORIENTED_EDGE('',*,*,#3554,.T.);
#2869=ORIENTED_EDGE('',*,*,#3584,.T.);
#2870=ORIENTED_EDGE('',*,*,#3639,.T.);
#2871=ORIENTED_EDGE('',*,*,#3609,.T.);
#2872=ORIENTED_EDGE('',*,*,#3579,.T.);
#2873=ORIENTED_EDGE('',*,*,#3549,.T.);
#2874=ORIENTED_EDGE('',*,*,#3518,.T.);
#2875=ORIENTED_EDGE('',*,*,#3921,.F.);
#2876=ORIENTED_EDGE('',*,*,#3898,.T.);
#2877=ORIENTED_EDGE('',*,*,#3952,.T.);
#2878=ORIENTED_EDGE('',*,*,#3641,.T.);
#2879=ORIENTED_EDGE('',*,*,#3954,.F.);
#2880=ORIENTED_EDGE('',*,*,#3900,.T.);
#2881=ORIENTED_EDGE('',*,*,#3922,.F.);
#2882=ORIENTED_EDGE('',*,*,#3520,.T.);
#2883=ORIENTED_EDGE('',*,*,#3551,.T.);
#2884=ORIENTED_EDGE('',*,*,#3581,.T.);
#2885=ORIENTED_EDGE('',*,*,#3611,.T.);
#2886=ORIENTED_EDGE('',*,*,#3636,.T.);
#2887=ORIENTED_EDGE('',*,*,#3606,.T.);
#2888=ORIENTED_EDGE('',*,*,#3576,.T.);
#2889=ORIENTED_EDGE('',*,*,#3546,.T.);
#2890=ORIENTED_EDGE('',*,*,#3514,.T.);
#2891=ORIENTED_EDGE('',*,*,#3919,.F.);
#2892=ORIENTED_EDGE('',*,*,#3894,.T.);
#2893=ORIENTED_EDGE('',*,*,#3950,.T.);
#2894=ORIENTED_EDGE('',*,*,#3638,.T.);
#2895=ORIENTED_EDGE('',*,*,#3953,.F.);
#2896=ORIENTED_EDGE('',*,*,#3896,.T.);
#2897=ORIENTED_EDGE('',*,*,#3920,.F.);
#2898=ORIENTED_EDGE('',*,*,#3516,.T.);
#2899=ORIENTED_EDGE('',*,*,#3548,.T.);
#2900=ORIENTED_EDGE('',*,*,#3578,.T.);
#2901=ORIENTED_EDGE('',*,*,#3608,.T.);
#2902=ORIENTED_EDGE('',*,*,#3633,.T.);
#2903=ORIENTED_EDGE('',*,*,#3603,.T.);
#2904=ORIENTED_EDGE('',*,*,#3573,.T.);
#2905=ORIENTED_EDGE('',*,*,#3543,.T.);
#2906=ORIENTED_EDGE('',*,*,#3510,.T.);
#2907=ORIENTED_EDGE('',*,*,#3917,.F.);
#2908=ORIENTED_EDGE('',*,*,#3890,.T.);
#2909=ORIENTED_EDGE('',*,*,#3948,.T.);
#2910=ORIENTED_EDGE('',*,*,#3635,.T.);
#2911=ORIENTED_EDGE('',*,*,#3951,.F.);
#2912=ORIENTED_EDGE('',*,*,#3892,.T.);
#2913=ORIENTED_EDGE('',*,*,#3918,.F.);
#2914=ORIENTED_EDGE('',*,*,#3512,.T.);
#2915=ORIENTED_EDGE('',*,*,#3545,.T.);
#2916=ORIENTED_EDGE('',*,*,#3575,.T.);
#2917=ORIENTED_EDGE('',*,*,#3605,.T.);
#2918=ORIENTED_EDGE('',*,*,#3630,.T.);
#2919=ORIENTED_EDGE('',*,*,#3600,.T.);
#2920=ORIENTED_EDGE('',*,*,#3570,.T.);
#2921=ORIENTED_EDGE('',*,*,#3540,.T.);
#2922=ORIENTED_EDGE('',*,*,#3506,.T.);
#2923=ORIENTED_EDGE('',*,*,#3915,.F.);
#2924=ORIENTED_EDGE('',*,*,#3886,.T.);
#2925=ORIENTED_EDGE('',*,*,#3946,.T.);
#2926=ORIENTED_EDGE('',*,*,#3632,.T.);
#2927=ORIENTED_EDGE('',*,*,#3949,.F.);
#2928=ORIENTED_EDGE('',*,*,#3888,.T.);
#2929=ORIENTED_EDGE('',*,*,#3916,.F.);
#2930=ORIENTED_EDGE('',*,*,#3508,.T.);
#2931=ORIENTED_EDGE('',*,*,#3542,.T.);
#2932=ORIENTED_EDGE('',*,*,#3572,.T.);
#2933=ORIENTED_EDGE('',*,*,#3602,.T.);
#2934=ORIENTED_EDGE('',*,*,#3627,.T.);
#2935=ORIENTED_EDGE('',*,*,#3597,.T.);
#2936=ORIENTED_EDGE('',*,*,#3567,.T.);
#2937=ORIENTED_EDGE('',*,*,#3537,.T.);
#2938=ORIENTED_EDGE('',*,*,#3502,.T.);
#2939=ORIENTED_EDGE('',*,*,#3913,.F.);
#2940=ORIENTED_EDGE('',*,*,#3882,.T.);
#2941=ORIENTED_EDGE('',*,*,#3944,.T.);
#2942=ORIENTED_EDGE('',*,*,#3629,.T.);
#2943=ORIENTED_EDGE('',*,*,#3947,.F.);
#2944=ORIENTED_EDGE('',*,*,#3884,.T.);
#2945=ORIENTED_EDGE('',*,*,#3914,.F.);
#2946=ORIENTED_EDGE('',*,*,#3504,.T.);
#2947=ORIENTED_EDGE('',*,*,#3539,.T.);
#2948=ORIENTED_EDGE('',*,*,#3569,.T.);
#2949=ORIENTED_EDGE('',*,*,#3599,.T.);
#2950=ORIENTED_EDGE('',*,*,#3624,.T.);
#2951=ORIENTED_EDGE('',*,*,#3594,.T.);
#2952=ORIENTED_EDGE('',*,*,#3564,.T.);
#2953=ORIENTED_EDGE('',*,*,#3534,.T.);
#2954=ORIENTED_EDGE('',*,*,#3498,.T.);
#2955=ORIENTED_EDGE('',*,*,#3911,.F.);
#2956=ORIENTED_EDGE('',*,*,#3878,.T.);
#2957=ORIENTED_EDGE('',*,*,#3942,.T.);
#2958=ORIENTED_EDGE('',*,*,#3626,.T.);
#2959=ORIENTED_EDGE('',*,*,#3945,.F.);
#2960=ORIENTED_EDGE('',*,*,#3880,.T.);
#2961=ORIENTED_EDGE('',*,*,#3912,.F.);
#2962=ORIENTED_EDGE('',*,*,#3500,.T.);
#2963=ORIENTED_EDGE('',*,*,#3536,.T.);
#2964=ORIENTED_EDGE('',*,*,#3566,.T.);
#2965=ORIENTED_EDGE('',*,*,#3596,.T.);
#2966=ORIENTED_EDGE('',*,*,#3621,.T.);
#2967=ORIENTED_EDGE('',*,*,#3591,.T.);
#2968=ORIENTED_EDGE('',*,*,#3561,.T.);
#2969=ORIENTED_EDGE('',*,*,#3531,.T.);
#2970=ORIENTED_EDGE('',*,*,#3494,.T.);
#2971=ORIENTED_EDGE('',*,*,#3909,.F.);
#2972=ORIENTED_EDGE('',*,*,#3874,.T.);
#2973=ORIENTED_EDGE('',*,*,#3940,.T.);
#2974=ORIENTED_EDGE('',*,*,#3623,.T.);
#2975=ORIENTED_EDGE('',*,*,#3943,.F.);
#2976=ORIENTED_EDGE('',*,*,#3876,.T.);
#2977=ORIENTED_EDGE('',*,*,#3910,.F.);
#2978=ORIENTED_EDGE('',*,*,#3496,.T.);
#2979=ORIENTED_EDGE('',*,*,#3533,.T.);
#2980=ORIENTED_EDGE('',*,*,#3563,.T.);
#2981=ORIENTED_EDGE('',*,*,#3593,.T.);
#2982=ORIENTED_EDGE('',*,*,#3618,.T.);
#2983=ORIENTED_EDGE('',*,*,#3588,.T.);
#2984=ORIENTED_EDGE('',*,*,#3558,.T.);
#2985=ORIENTED_EDGE('',*,*,#3528,.T.);
#2986=ORIENTED_EDGE('',*,*,#3490,.T.);
#2987=ORIENTED_EDGE('',*,*,#3907,.F.);
#2988=ORIENTED_EDGE('',*,*,#3870,.T.);
#2989=ORIENTED_EDGE('',*,*,#3938,.T.);
#2990=ORIENTED_EDGE('',*,*,#3620,.T.);
#2991=ORIENTED_EDGE('',*,*,#3941,.F.);
#2992=ORIENTED_EDGE('',*,*,#3872,.T.);
#2993=ORIENTED_EDGE('',*,*,#3908,.F.);
#2994=ORIENTED_EDGE('',*,*,#3492,.T.);
#2995=ORIENTED_EDGE('',*,*,#3530,.T.);
#2996=ORIENTED_EDGE('',*,*,#3560,.T.);
#2997=ORIENTED_EDGE('',*,*,#3590,.T.);
#2998=ORIENTED_EDGE('',*,*,#3615,.T.);
#2999=ORIENTED_EDGE('',*,*,#3585,.T.);
#3000=ORIENTED_EDGE('',*,*,#3555,.T.);
#3001=ORIENTED_EDGE('',*,*,#3525,.T.);
#3002=ORIENTED_EDGE('',*,*,#3486,.T.);
#3003=ORIENTED_EDGE('',*,*,#3905,.F.);
#3004=ORIENTED_EDGE('',*,*,#3866,.T.);
#3005=ORIENTED_EDGE('',*,*,#3937,.T.);
#3006=ORIENTED_EDGE('',*,*,#3617,.T.);
#3007=ORIENTED_EDGE('',*,*,#3939,.F.);
#3008=ORIENTED_EDGE('',*,*,#3868,.T.);
#3009=ORIENTED_EDGE('',*,*,#3906,.F.);
#3010=ORIENTED_EDGE('',*,*,#3488,.T.);
#3011=ORIENTED_EDGE('',*,*,#3527,.T.);
#3012=ORIENTED_EDGE('',*,*,#3557,.T.);
#3013=ORIENTED_EDGE('',*,*,#3587,.T.);
#3014=ORIENTED_EDGE('',*,*,#3680,.T.);
#3015=ORIENTED_EDGE('',*,*,#3711,.T.);
#3016=ORIENTED_EDGE('',*,*,#3741,.T.);
#3017=ORIENTED_EDGE('',*,*,#3771,.T.);
#3018=ORIENTED_EDGE('',*,*,#3801,.T.);
#3019=ORIENTED_EDGE('',*,*,#3832,.F.);
#3020=ORIENTED_EDGE('',*,*,#3861,.T.);
#3021=ORIENTED_EDGE('',*,*,#3974,.F.);
#3022=ORIENTED_EDGE('',*,*,#3678,.T.);
#3023=ORIENTED_EDGE('',*,*,#3973,.T.);
#3024=ORIENTED_EDGE('',*,*,#3859,.T.);
#3025=ORIENTED_EDGE('',*,*,#3830,.F.);
#3026=ORIENTED_EDGE('',*,*,#3799,.T.);
#3027=ORIENTED_EDGE('',*,*,#3769,.T.);
#3028=ORIENTED_EDGE('',*,*,#3739,.T.);
#3029=ORIENTED_EDGE('',*,*,#3709,.T.);
#3030=ORIENTED_EDGE('',*,*,#3676,.T.);
#3031=ORIENTED_EDGE('',*,*,#3708,.T.);
#3032=ORIENTED_EDGE('',*,*,#3738,.T.);
#3033=ORIENTED_EDGE('',*,*,#3768,.T.);
#3034=ORIENTED_EDGE('',*,*,#3798,.T.);
#3035=ORIENTED_EDGE('',*,*,#3829,.F.);
#3036=ORIENTED_EDGE('',*,*,#3858,.T.);
#3037=ORIENTED_EDGE('',*,*,#3972,.F.);
#3038=ORIENTED_EDGE('',*,*,#3674,.T.);
#3039=ORIENTED_EDGE('',*,*,#3971,.T.);
#3040=ORIENTED_EDGE('',*,*,#3856,.T.);
#3041=ORIENTED_EDGE('',*,*,#3827,.F.);
#3042=ORIENTED_EDGE('',*,*,#3796,.T.);
#3043=ORIENTED_EDGE('',*,*,#3766,.T.);
#3044=ORIENTED_EDGE('',*,*,#3736,.T.);
#3045=ORIENTED_EDGE('',*,*,#3706,.T.);
#3046=ORIENTED_EDGE('',*,*,#3672,.T.);
#3047=ORIENTED_EDGE('',*,*,#3705,.T.);
#3048=ORIENTED_EDGE('',*,*,#3735,.T.);
#3049=ORIENTED_EDGE('',*,*,#3765,.T.);
#3050=ORIENTED_EDGE('',*,*,#3795,.T.);
#3051=ORIENTED_EDGE('',*,*,#3826,.F.);
#3052=ORIENTED_EDGE('',*,*,#3855,.T.);
#3053=ORIENTED_EDGE('',*,*,#3970,.F.);
#3054=ORIENTED_EDGE('',*,*,#3670,.T.);
#3055=ORIENTED_EDGE('',*,*,#3969,.T.);
#3056=ORIENTED_EDGE('',*,*,#3853,.T.);
#3057=ORIENTED_EDGE('',*,*,#3824,.F.);
#3058=ORIENTED_EDGE('',*,*,#3793,.T.);
#3059=ORIENTED_EDGE('',*,*,#3763,.T.);
#3060=ORIENTED_EDGE('',*,*,#3733,.T.);
#3061=ORIENTED_EDGE('',*,*,#3703,.T.);
#3062=ORIENTED_EDGE('',*,*,#3668,.T.);
#3063=ORIENTED_EDGE('',*,*,#3702,.T.);
#3064=ORIENTED_EDGE('',*,*,#3732,.T.);
#3065=ORIENTED_EDGE('',*,*,#3762,.T.);
#3066=ORIENTED_EDGE('',*,*,#3792,.T.);
#3067=ORIENTED_EDGE('',*,*,#3823,.F.);
#3068=ORIENTED_EDGE('',*,*,#3852,.T.);
#3069=ORIENTED_EDGE('',*,*,#3968,.F.);
#3070=ORIENTED_EDGE('',*,*,#3666,.T.);
#3071=ORIENTED_EDGE('',*,*,#3967,.T.);
#3072=ORIENTED_EDGE('',*,*,#3850,.T.);
#3073=ORIENTED_EDGE('',*,*,#3821,.F.);
#3074=ORIENTED_EDGE('',*,*,#3790,.T.);
#3075=ORIENTED_EDGE('',*,*,#3760,.T.);
#3076=ORIENTED_EDGE('',*,*,#3730,.T.);
#3077=ORIENTED_EDGE('',*,*,#3700,.T.);
#3078=ORIENTED_EDGE('',*,*,#3664,.T.);
#3079=ORIENTED_EDGE('',*,*,#3699,.T.);
#3080=ORIENTED_EDGE('',*,*,#3729,.T.);
#3081=ORIENTED_EDGE('',*,*,#3759,.T.);
#3082=ORIENTED_EDGE('',*,*,#3789,.T.);
#3083=ORIENTED_EDGE('',*,*,#3820,.F.);
#3084=ORIENTED_EDGE('',*,*,#3849,.T.);
#3085=ORIENTED_EDGE('',*,*,#3966,.F.);
#3086=ORIENTED_EDGE('',*,*,#3662,.T.);
#3087=ORIENTED_EDGE('',*,*,#3965,.T.);
#3088=ORIENTED_EDGE('',*,*,#3847,.T.);
#3089=ORIENTED_EDGE('',*,*,#3818,.F.);
#3090=ORIENTED_EDGE('',*,*,#3787,.T.);
#3091=ORIENTED_EDGE('',*,*,#3757,.T.);
#3092=ORIENTED_EDGE('',*,*,#3727,.T.);
#3093=ORIENTED_EDGE('',*,*,#3697,.T.);
#3094=ORIENTED_EDGE('',*,*,#3660,.T.);
#3095=ORIENTED_EDGE('',*,*,#3696,.T.);
#3096=ORIENTED_EDGE('',*,*,#3726,.T.);
#3097=ORIENTED_EDGE('',*,*,#3756,.T.);
#3098=ORIENTED_EDGE('',*,*,#3786,.T.);
#3099=ORIENTED_EDGE('',*,*,#3817,.F.);
#3100=ORIENTED_EDGE('',*,*,#3846,.T.);
#3101=ORIENTED_EDGE('',*,*,#3964,.F.);
#3102=ORIENTED_EDGE('',*,*,#3658,.T.);
#3103=ORIENTED_EDGE('',*,*,#3963,.T.);
#3104=ORIENTED_EDGE('',*,*,#3844,.T.);
#3105=ORIENTED_EDGE('',*,*,#3815,.F.);
#3106=ORIENTED_EDGE('',*,*,#3784,.T.);
#3107=ORIENTED_EDGE('',*,*,#3754,.T.);
#3108=ORIENTED_EDGE('',*,*,#3724,.T.);
#3109=ORIENTED_EDGE('',*,*,#3694,.T.);
#3110=ORIENTED_EDGE('',*,*,#3656,.T.);
#3111=ORIENTED_EDGE('',*,*,#3693,.T.);
#3112=ORIENTED_EDGE('',*,*,#3723,.T.);
#3113=ORIENTED_EDGE('',*,*,#3753,.T.);
#3114=ORIENTED_EDGE('',*,*,#3783,.T.);
#3115=ORIENTED_EDGE('',*,*,#3814,.F.);
#3116=ORIENTED_EDGE('',*,*,#3843,.T.);
#3117=ORIENTED_EDGE('',*,*,#3962,.F.);
#3118=ORIENTED_EDGE('',*,*,#3654,.T.);
#3119=ORIENTED_EDGE('',*,*,#3961,.T.);
#3120=ORIENTED_EDGE('',*,*,#3841,.T.);
#3121=ORIENTED_EDGE('',*,*,#3812,.F.);
#3122=ORIENTED_EDGE('',*,*,#3781,.T.);
#3123=ORIENTED_EDGE('',*,*,#3751,.T.);
#3124=ORIENTED_EDGE('',*,*,#3721,.T.);
#3125=ORIENTED_EDGE('',*,*,#3691,.T.);
#3126=ORIENTED_EDGE('',*,*,#3652,.T.);
#3127=ORIENTED_EDGE('',*,*,#3690,.T.);
#3128=ORIENTED_EDGE('',*,*,#3720,.T.);
#3129=ORIENTED_EDGE('',*,*,#3750,.T.);
#3130=ORIENTED_EDGE('',*,*,#3780,.T.);
#3131=ORIENTED_EDGE('',*,*,#3811,.F.);
#3132=ORIENTED_EDGE('',*,*,#3840,.T.);
#3133=ORIENTED_EDGE('',*,*,#3960,.F.);
#3134=ORIENTED_EDGE('',*,*,#3650,.T.);
#3135=ORIENTED_EDGE('',*,*,#3959,.T.);
#3136=ORIENTED_EDGE('',*,*,#3838,.T.);
#3137=ORIENTED_EDGE('',*,*,#3809,.F.);
#3138=ORIENTED_EDGE('',*,*,#3778,.T.);
#3139=ORIENTED_EDGE('',*,*,#3748,.T.);
#3140=ORIENTED_EDGE('',*,*,#3718,.T.);
#3141=ORIENTED_EDGE('',*,*,#3688,.T.);
#3142=ORIENTED_EDGE('',*,*,#3646,.T.);
#3143=ORIENTED_EDGE('',*,*,#3957,.T.);
#3144=ORIENTED_EDGE('',*,*,#3835,.T.);
#3145=ORIENTED_EDGE('',*,*,#3806,.F.);
#3146=ORIENTED_EDGE('',*,*,#3775,.T.);
#3147=ORIENTED_EDGE('',*,*,#3745,.T.);
#3148=ORIENTED_EDGE('',*,*,#3715,.T.);
#3149=ORIENTED_EDGE('',*,*,#3685,.T.);
#3150=ORIENTED_EDGE('',*,*,#3648,.T.);
#3151=ORIENTED_EDGE('',*,*,#3687,.T.);
#3152=ORIENTED_EDGE('',*,*,#3717,.T.);
#3153=ORIENTED_EDGE('',*,*,#3747,.T.);
#3154=ORIENTED_EDGE('',*,*,#3777,.T.);
#3155=ORIENTED_EDGE('',*,*,#3808,.F.);
#3156=ORIENTED_EDGE('',*,*,#3837,.T.);
#3157=ORIENTED_EDGE('',*,*,#3958,.F.);
#3158=EDGE_CURVE('',#3976,#3977,#4520,.T.);
#3159=EDGE_CURVE('',#3978,#3976,#78,.T.);
#3160=EDGE_CURVE('',#3979,#3978,#79,.T.);
#3161=EDGE_CURVE('',#3980,#3979,#80,.T.);
#3162=EDGE_CURVE('',#3981,#3980,#81,.T.);
#3163=EDGE_CURVE('',#3982,#3981,#82,.T.);
#3164=EDGE_CURVE('',#3983,#3982,#83,.T.);
#3165=EDGE_CURVE('',#3977,#3983,#84,.T.);
#3166=EDGE_CURVE('',#3977,#3984,#4521,.T.);
#3167=EDGE_CURVE('',#3985,#3977,#85,.T.);
#3168=EDGE_CURVE('',#3986,#3985,#4522,.T.);
#3169=EDGE_CURVE('',#3984,#3986,#86,.T.);
#3170=EDGE_CURVE('',#3987,#3988,#4523,.T.);
#3171=EDGE_CURVE('',#3989,#3987,#87,.T.);
#3172=EDGE_CURVE('',#3990,#3989,#4524,.T.);
#3173=EDGE_CURVE('',#3988,#3990,#88,.T.);
#3174=EDGE_CURVE('',#3988,#3991,#4525,.T.);
#3175=EDGE_CURVE('',#3992,#3988,#89,.T.);
#3176=EDGE_CURVE('',#3993,#3992,#4526,.T.);
#3177=EDGE_CURVE('',#3991,#3993,#90,.T.);
#3178=EDGE_CURVE('',#3994,#3995,#91,.T.);
#3179=EDGE_CURVE('',#3994,#3996,#92,.T.);
#3180=EDGE_CURVE('',#3996,#3997,#93,.T.);
#3181=EDGE_CURVE('',#3998,#3997,#94,.T.);
#3182=EDGE_CURVE('',#3998,#3999,#95,.T.);
#3183=EDGE_CURVE('',#4000,#3999,#96,.T.);
#3184=EDGE_CURVE('',#4001,#4000,#97,.T.);
#3185=EDGE_CURVE('',#4002,#4001,#98,.T.);
#3186=EDGE_CURVE('',#3982,#4002,#99,.T.);
#3187=EDGE_CURVE('',#4003,#3981,#100,.T.);
#3188=EDGE_CURVE('',#3995,#4003,#101,.T.);
#3189=EDGE_CURVE('',#4004,#4005,#102,.T.);
#3190=EDGE_CURVE('',#4006,#4004,#103,.T.);
#3191=EDGE_CURVE('',#3980,#4006,#104,.T.);
#3192=EDGE_CURVE('',#3979,#4007,#105,.T.);
#3193=EDGE_CURVE('',#4008,#4007,#106,.T.);
#3194=EDGE_CURVE('',#4009,#4008,#107,.T.);
#3195=EDGE_CURVE('',#4009,#4005,#108,.T.);
#3196=EDGE_CURVE('',#3991,#3987,#4527,.T.);
#3197=EDGE_CURVE('',#4010,#3991,#109,.T.);
#3198=EDGE_CURVE('',#3996,#4010,#110,.T.);
#3199=EDGE_CURVE('',#4005,#3994,#111,.T.);
#3200=EDGE_CURVE('',#4011,#4009,#112,.T.);
#3201=EDGE_CURVE('',#3987,#4011,#113,.T.);
#3202=EDGE_CURVE('',#3984,#3976,#4528,.T.);
#3203=EDGE_CURVE('',#4012,#3984,#114,.T.);
#3204=EDGE_CURVE('',#4013,#4012,#4529,.T.);
#3205=EDGE_CURVE('',#3976,#4013,#115,.T.);
#3206=EDGE_CURVE('',#4014,#4015,#116,.T.);
#3207=EDGE_CURVE('',#3992,#4015,#117,.T.);
#3208=EDGE_CURVE('',#3990,#4014,#118,.T.);
#3209=EDGE_CURVE('',#4016,#4017,#119,.T.);
#3210=EDGE_CURVE('',#4012,#4016,#120,.T.);
#3211=EDGE_CURVE('',#3986,#4017,#121,.T.);
#3212=EDGE_CURVE('',#4018,#4019,#122,.T.);
#3213=EDGE_CURVE('',#4020,#4018,#123,.T.);
#3214=EDGE_CURVE('',#4021,#4020,#124,.T.);
#3215=EDGE_CURVE('',#4019,#4021,#125,.T.);
#3216=EDGE_CURVE('',#4022,#4023,#126,.T.);
#3217=EDGE_CURVE('',#4024,#4022,#127,.T.);
#3218=EDGE_CURVE('',#4025,#4024,#128,.T.);
#3219=EDGE_CURVE('',#4023,#4025,#129,.T.);
#3220=EDGE_CURVE('',#4026,#4027,#130,.T.);
#3221=EDGE_CURVE('',#4028,#4026,#131,.T.);
#3222=EDGE_CURVE('',#4029,#4028,#132,.T.);
#3223=EDGE_CURVE('',#4027,#4029,#133,.T.);
#3224=EDGE_CURVE('',#4030,#4031,#134,.T.);
#3225=EDGE_CURVE('',#4032,#4030,#135,.T.);
#3226=EDGE_CURVE('',#4033,#4032,#136,.T.);
#3227=EDGE_CURVE('',#4031,#4033,#137,.T.);
#3228=EDGE_CURVE('',#4034,#4035,#138,.T.);
#3229=EDGE_CURVE('',#4036,#4034,#139,.T.);
#3230=EDGE_CURVE('',#4037,#4036,#140,.T.);
#3231=EDGE_CURVE('',#4035,#4037,#141,.T.);
#3232=EDGE_CURVE('',#4038,#4039,#142,.T.);
#3233=EDGE_CURVE('',#4040,#4038,#143,.T.);
#3234=EDGE_CURVE('',#4041,#4040,#144,.T.);
#3235=EDGE_CURVE('',#4039,#4041,#145,.T.);
#3236=EDGE_CURVE('',#4042,#4043,#146,.T.);
#3237=EDGE_CURVE('',#4044,#4042,#147,.T.);
#3238=EDGE_CURVE('',#4045,#4044,#148,.T.);
#3239=EDGE_CURVE('',#4043,#4045,#149,.T.);
#3240=EDGE_CURVE('',#4046,#4047,#150,.T.);
#3241=EDGE_CURVE('',#4048,#4046,#151,.T.);
#3242=EDGE_CURVE('',#4049,#4048,#152,.T.);
#3243=EDGE_CURVE('',#4047,#4049,#153,.T.);
#3244=EDGE_CURVE('',#4050,#4051,#154,.T.);
#3245=EDGE_CURVE('',#4052,#4050,#155,.T.);
#3246=EDGE_CURVE('',#4053,#4052,#156,.T.);
#3247=EDGE_CURVE('',#4051,#4053,#157,.T.);
#3248=EDGE_CURVE('',#4054,#4055,#158,.T.);
#3249=EDGE_CURVE('',#4056,#4054,#159,.T.);
#3250=EDGE_CURVE('',#4057,#4056,#160,.T.);
#3251=EDGE_CURVE('',#4055,#4057,#161,.T.);
#3252=EDGE_CURVE('',#4058,#4059,#162,.T.);
#3253=EDGE_CURVE('',#4060,#4058,#163,.T.);
#3254=EDGE_CURVE('',#4061,#4060,#164,.T.);
#3255=EDGE_CURVE('',#4059,#4061,#165,.T.);
#3256=EDGE_CURVE('',#4062,#4063,#166,.T.);
#3257=EDGE_CURVE('',#4064,#4062,#167,.T.);
#3258=EDGE_CURVE('',#4065,#4064,#168,.T.);
#3259=EDGE_CURVE('',#4063,#4065,#169,.T.);
#3260=EDGE_CURVE('',#4066,#4067,#170,.T.);
#3261=EDGE_CURVE('',#4068,#4066,#171,.T.);
#3262=EDGE_CURVE('',#4069,#4068,#172,.T.);
#3263=EDGE_CURVE('',#4067,#4069,#173,.T.);
#3264=EDGE_CURVE('',#4070,#4071,#174,.T.);
#3265=EDGE_CURVE('',#4072,#4070,#175,.T.);
#3266=EDGE_CURVE('',#4073,#4072,#176,.T.);
#3267=EDGE_CURVE('',#4071,#4073,#177,.T.);
#3268=EDGE_CURVE('',#4074,#4075,#178,.T.);
#3269=EDGE_CURVE('',#4076,#4074,#179,.T.);
#3270=EDGE_CURVE('',#4077,#4076,#180,.T.);
#3271=EDGE_CURVE('',#4075,#4077,#181,.T.);
#3272=EDGE_CURVE('',#4078,#4079,#182,.T.);
#3273=EDGE_CURVE('',#4080,#4078,#183,.T.);
#3274=EDGE_CURVE('',#4081,#4080,#184,.T.);
#3275=EDGE_CURVE('',#4079,#4081,#185,.T.);
#3276=EDGE_CURVE('',#4082,#4083,#186,.T.);
#3277=EDGE_CURVE('',#4084,#4082,#187,.T.);
#3278=EDGE_CURVE('',#4085,#4084,#188,.T.);
#3279=EDGE_CURVE('',#4083,#4085,#189,.T.);
#3280=EDGE_CURVE('',#4086,#4087,#190,.T.);
#3281=EDGE_CURVE('',#4088,#4086,#191,.T.);
#3282=EDGE_CURVE('',#4089,#4088,#192,.T.);
#3283=EDGE_CURVE('',#4087,#4089,#193,.T.);
#3284=EDGE_CURVE('',#4090,#4091,#194,.T.);
#3285=EDGE_CURVE('',#4092,#4090,#195,.T.);
#3286=EDGE_CURVE('',#4093,#4092,#196,.T.);
#3287=EDGE_CURVE('',#4091,#4093,#197,.T.);
#3288=EDGE_CURVE('',#4094,#4095,#198,.T.);
#3289=EDGE_CURVE('',#4096,#4094,#199,.T.);
#3290=EDGE_CURVE('',#4097,#4096,#200,.T.);
#3291=EDGE_CURVE('',#4095,#4097,#201,.T.);
#3292=EDGE_CURVE('',#3997,#4008,#202,.T.);
#3293=EDGE_CURVE('',#4007,#4002,#203,.T.);
#3294=EDGE_CURVE('',#4098,#4001,#204,.T.);
#3295=EDGE_CURVE('',#4098,#4099,#205,.T.);
#3296=EDGE_CURVE('',#4099,#3998,#206,.T.);
#3297=EDGE_CURVE('',#3989,#4100,#207,.T.);
#3298=EDGE_CURVE('',#4100,#4014,#4530,.F.);
#3299=EDGE_CURVE('',#4011,#4101,#208,.T.);
#3300=EDGE_CURVE('',#4101,#4100,#209,.T.);
#3301=EDGE_CURVE('',#4013,#4102,#210,.T.);
#3302=EDGE_CURVE('',#4102,#4103,#211,.T.);
#3303=EDGE_CURVE('',#3978,#4103,#212,.T.);
#3304=EDGE_CURVE('',#4016,#4102,#4531,.F.);
#3305=EDGE_CURVE('',#3985,#4104,#213,.T.);
#3306=EDGE_CURVE('',#4104,#4017,#4532,.F.);
#3307=EDGE_CURVE('',#3983,#4105,#214,.T.);
#3308=EDGE_CURVE('',#4105,#4104,#215,.T.);
#3309=EDGE_CURVE('',#4015,#4106,#4533,.F.);
#3310=EDGE_CURVE('',#3993,#4106,#216,.T.);
#3311=EDGE_CURVE('',#4106,#4107,#217,.T.);
#3312=EDGE_CURVE('',#4010,#4107,#218,.T.);
#3313=EDGE_CURVE('',#4103,#4105,#219,.T.);
#3314=EDGE_CURVE('',#4101,#4107,#220,.T.);
#3315=EDGE_CURVE('',#3999,#4108,#221,.T.);
#3316=EDGE_CURVE('',#4109,#4108,#222,.T.);
#3317=EDGE_CURVE('',#4000,#4109,#223,.T.);
#3318=EDGE_CURVE('',#4108,#4099,#224,.T.);
#3319=EDGE_CURVE('',#4109,#4098,#225,.T.);
#3320=EDGE_CURVE('',#4006,#4003,#226,.T.);
#3321=EDGE_CURVE('',#4004,#3995,#227,.T.);
#3322=EDGE_CURVE('',#4110,#4110,#4534,.T.);
#3323=EDGE_CURVE('',#4111,#4111,#4535,.T.);
#3324=EDGE_CURVE('',#4112,#4095,#228,.T.);
#3325=EDGE_CURVE('',#4113,#4112,#229,.T.);
#3326=EDGE_CURVE('',#4113,#4094,#230,.T.);
#3327=EDGE_CURVE('',#4114,#4097,#231,.T.);
#3328=EDGE_CURVE('',#4112,#4114,#232,.T.);
#3329=EDGE_CURVE('',#4115,#4096,#233,.T.);
#3330=EDGE_CURVE('',#4114,#4115,#234,.T.);
#3331=EDGE_CURVE('',#4115,#4113,#235,.T.);
#3332=EDGE_CURVE('',#4116,#4091,#236,.T.);
#3333=EDGE_CURVE('',#4117,#4116,#237,.T.);
#3334=EDGE_CURVE('',#4117,#4090,#238,.T.);
#3335=EDGE_CURVE('',#4118,#4093,#239,.T.);
#3336=EDGE_CURVE('',#4116,#4118,#240,.T.);
#3337=EDGE_CURVE('',#4119,#4092,#241,.T.);
#3338=EDGE_CURVE('',#4118,#4119,#242,.T.);
#3339=EDGE_CURVE('',#4119,#4117,#243,.T.);
#3340=EDGE_CURVE('',#4120,#4087,#244,.T.);
#3341=EDGE_CURVE('',#4121,#4120,#245,.T.);
#3342=EDGE_CURVE('',#4121,#4086,#246,.T.);
#3343=EDGE_CURVE('',#4122,#4089,#247,.T.);
#3344=EDGE_CURVE('',#4120,#4122,#248,.T.);
#3345=EDGE_CURVE('',#4123,#4088,#249,.T.);
#3346=EDGE_CURVE('',#4122,#4123,#250,.T.);
#3347=EDGE_CURVE('',#4123,#4121,#251,.T.);
#3348=EDGE_CURVE('',#4124,#4083,#252,.T.);
#3349=EDGE_CURVE('',#4125,#4124,#253,.T.);
#3350=EDGE_CURVE('',#4125,#4082,#254,.T.);
#3351=EDGE_CURVE('',#4126,#4085,#255,.T.);
#3352=EDGE_CURVE('',#4124,#4126,#256,.T.);
#3353=EDGE_CURVE('',#4127,#4084,#257,.T.);
#3354=EDGE_CURVE('',#4126,#4127,#258,.T.);
#3355=EDGE_CURVE('',#4127,#4125,#259,.T.);
#3356=EDGE_CURVE('',#4128,#4079,#260,.T.);
#3357=EDGE_CURVE('',#4129,#4128,#261,.T.);
#3358=EDGE_CURVE('',#4129,#4078,#262,.T.);
#3359=EDGE_CURVE('',#4130,#4081,#263,.T.);
#3360=EDGE_CURVE('',#4128,#4130,#264,.T.);
#3361=EDGE_CURVE('',#4131,#4080,#265,.T.);
#3362=EDGE_CURVE('',#4130,#4131,#266,.T.);
#3363=EDGE_CURVE('',#4131,#4129,#267,.T.);
#3364=EDGE_CURVE('',#4132,#4075,#268,.T.);
#3365=EDGE_CURVE('',#4133,#4132,#269,.T.);
#3366=EDGE_CURVE('',#4133,#4074,#270,.T.);
#3367=EDGE_CURVE('',#4134,#4077,#271,.T.);
#3368=EDGE_CURVE('',#4132,#4134,#272,.T.);
#3369=EDGE_CURVE('',#4135,#4076,#273,.T.);
#3370=EDGE_CURVE('',#4134,#4135,#274,.T.);
#3371=EDGE_CURVE('',#4135,#4133,#275,.T.);
#3372=EDGE_CURVE('',#4136,#4071,#276,.T.);
#3373=EDGE_CURVE('',#4137,#4136,#277,.T.);
#3374=EDGE_CURVE('',#4137,#4070,#278,.T.);
#3375=EDGE_CURVE('',#4138,#4073,#279,.T.);
#3376=EDGE_CURVE('',#4136,#4138,#280,.T.);
#3377=EDGE_CURVE('',#4139,#4072,#281,.T.);
#3378=EDGE_CURVE('',#4138,#4139,#282,.T.);
#3379=EDGE_CURVE('',#4139,#4137,#283,.T.);
#3380=EDGE_CURVE('',#4140,#4067,#284,.T.);
#3381=EDGE_CURVE('',#4141,#4140,#285,.T.);
#3382=EDGE_CURVE('',#4141,#4066,#286,.T.);
#3383=EDGE_CURVE('',#4142,#4069,#287,.T.);
#3384=EDGE_CURVE('',#4140,#4142,#288,.T.);
#3385=EDGE_CURVE('',#4143,#4068,#289,.T.);
#3386=EDGE_CURVE('',#4142,#4143,#290,.T.);
#3387=EDGE_CURVE('',#4143,#4141,#291,.T.);
#3388=EDGE_CURVE('',#4144,#4063,#292,.T.);
#3389=EDGE_CURVE('',#4145,#4144,#293,.T.);
#3390=EDGE_CURVE('',#4145,#4062,#294,.T.);
#3391=EDGE_CURVE('',#4146,#4065,#295,.T.);
#3392=EDGE_CURVE('',#4144,#4146,#296,.T.);
#3393=EDGE_CURVE('',#4147,#4064,#297,.T.);
#3394=EDGE_CURVE('',#4146,#4147,#298,.T.);
#3395=EDGE_CURVE('',#4147,#4145,#299,.T.);
#3396=EDGE_CURVE('',#4148,#4059,#300,.T.);
#3397=EDGE_CURVE('',#4149,#4148,#301,.T.);
#3398=EDGE_CURVE('',#4149,#4058,#302,.T.);
#3399=EDGE_CURVE('',#4150,#4061,#303,.T.);
#3400=EDGE_CURVE('',#4148,#4150,#304,.T.);
#3401=EDGE_CURVE('',#4151,#4060,#305,.T.);
#3402=EDGE_CURVE('',#4150,#4151,#306,.T.);
#3403=EDGE_CURVE('',#4151,#4149,#307,.T.);
#3404=EDGE_CURVE('',#4152,#4055,#308,.T.);
#3405=EDGE_CURVE('',#4153,#4152,#309,.T.);
#3406=EDGE_CURVE('',#4153,#4054,#310,.T.);
#3407=EDGE_CURVE('',#4154,#4057,#311,.T.);
#3408=EDGE_CURVE('',#4152,#4154,#312,.T.);
#3409=EDGE_CURVE('',#4155,#4056,#313,.T.);
#3410=EDGE_CURVE('',#4154,#4155,#314,.T.);
#3411=EDGE_CURVE('',#4155,#4153,#315,.T.);
#3412=EDGE_CURVE('',#4156,#4051,#316,.T.);
#3413=EDGE_CURVE('',#4157,#4156,#317,.T.);
#3414=EDGE_CURVE('',#4157,#4050,#318,.T.);
#3415=EDGE_CURVE('',#4158,#4053,#319,.T.);
#3416=EDGE_CURVE('',#4156,#4158,#320,.T.);
#3417=EDGE_CURVE('',#4159,#4052,#321,.T.);
#3418=EDGE_CURVE('',#4158,#4159,#322,.T.);
#3419=EDGE_CURVE('',#4159,#4157,#323,.T.);
#3420=EDGE_CURVE('',#4160,#4047,#324,.T.);
#3421=EDGE_CURVE('',#4161,#4160,#325,.T.);
#3422=EDGE_CURVE('',#4161,#4046,#326,.T.);
#3423=EDGE_CURVE('',#4162,#4049,#327,.T.);
#3424=EDGE_CURVE('',#4160,#4162,#328,.T.);
#3425=EDGE_CURVE('',#4163,#4048,#329,.T.);
#3426=EDGE_CURVE('',#4162,#4163,#330,.T.);
#3427=EDGE_CURVE('',#4163,#4161,#331,.T.);
#3428=EDGE_CURVE('',#4164,#4043,#332,.T.);
#3429=EDGE_CURVE('',#4165,#4164,#333,.T.);
#3430=EDGE_CURVE('',#4165,#4042,#334,.T.);
#3431=EDGE_CURVE('',#4166,#4045,#335,.T.);
#3432=EDGE_CURVE('',#4164,#4166,#336,.T.);
#3433=EDGE_CURVE('',#4167,#4044,#337,.T.);
#3434=EDGE_CURVE('',#4166,#4167,#338,.T.);
#3435=EDGE_CURVE('',#4167,#4165,#339,.T.);
#3436=EDGE_CURVE('',#4168,#4039,#340,.T.);
#3437=EDGE_CURVE('',#4169,#4168,#341,.T.);
#3438=EDGE_CURVE('',#4169,#4038,#342,.T.);
#3439=EDGE_CURVE('',#4170,#4041,#343,.T.);
#3440=EDGE_CURVE('',#4168,#4170,#344,.T.);
#3441=EDGE_CURVE('',#4171,#4040,#345,.T.);
#3442=EDGE_CURVE('',#4170,#4171,#346,.T.);
#3443=EDGE_CURVE('',#4171,#4169,#347,.T.);
#3444=EDGE_CURVE('',#4172,#4035,#348,.T.);
#3445=EDGE_CURVE('',#4173,#4172,#349,.T.);
#3446=EDGE_CURVE('',#4173,#4034,#350,.T.);
#3447=EDGE_CURVE('',#4174,#4037,#351,.T.);
#3448=EDGE_CURVE('',#4172,#4174,#352,.T.);
#3449=EDGE_CURVE('',#4175,#4036,#353,.T.);
#3450=EDGE_CURVE('',#4174,#4175,#354,.T.);
#3451=EDGE_CURVE('',#4175,#4173,#355,.T.);
#3452=EDGE_CURVE('',#4176,#4031,#356,.T.);
#3453=EDGE_CURVE('',#4177,#4176,#357,.T.);
#3454=EDGE_CURVE('',#4177,#4030,#358,.T.);
#3455=EDGE_CURVE('',#4178,#4033,#359,.T.);
#3456=EDGE_CURVE('',#4176,#4178,#360,.T.);
#3457=EDGE_CURVE('',#4179,#4032,#361,.T.);
#3458=EDGE_CURVE('',#4178,#4179,#362,.T.);
#3459=EDGE_CURVE('',#4179,#4177,#363,.T.);
#3460=EDGE_CURVE('',#4180,#4027,#364,.T.);
#3461=EDGE_CURVE('',#4181,#4180,#365,.T.);
#3462=EDGE_CURVE('',#4181,#4026,#366,.T.);
#3463=EDGE_CURVE('',#4182,#4029,#367,.T.);
#3464=EDGE_CURVE('',#4180,#4182,#368,.T.);
#3465=EDGE_CURVE('',#4183,#4028,#369,.T.);
#3466=EDGE_CURVE('',#4182,#4183,#370,.T.);
#3467=EDGE_CURVE('',#4183,#4181,#371,.T.);
#3468=EDGE_CURVE('',#4184,#4023,#372,.T.);
#3469=EDGE_CURVE('',#4185,#4184,#373,.T.);
#3470=EDGE_CURVE('',#4185,#4022,#374,.T.);
#3471=EDGE_CURVE('',#4186,#4025,#375,.T.);
#3472=EDGE_CURVE('',#4184,#4186,#376,.T.);
#3473=EDGE_CURVE('',#4187,#4024,#377,.T.);
#3474=EDGE_CURVE('',#4186,#4187,#378,.T.);
#3475=EDGE_CURVE('',#4187,#4185,#379,.T.);
#3476=EDGE_CURVE('',#4188,#4019,#380,.T.);
#3477=EDGE_CURVE('',#4189,#4188,#381,.T.);
#3478=EDGE_CURVE('',#4189,#4018,#382,.T.);
#3479=EDGE_CURVE('',#4190,#4021,#383,.T.);
#3480=EDGE_CURVE('',#4188,#4190,#384,.T.);
#3481=EDGE_CURVE('',#4191,#4020,#385,.T.);
#3482=EDGE_CURVE('',#4190,#4191,#386,.T.);
#3483=EDGE_CURVE('',#4191,#4189,#387,.T.);
#3484=EDGE_CURVE('',#4192,#4193,#388,.T.);
#3485=EDGE_CURVE('',#4192,#4194,#389,.T.);
#3486=EDGE_CURVE('',#4195,#4194,#390,.T.);
#3487=EDGE_CURVE('',#4193,#4195,#391,.T.);
#3488=EDGE_CURVE('',#4196,#4197,#392,.T.);
#3489=EDGE_CURVE('',#4196,#4198,#393,.T.);
#3490=EDGE_CURVE('',#4199,#4198,#394,.T.);
#3491=EDGE_CURVE('',#4197,#4199,#395,.T.);
#3492=EDGE_CURVE('',#4200,#4201,#396,.T.);
#3493=EDGE_CURVE('',#4200,#4202,#397,.T.);
#3494=EDGE_CURVE('',#4203,#4202,#398,.T.);
#3495=EDGE_CURVE('',#4201,#4203,#399,.T.);
#3496=EDGE_CURVE('',#4204,#4205,#400,.T.);
#3497=EDGE_CURVE('',#4204,#4206,#401,.T.);
#3498=EDGE_CURVE('',#4207,#4206,#402,.T.);
#3499=EDGE_CURVE('',#4205,#4207,#403,.T.);
#3500=EDGE_CURVE('',#4208,#4209,#404,.T.);
#3501=EDGE_CURVE('',#4208,#4210,#405,.T.);
#3502=EDGE_CURVE('',#4211,#4210,#406,.T.);
#3503=EDGE_CURVE('',#4209,#4211,#407,.T.);
#3504=EDGE_CURVE('',#4212,#4213,#408,.T.);
#3505=EDGE_CURVE('',#4212,#4214,#409,.T.);
#3506=EDGE_CURVE('',#4215,#4214,#410,.T.);
#3507=EDGE_CURVE('',#4213,#4215,#411,.T.);
#3508=EDGE_CURVE('',#4216,#4217,#412,.T.);
#3509=EDGE_CURVE('',#4216,#4218,#413,.T.);
#3510=EDGE_CURVE('',#4219,#4218,#414,.T.);
#3511=EDGE_CURVE('',#4217,#4219,#415,.T.);
#3512=EDGE_CURVE('',#4220,#4221,#416,.T.);
#3513=EDGE_CURVE('',#4220,#4222,#417,.T.);
#3514=EDGE_CURVE('',#4223,#4222,#418,.T.);
#3515=EDGE_CURVE('',#4221,#4223,#419,.T.);
#3516=EDGE_CURVE('',#4224,#4225,#420,.T.);
#3517=EDGE_CURVE('',#4224,#4226,#421,.T.);
#3518=EDGE_CURVE('',#4227,#4226,#422,.T.);
#3519=EDGE_CURVE('',#4225,#4227,#423,.T.);
#3520=EDGE_CURVE('',#4228,#4229,#424,.T.);
#3521=EDGE_CURVE('',#4228,#4230,#425,.T.);
#3522=EDGE_CURVE('',#4231,#4230,#426,.T.);
#3523=EDGE_CURVE('',#4229,#4231,#427,.T.);
#3524=EDGE_CURVE('',#4193,#4232,#428,.T.);
#3525=EDGE_CURVE('',#4233,#4195,#429,.T.);
#3526=EDGE_CURVE('',#4232,#4233,#430,.T.);
#3527=EDGE_CURVE('',#4197,#4234,#431,.T.);
#3528=EDGE_CURVE('',#4235,#4199,#432,.T.);
#3529=EDGE_CURVE('',#4234,#4235,#433,.T.);
#3530=EDGE_CURVE('',#4201,#4236,#434,.T.);
#3531=EDGE_CURVE('',#4237,#4203,#435,.T.);
#3532=EDGE_CURVE('',#4236,#4237,#436,.T.);
#3533=EDGE_CURVE('',#4205,#4238,#437,.T.);
#3534=EDGE_CURVE('',#4239,#4207,#438,.T.);
#3535=EDGE_CURVE('',#4238,#4239,#439,.T.);
#3536=EDGE_CURVE('',#4209,#4240,#440,.T.);
#3537=EDGE_CURVE('',#4241,#4211,#441,.T.);
#3538=EDGE_CURVE('',#4240,#4241,#442,.T.);
#3539=EDGE_CURVE('',#4213,#4242,#443,.T.);
#3540=EDGE_CURVE('',#4243,#4215,#444,.T.);
#3541=EDGE_CURVE('',#4242,#4243,#445,.T.);
#3542=EDGE_CURVE('',#4217,#4244,#446,.T.);
#3543=EDGE_CURVE('',#4245,#4219,#447,.T.);
#3544=EDGE_CURVE('',#4244,#4245,#448,.T.);
#3545=EDGE_CURVE('',#4221,#4246,#449,.T.);
#3546=EDGE_CURVE('',#4247,#4223,#450,.T.);
#3547=EDGE_CURVE('',#4246,#4247,#451,.T.);
#3548=EDGE_CURVE('',#4225,#4248,#452,.T.);
#3549=EDGE_CURVE('',#4249,#4227,#453,.T.);
#3550=EDGE_CURVE('',#4248,#4249,#454,.T.);
#3551=EDGE_CURVE('',#4229,#4250,#455,.T.);
#3552=EDGE_CURVE('',#4251,#4231,#456,.T.);
#3553=EDGE_CURVE('',#4250,#4251,#457,.T.);
#3554=EDGE_CURVE('',#4232,#4252,#458,.T.);
#3555=EDGE_CURVE('',#4253,#4233,#459,.T.);
#3556=EDGE_CURVE('',#4252,#4253,#460,.T.);
#3557=EDGE_CURVE('',#4234,#4254,#461,.T.);
#3558=EDGE_CURVE('',#4255,#4235,#462,.T.);
#3559=EDGE_CURVE('',#4254,#4255,#463,.T.);
#3560=EDGE_CURVE('',#4236,#4256,#464,.T.);
#3561=EDGE_CURVE('',#4257,#4237,#465,.T.);
#3562=EDGE_CURVE('',#4256,#4257,#466,.T.);
#3563=EDGE_CURVE('',#4238,#4258,#467,.T.);
#3564=EDGE_CURVE('',#4259,#4239,#468,.T.);
#3565=EDGE_CURVE('',#4258,#4259,#469,.T.);
#3566=EDGE_CURVE('',#4240,#4260,#470,.T.);
#3567=EDGE_CURVE('',#4261,#4241,#471,.T.);
#3568=EDGE_CURVE('',#4260,#4261,#472,.T.);
#3569=EDGE_CURVE('',#4242,#4262,#473,.T.);
#3570=EDGE_CURVE('',#4263,#4243,#474,.T.);
#3571=EDGE_CURVE('',#4262,#4263,#475,.T.);
#3572=EDGE_CURVE('',#4244,#4264,#476,.T.);
#3573=EDGE_CURVE('',#4265,#4245,#477,.T.);
#3574=EDGE_CURVE('',#4264,#4265,#478,.T.);
#3575=EDGE_CURVE('',#4246,#4266,#479,.T.);
#3576=EDGE_CURVE('',#4267,#4247,#480,.T.);
#3577=EDGE_CURVE('',#4266,#4267,#481,.T.);
#3578=EDGE_CURVE('',#4248,#4268,#482,.T.);
#3579=EDGE_CURVE('',#4269,#4249,#483,.T.);
#3580=EDGE_CURVE('',#4268,#4269,#484,.T.);
#3581=EDGE_CURVE('',#4250,#4270,#485,.T.);
#3582=EDGE_CURVE('',#4271,#4251,#486,.T.);
#3583=EDGE_CURVE('',#4270,#4271,#487,.T.);
#3584=EDGE_CURVE('',#4252,#4272,#4536,.T.);
#3585=EDGE_CURVE('',#4273,#4253,#4537,.T.);
#3586=EDGE_CURVE('',#4272,#4273,#488,.T.);
#3587=EDGE_CURVE('',#4254,#4274,#4538,.T.);
#3588=EDGE_CURVE('',#4275,#4255,#4539,.T.);
#3589=EDGE_CURVE('',#4274,#4275,#489,.T.);
#3590=EDGE_CURVE('',#4256,#4276,#4540,.T.);
#3591=EDGE_CURVE('',#4277,#4257,#4541,.T.);
#3592=EDGE_CURVE('',#4276,#4277,#490,.T.);
#3593=EDGE_CURVE('',#4258,#4278,#4542,.T.);
#3594=EDGE_CURVE('',#4279,#4259,#4543,.T.);
#3595=EDGE_CURVE('',#4278,#4279,#491,.T.);
#3596=EDGE_CURVE('',#4260,#4280,#4544,.T.);
#3597=EDGE_CURVE('',#4281,#4261,#4545,.T.);
#3598=EDGE_CURVE('',#4280,#4281,#492,.T.);
#3599=EDGE_CURVE('',#4262,#4282,#4546,.T.);
#3600=EDGE_CURVE('',#4283,#4263,#4547,.T.);
#3601=EDGE_CURVE('',#4282,#4283,#493,.T.);
#3602=EDGE_CURVE('',#4264,#4284,#4548,.T.);
#3603=EDGE_CURVE('',#4285,#4265,#4549,.T.);
#3604=EDGE_CURVE('',#4284,#4285,#494,.T.);
#3605=EDGE_CURVE('',#4266,#4286,#4550,.T.);
#3606=EDGE_CURVE('',#4287,#4267,#4551,.T.);
#3607=EDGE_CURVE('',#4286,#4287,#495,.T.);
#3608=EDGE_CURVE('',#4268,#4288,#4552,.T.);
#3609=EDGE_CURVE('',#4289,#4269,#4553,.T.);
#3610=EDGE_CURVE('',#4288,#4289,#496,.T.);
#3611=EDGE_CURVE('',#4270,#4290,#4554,.T.);
#3612=EDGE_CURVE('',#4291,#4271,#4555,.T.);
#3613=EDGE_CURVE('',#4290,#4291,#497,.T.);
#3614=EDGE_CURVE('',#4272,#4292,#498,.T.);
#3615=EDGE_CURVE('',#4293,#4273,#499,.T.);
#3616=EDGE_CURVE('',#4292,#4293,#500,.T.);
#3617=EDGE_CURVE('',#4274,#4294,#501,.T.);
#3618=EDGE_CURVE('',#4295,#4275,#502,.T.);
#3619=EDGE_CURVE('',#4294,#4295,#503,.T.);
#3620=EDGE_CURVE('',#4276,#4296,#504,.T.);
#3621=EDGE_CURVE('',#4297,#4277,#505,.T.);
#3622=EDGE_CURVE('',#4296,#4297,#506,.T.);
#3623=EDGE_CURVE('',#4278,#4298,#507,.T.);
#3624=EDGE_CURVE('',#4299,#4279,#508,.T.);
#3625=EDGE_CURVE('',#4298,#4299,#509,.T.);
#3626=EDGE_CURVE('',#4280,#4300,#510,.T.);
#3627=EDGE_CURVE('',#4301,#4281,#511,.T.);
#3628=EDGE_CURVE('',#4300,#4301,#512,.T.);
#3629=EDGE_CURVE('',#4282,#4302,#513,.T.);
#3630=EDGE_CURVE('',#4303,#4283,#514,.T.);
#3631=EDGE_CURVE('',#4302,#4303,#515,.T.);
#3632=EDGE_CURVE('',#4284,#4304,#516,.T.);
#3633=EDGE_CURVE('',#4305,#4285,#517,.T.);
#3634=EDGE_CURVE('',#4304,#4305,#518,.T.);
#3635=EDGE_CURVE('',#4286,#4306,#519,.T.);
#3636=EDGE_CURVE('',#4307,#4287,#520,.T.);
#3637=EDGE_CURVE('',#4306,#4307,#521,.T.);
#3638=EDGE_CURVE('',#4288,#4308,#522,.T.);
#3639=EDGE_CURVE('',#4309,#4289,#523,.T.);
#3640=EDGE_CURVE('',#4308,#4309,#524,.T.);
#3641=EDGE_CURVE('',#4290,#4310,#525,.T.);
#3642=EDGE_CURVE('',#4311,#4291,#526,.T.);
#3643=EDGE_CURVE('',#4310,#4311,#527,.T.);
#3644=EDGE_CURVE('',#4312,#4313,#528,.T.);
#3645=EDGE_CURVE('',#4312,#4314,#529,.T.);
#3646=EDGE_CURVE('',#4315,#4314,#530,.T.);
#3647=EDGE_CURVE('',#4313,#4315,#531,.T.);
#3648=EDGE_CURVE('',#4316,#4317,#532,.T.);
#3649=EDGE_CURVE('',#4316,#4318,#533,.T.);
#3650=EDGE_CURVE('',#4319,#4318,#534,.T.);
#3651=EDGE_CURVE('',#4317,#4319,#535,.T.);
#3652=EDGE_CURVE('',#4320,#4321,#536,.T.);
#3653=EDGE_CURVE('',#4320,#4322,#537,.T.);
#3654=EDGE_CURVE('',#4323,#4322,#538,.T.);
#3655=EDGE_CURVE('',#4321,#4323,#539,.T.);
#3656=EDGE_CURVE('',#4324,#4325,#540,.T.);
#3657=EDGE_CURVE('',#4324,#4326,#541,.T.);
#3658=EDGE_CURVE('',#4327,#4326,#542,.T.);
#3659=EDGE_CURVE('',#4325,#4327,#543,.T.);
#3660=EDGE_CURVE('',#4328,#4329,#544,.T.);
#3661=EDGE_CURVE('',#4328,#4330,#545,.T.);
#3662=EDGE_CURVE('',#4331,#4330,#546,.T.);
#3663=EDGE_CURVE('',#4329,#4331,#547,.T.);
#3664=EDGE_CURVE('',#4332,#4333,#548,.T.);
#3665=EDGE_CURVE('',#4332,#4334,#549,.T.);
#3666=EDGE_CURVE('',#4335,#4334,#550,.T.);
#3667=EDGE_CURVE('',#4333,#4335,#551,.T.);
#3668=EDGE_CURVE('',#4336,#4337,#552,.T.);
#3669=EDGE_CURVE('',#4336,#4338,#553,.T.);
#3670=EDGE_CURVE('',#4339,#4338,#554,.T.);
#3671=EDGE_CURVE('',#4337,#4339,#555,.T.);
#3672=EDGE_CURVE('',#4340,#4341,#556,.T.);
#3673=EDGE_CURVE('',#4340,#4342,#557,.T.);
#3674=EDGE_CURVE('',#4343,#4342,#558,.T.);
#3675=EDGE_CURVE('',#4341,#4343,#559,.T.);
#3676=EDGE_CURVE('',#4344,#4345,#560,.T.);
#3677=EDGE_CURVE('',#4344,#4346,#561,.T.);
#3678=EDGE_CURVE('',#4347,#4346,#562,.T.);
#3679=EDGE_CURVE('',#4345,#4347,#563,.T.);
#3680=EDGE_CURVE('',#4348,#4349,#564,.T.);
#3681=EDGE_CURVE('',#4348,#4350,#565,.T.);
#3682=EDGE_CURVE('',#4351,#4350,#566,.T.);
#3683=EDGE_CURVE('',#4349,#4351,#567,.T.);
#3684=EDGE_CURVE('',#4313,#4352,#4556,.T.);
#3685=EDGE_CURVE('',#4353,#4315,#4557,.T.);
#3686=EDGE_CURVE('',#4352,#4353,#568,.T.);
#3687=EDGE_CURVE('',#4317,#4354,#4558,.T.);
#3688=EDGE_CURVE('',#4355,#4319,#4559,.T.);
#3689=EDGE_CURVE('',#4354,#4355,#569,.T.);
#3690=EDGE_CURVE('',#4321,#4356,#4560,.T.);
#3691=EDGE_CURVE('',#4357,#4323,#4561,.T.);
#3692=EDGE_CURVE('',#4356,#4357,#570,.T.);
#3693=EDGE_CURVE('',#4325,#4358,#4562,.T.);
#3694=EDGE_CURVE('',#4359,#4327,#4563,.T.);
#3695=EDGE_CURVE('',#4358,#4359,#571,.T.);
#3696=EDGE_CURVE('',#4329,#4360,#4564,.T.);
#3697=EDGE_CURVE('',#4361,#4331,#4565,.T.);
#3698=EDGE_CURVE('',#4360,#4361,#572,.T.);
#3699=EDGE_CURVE('',#4333,#4362,#4566,.T.);
#3700=EDGE_CURVE('',#4363,#4335,#4567,.T.);
#3701=EDGE_CURVE('',#4362,#4363,#573,.T.);
#3702=EDGE_CURVE('',#4337,#4364,#4568,.T.);
#3703=EDGE_CURVE('',#4365,#4339,#4569,.T.);
#3704=EDGE_CURVE('',#4364,#4365,#574,.T.);
#3705=EDGE_CURVE('',#4341,#4366,#4570,.T.);
#3706=EDGE_CURVE('',#4367,#4343,#4571,.T.);
#3707=EDGE_CURVE('',#4366,#4367,#575,.T.);
#3708=EDGE_CURVE('',#4345,#4368,#4572,.T.);
#3709=EDGE_CURVE('',#4369,#4347,#4573,.T.);
#3710=EDGE_CURVE('',#4368,#4369,#576,.T.);
#3711=EDGE_CURVE('',#4349,#4370,#4574,.T.);
#3712=EDGE_CURVE('',#4371,#4351,#4575,.T.);
#3713=EDGE_CURVE('',#4370,#4371,#577,.T.);
#3714=EDGE_CURVE('',#4352,#4372,#578,.T.);
#3715=EDGE_CURVE('',#4373,#4353,#579,.T.);
#3716=EDGE_CURVE('',#4372,#4373,#580,.T.);
#3717=EDGE_CURVE('',#4354,#4374,#581,.T.);
#3718=EDGE_CURVE('',#4375,#4355,#582,.T.);
#3719=EDGE_CURVE('',#4374,#4375,#583,.T.);
#3720=EDGE_CURVE('',#4356,#4376,#584,.T.);
#3721=EDGE_CURVE('',#4377,#4357,#585,.T.);
#3722=EDGE_CURVE('',#4376,#4377,#586,.T.);
#3723=EDGE_CURVE('',#4358,#4378,#587,.T.);
#3724=EDGE_CURVE('',#4379,#4359,#588,.T.);
#3725=EDGE_CURVE('',#4378,#4379,#589,.T.);
#3726=EDGE_CURVE('',#4360,#4380,#590,.T.);
#3727=EDGE_CURVE('',#4381,#4361,#591,.T.);
#3728=EDGE_CURVE('',#4380,#4381,#592,.T.);
#3729=EDGE_CURVE('',#4362,#4382,#593,.T.);
#3730=EDGE_CURVE('',#4383,#4363,#594,.T.);
#3731=EDGE_CURVE('',#4382,#4383,#595,.T.);
#3732=EDGE_CURVE('',#4364,#4384,#596,.T.);
#3733=EDGE_CURVE('',#4385,#4365,#597,.T.);
#3734=EDGE_CURVE('',#4384,#4385,#598,.T.);
#3735=EDGE_CURVE('',#4366,#4386,#599,.T.);
#3736=EDGE_CURVE('',#4387,#4367,#600,.T.);
#3737=EDGE_CURVE('',#4386,#4387,#601,.T.);
#3738=EDGE_CURVE('',#4368,#4388,#602,.T.);
#3739=EDGE_CURVE('',#4389,#4369,#603,.T.);
#3740=EDGE_CURVE('',#4388,#4389,#604,.T.);
#3741=EDGE_CURVE('',#4370,#4390,#605,.T.);
#3742=EDGE_CURVE('',#4391,#4371,#606,.T.);
#3743=EDGE_CURVE('',#4390,#4391,#607,.T.);
#3744=EDGE_CURVE('',#4372,#4392,#608,.T.);
#3745=EDGE_CURVE('',#4393,#4373,#609,.T.);
#3746=EDGE_CURVE('',#4392,#4393,#610,.T.);
#3747=EDGE_CURVE('',#4374,#4394,#611,.T.);
#3748=EDGE_CURVE('',#4395,#4375,#612,.T.);
#3749=EDGE_CURVE('',#4394,#4395,#613,.T.);
#3750=EDGE_CURVE('',#4376,#4396,#614,.T.);
#3751=EDGE_CURVE('',#4397,#4377,#615,.T.);
#3752=EDGE_CURVE('',#4396,#4397,#616,.T.);
#3753=EDGE_CURVE('',#4378,#4398,#617,.T.);
#3754=EDGE_CURVE('',#4399,#4379,#618,.T.);
#3755=EDGE_CURVE('',#4398,#4399,#619,.T.);
#3756=EDGE_CURVE('',#4380,#4400,#620,.T.);
#3757=EDGE_CURVE('',#4401,#4381,#621,.T.);
#3758=EDGE_CURVE('',#4400,#4401,#622,.T.);
#3759=EDGE_CURVE('',#4382,#4402,#623,.T.);
#3760=EDGE_CURVE('',#4403,#4383,#624,.T.);
#3761=EDGE_CURVE('',#4402,#4403,#625,.T.);
#3762=EDGE_CURVE('',#4384,#4404,#626,.T.);
#3763=EDGE_CURVE('',#4405,#4385,#627,.T.);
#3764=EDGE_CURVE('',#4404,#4405,#628,.T.);
#3765=EDGE_CURVE('',#4386,#4406,#629,.T.);
#3766=EDGE_CURVE('',#4407,#4387,#630,.T.);
#3767=EDGE_CURVE('',#4406,#4407,#631,.T.);
#3768=EDGE_CURVE('',#4388,#4408,#632,.T.);
#3769=EDGE_CURVE('',#4409,#4389,#633,.T.);
#3770=EDGE_CURVE('',#4408,#4409,#634,.T.);
#3771=EDGE_CURVE('',#4390,#4410,#635,.T.);
#3772=EDGE_CURVE('',#4411,#4391,#636,.T.);
#3773=EDGE_CURVE('',#4410,#4411,#637,.T.);
#3774=EDGE_CURVE('',#4392,#4412,#638,.T.);
#3775=EDGE_CURVE('',#4413,#4393,#639,.T.);
#3776=EDGE_CURVE('',#4412,#4413,#640,.T.);
#3777=EDGE_CURVE('',#4394,#4414,#641,.T.);
#3778=EDGE_CURVE('',#4415,#4395,#642,.T.);
#3779=EDGE_CURVE('',#4414,#4415,#643,.T.);
#3780=EDGE_CURVE('',#4396,#4416,#644,.T.);
#3781=EDGE_CURVE('',#4417,#4397,#645,.T.);
#3782=EDGE_CURVE('',#4416,#4417,#646,.T.);
#3783=EDGE_CURVE('',#4398,#4418,#647,.T.);
#3784=EDGE_CURVE('',#4419,#4399,#648,.T.);
#3785=EDGE_CURVE('',#4418,#4419,#649,.T.);
#3786=EDGE_CURVE('',#4400,#4420,#650,.T.);
#3787=EDGE_CURVE('',#4421,#4401,#651,.T.);
#3788=EDGE_CURVE('',#4420,#4421,#652,.T.);
#3789=EDGE_CURVE('',#4402,#4422,#653,.T.);
#3790=EDGE_CURVE('',#4423,#4403,#654,.T.);
#3791=EDGE_CURVE('',#4422,#4423,#655,.T.);
#3792=EDGE_CURVE('',#4404,#4424,#656,.T.);
#3793=EDGE_CURVE('',#4425,#4405,#657,.T.);
#3794=EDGE_CURVE('',#4424,#4425,#658,.T.);
#3795=EDGE_CURVE('',#4406,#4426,#659,.T.);
#3796=EDGE_CURVE('',#4427,#4407,#660,.T.);
#3797=EDGE_CURVE('',#4426,#4427,#661,.T.);
#3798=EDGE_CURVE('',#4408,#4428,#662,.T.);
#3799=EDGE_CURVE('',#4429,#4409,#663,.T.);
#3800=EDGE_CURVE('',#4428,#4429,#664,.T.);
#3801=EDGE_CURVE('',#4410,#4430,#665,.T.);
#3802=EDGE_CURVE('',#4431,#4411,#666,.T.);
#3803=EDGE_CURVE('',#4430,#4431,#667,.T.);
#3804=EDGE_CURVE('',#4432,#4433,#668,.T.);
#3805=EDGE_CURVE('',#4432,#4412,#4576,.T.);
#3806=EDGE_CURVE('',#4413,#4433,#4577,.T.);
#3807=EDGE_CURVE('',#4434,#4435,#669,.T.);
#3808=EDGE_CURVE('',#4434,#4414,#4578,.T.);
#3809=EDGE_CURVE('',#4415,#4435,#4579,.T.);
#3810=EDGE_CURVE('',#4436,#4437,#670,.T.);
#3811=EDGE_CURVE('',#4436,#4416,#4580,.T.);
#3812=EDGE_CURVE('',#4417,#4437,#4581,.T.);
#3813=EDGE_CURVE('',#4438,#4439,#671,.T.);
#3814=EDGE_CURVE('',#4438,#4418,#4582,.T.);
#3815=EDGE_CURVE('',#4419,#4439,#4583,.T.);
#3816=EDGE_CURVE('',#4440,#4441,#672,.T.);
#3817=EDGE_CURVE('',#4440,#4420,#4584,.T.);
#3818=EDGE_CURVE('',#4421,#4441,#4585,.T.);
#3819=EDGE_CURVE('',#4442,#4443,#673,.T.);
#3820=EDGE_CURVE('',#4442,#4422,#4586,.T.);
#3821=EDGE_CURVE('',#4423,#4443,#4587,.T.);
#3822=EDGE_CURVE('',#4444,#4445,#674,.T.);
#3823=EDGE_CURVE('',#4444,#4424,#4588,.T.);
#3824=EDGE_CURVE('',#4425,#4445,#4589,.T.);
#3825=EDGE_CURVE('',#4446,#4447,#675,.T.);
#3826=EDGE_CURVE('',#4446,#4426,#4590,.T.);
#3827=EDGE_CURVE('',#4427,#4447,#4591,.T.);
#3828=EDGE_CURVE('',#4448,#4449,#676,.T.);
#3829=EDGE_CURVE('',#4448,#4428,#4592,.T.);
#3830=EDGE_CURVE('',#4429,#4449,#4593,.T.);
#3831=EDGE_CURVE('',#4450,#4451,#677,.T.);
#3832=EDGE_CURVE('',#4450,#4430,#4594,.T.);
#3833=EDGE_CURVE('',#4431,#4451,#4595,.T.);
#3834=EDGE_CURVE('',#4432,#4452,#678,.T.);
#3835=EDGE_CURVE('',#4453,#4433,#679,.T.);
#3836=EDGE_CURVE('',#4452,#4453,#680,.T.);
#3837=EDGE_CURVE('',#4434,#4454,#681,.T.);
#3838=EDGE_CURVE('',#4455,#4435,#682,.T.);
#3839=EDGE_CURVE('',#4454,#4455,#683,.T.);
#3840=EDGE_CURVE('',#4436,#4456,#684,.T.);
#3841=EDGE_CURVE('',#4457,#4437,#685,.T.);
#3842=EDGE_CURVE('',#4456,#4457,#686,.T.);
#3843=EDGE_CURVE('',#4438,#4458,#687,.T.);
#3844=EDGE_CURVE('',#4459,#4439,#688,.T.);
#3845=EDGE_CURVE('',#4458,#4459,#689,.T.);
#3846=EDGE_CURVE('',#4440,#4460,#690,.T.);
#3847=EDGE_CURVE('',#4461,#4441,#691,.T.);
#3848=EDGE_CURVE('',#4460,#4461,#692,.T.);
#3849=EDGE_CURVE('',#4442,#4462,#693,.T.);
#3850=EDGE_CURVE('',#4463,#4443,#694,.T.);
#3851=EDGE_CURVE('',#4462,#4463,#695,.T.);
#3852=EDGE_CURVE('',#4444,#4464,#696,.T.);
#3853=EDGE_CURVE('',#4465,#4445,#697,.T.);
#3854=EDGE_CURVE('',#4464,#4465,#698,.T.);
#3855=EDGE_CURVE('',#4446,#4466,#699,.T.);
#3856=EDGE_CURVE('',#4467,#4447,#700,.T.);
#3857=EDGE_CURVE('',#4466,#4467,#701,.T.);
#3858=EDGE_CURVE('',#4448,#4468,#702,.T.);
#3859=EDGE_CURVE('',#4469,#4449,#703,.T.);
#3860=EDGE_CURVE('',#4468,#4469,#704,.T.);
#3861=EDGE_CURVE('',#4450,#4470,#705,.T.);
#3862=EDGE_CURVE('',#4471,#4451,#706,.T.);
#3863=EDGE_CURVE('',#4470,#4471,#707,.T.);
#3864=EDGE_CURVE('',#4472,#4473,#708,.T.);
#3865=EDGE_CURVE('',#4472,#4474,#709,.T.);
#3866=EDGE_CURVE('',#4475,#4474,#710,.T.);
#3867=EDGE_CURVE('',#4473,#4475,#711,.T.);
#3868=EDGE_CURVE('',#4476,#4477,#712,.T.);
#3869=EDGE_CURVE('',#4476,#4478,#713,.T.);
#3870=EDGE_CURVE('',#4479,#4478,#714,.T.);
#3871=EDGE_CURVE('',#4477,#4479,#715,.T.);
#3872=EDGE_CURVE('',#4480,#4481,#716,.T.);
#3873=EDGE_CURVE('',#4480,#4482,#717,.T.);
#3874=EDGE_CURVE('',#4483,#4482,#718,.T.);
#3875=EDGE_CURVE('',#4481,#4483,#719,.T.);
#3876=EDGE_CURVE('',#4484,#4485,#720,.T.);
#3877=EDGE_CURVE('',#4484,#4486,#721,.T.);
#3878=EDGE_CURVE('',#4487,#4486,#722,.T.);
#3879=EDGE_CURVE('',#4485,#4487,#723,.T.);
#3880=EDGE_CURVE('',#4488,#4489,#724,.T.);
#3881=EDGE_CURVE('',#4488,#4490,#725,.T.);
#3882=EDGE_CURVE('',#4491,#4490,#726,.T.);
#3883=EDGE_CURVE('',#4489,#4491,#727,.T.);
#3884=EDGE_CURVE('',#4492,#4493,#728,.T.);
#3885=EDGE_CURVE('',#4492,#4494,#729,.T.);
#3886=EDGE_CURVE('',#4495,#4494,#730,.T.);
#3887=EDGE_CURVE('',#4493,#4495,#731,.T.);
#3888=EDGE_CURVE('',#4496,#4497,#732,.T.);
#3889=EDGE_CURVE('',#4496,#4498,#733,.T.);
#3890=EDGE_CURVE('',#4499,#4498,#734,.T.);
#3891=EDGE_CURVE('',#4497,#4499,#735,.T.);
#3892=EDGE_CURVE('',#4500,#4501,#736,.T.);
#3893=EDGE_CURVE('',#4500,#4502,#737,.T.);
#3894=EDGE_CURVE('',#4503,#4502,#738,.T.);
#3895=EDGE_CURVE('',#4501,#4503,#739,.T.);
#3896=EDGE_CURVE('',#4504,#4505,#740,.T.);
#3897=EDGE_CURVE('',#4504,#4506,#741,.T.);
#3898=EDGE_CURVE('',#4507,#4506,#742,.T.);
#3899=EDGE_CURVE('',#4505,#4507,#743,.T.);
#3900=EDGE_CURVE('',#4508,#4509,#744,.T.);
#3901=EDGE_CURVE('',#4508,#4510,#745,.T.);
#3902=EDGE_CURVE('',#4511,#4510,#746,.T.);
#3903=EDGE_CURVE('',#4509,#4511,#747,.T.);
#3904=EDGE_CURVE('',#4192,#4473,#4596,.T.);
#3905=EDGE_CURVE('',#4475,#4194,#4597,.T.);
#3906=EDGE_CURVE('',#4196,#4477,#4598,.T.);
#3907=EDGE_CURVE('',#4479,#4198,#4599,.T.);
#3908=EDGE_CURVE('',#4200,#4481,#4600,.T.);
#3909=EDGE_CURVE('',#4483,#4202,#4601,.T.);
#3910=EDGE_CURVE('',#4204,#4485,#4602,.T.);
#3911=EDGE_CURVE('',#4487,#4206,#4603,.T.);
#3912=EDGE_CURVE('',#4208,#4489,#4604,.T.);
#3913=EDGE_CURVE('',#4491,#4210,#4605,.T.);
#3914=EDGE_CURVE('',#4212,#4493,#4606,.T.);
#3915=EDGE_CURVE('',#4495,#4214,#4607,.T.);
#3916=EDGE_CURVE('',#4216,#4497,#4608,.T.);
#3917=EDGE_CURVE('',#4499,#4218,#4609,.T.);
#3918=EDGE_CURVE('',#4220,#4501,#4610,.T.);
#3919=EDGE_CURVE('',#4503,#4222,#4611,.T.);
#3920=EDGE_CURVE('',#4224,#4505,#4612,.T.);
#3921=EDGE_CURVE('',#4507,#4226,#4613,.T.);
#3922=EDGE_CURVE('',#4228,#4509,#4614,.T.);
#3923=EDGE_CURVE('',#4511,#4230,#4615,.T.);
#3924=EDGE_CURVE('',#4512,#4513,#748,.T.);
#3925=EDGE_CURVE('',#4513,#4514,#749,.T.);
#3926=EDGE_CURVE('',#4514,#4515,#750,.T.);
#3927=EDGE_CURVE('',#4515,#4512,#751,.T.);
#3928=EDGE_CURVE('',#4516,#4517,#752,.T.);
#3929=EDGE_CURVE('',#4518,#4516,#753,.T.);
#3930=EDGE_CURVE('',#4519,#4518,#754,.T.);
#3931=EDGE_CURVE('',#4517,#4519,#755,.T.);
#3932=EDGE_CURVE('',#4515,#4517,#756,.T.);
#3933=EDGE_CURVE('',#4514,#4516,#757,.T.);
#3934=EDGE_CURVE('',#4512,#4519,#758,.T.);
#3935=EDGE_CURVE('',#4513,#4518,#759,.T.);
#3936=EDGE_CURVE('',#4472,#4292,#760,.T.);
#3937=EDGE_CURVE('',#4474,#4293,#761,.T.);
#3938=EDGE_CURVE('',#4478,#4295,#762,.T.);
#3939=EDGE_CURVE('',#4476,#4294,#763,.T.);
#3940=EDGE_CURVE('',#4482,#4297,#764,.T.);
#3941=EDGE_CURVE('',#4480,#4296,#765,.T.);
#3942=EDGE_CURVE('',#4486,#4299,#766,.T.);
#3943=EDGE_CURVE('',#4484,#4298,#767,.T.);
#3944=EDGE_CURVE('',#4490,#4301,#768,.T.);
#3945=EDGE_CURVE('',#4488,#4300,#769,.T.);
#3946=EDGE_CURVE('',#4494,#4303,#770,.T.);
#3947=EDGE_CURVE('',#4492,#4302,#771,.T.);
#3948=EDGE_CURVE('',#4498,#4305,#772,.T.);
#3949=EDGE_CURVE('',#4496,#4304,#773,.T.);
#3950=EDGE_CURVE('',#4502,#4307,#774,.T.);
#3951=EDGE_CURVE('',#4500,#4306,#775,.T.);
#3952=EDGE_CURVE('',#4506,#4309,#776,.T.);
#3953=EDGE_CURVE('',#4504,#4308,#777,.T.);
#3954=EDGE_CURVE('',#4508,#4310,#778,.T.);
#3955=EDGE_CURVE('',#4510,#4311,#779,.T.);
#3956=EDGE_CURVE('',#4312,#4452,#780,.T.);
#3957=EDGE_CURVE('',#4314,#4453,#781,.T.);
#3958=EDGE_CURVE('',#4316,#4454,#782,.T.);
#3959=EDGE_CURVE('',#4318,#4455,#783,.T.);
#3960=EDGE_CURVE('',#4320,#4456,#784,.T.);
#3961=EDGE_CURVE('',#4322,#4457,#785,.T.);
#3962=EDGE_CURVE('',#4324,#4458,#786,.T.);
#3963=EDGE_CURVE('',#4326,#4459,#787,.T.);
#3964=EDGE_CURVE('',#4328,#4460,#788,.T.);
#3965=EDGE_CURVE('',#4330,#4461,#789,.T.);
#3966=EDGE_CURVE('',#4332,#4462,#790,.T.);
#3967=EDGE_CURVE('',#4334,#4463,#791,.T.);
#3968=EDGE_CURVE('',#4336,#4464,#792,.T.);
#3969=EDGE_CURVE('',#4338,#4465,#793,.T.);
#3970=EDGE_CURVE('',#4340,#4466,#794,.T.);
#3971=EDGE_CURVE('',#4342,#4467,#795,.T.);
#3972=EDGE_CURVE('',#4344,#4468,#796,.T.);
#3973=EDGE_CURVE('',#4346,#4469,#797,.T.);
#3974=EDGE_CURVE('',#4348,#4470,#798,.T.);
#3975=EDGE_CURVE('',#4350,#4471,#799,.T.);
#3976=VERTEX_POINT('',#7940);
#3977=VERTEX_POINT('',#7941);
#3978=VERTEX_POINT('',#7943);
#3979=VERTEX_POINT('',#7945);
#3980=VERTEX_POINT('',#7947);
#3981=VERTEX_POINT('',#7949);
#3982=VERTEX_POINT('',#7951);
#3983=VERTEX_POINT('',#7953);
#3984=VERTEX_POINT('',#7957);
#3985=VERTEX_POINT('',#7959);
#3986=VERTEX_POINT('',#7961);
#3987=VERTEX_POINT('',#7965);
#3988=VERTEX_POINT('',#7966);
#3989=VERTEX_POINT('',#7968);
#3990=VERTEX_POINT('',#7970);
#3991=VERTEX_POINT('',#7974);
#3992=VERTEX_POINT('',#7976);
#3993=VERTEX_POINT('',#7978);
#3994=VERTEX_POINT('',#7982);
#3995=VERTEX_POINT('',#7983);
#3996=VERTEX_POINT('',#7985);
#3997=VERTEX_POINT('',#7987);
#3998=VERTEX_POINT('',#7989);
#3999=VERTEX_POINT('',#7991);
#4000=VERTEX_POINT('',#7993);
#4001=VERTEX_POINT('',#7995);
#4002=VERTEX_POINT('',#7997);
#4003=VERTEX_POINT('',#8000);
#4004=VERTEX_POINT('',#8004);
#4005=VERTEX_POINT('',#8005);
#4006=VERTEX_POINT('',#8007);
#4007=VERTEX_POINT('',#8010);
#4008=VERTEX_POINT('',#8012);
#4009=VERTEX_POINT('',#8014);
#4010=VERTEX_POINT('',#8019);
#4011=VERTEX_POINT('',#8023);
#4012=VERTEX_POINT('',#8028);
#4013=VERTEX_POINT('',#8030);
#4014=VERTEX_POINT('',#8034);
#4015=VERTEX_POINT('',#8035);
#4016=VERTEX_POINT('',#8040);
#4017=VERTEX_POINT('',#8041);
#4018=VERTEX_POINT('',#8046);
#4019=VERTEX_POINT('',#8047);
#4020=VERTEX_POINT('',#8049);
#4021=VERTEX_POINT('',#8051);
#4022=VERTEX_POINT('',#8054);
#4023=VERTEX_POINT('',#8055);
#4024=VERTEX_POINT('',#8057);
#4025=VERTEX_POINT('',#8059);
#4026=VERTEX_POINT('',#8062);
#4027=VERTEX_POINT('',#8063);
#4028=VERTEX_POINT('',#8065);
#4029=VERTEX_POINT('',#8067);
#4030=VERTEX_POINT('',#8070);
#4031=VERTEX_POINT('',#8071);
#4032=VERTEX_POINT('',#8073);
#4033=VERTEX_POINT('',#8075);
#4034=VERTEX_POINT('',#8078);
#4035=VERTEX_POINT('',#8079);
#4036=VERTEX_POINT('',#8081);
#4037=VERTEX_POINT('',#8083);
#4038=VERTEX_POINT('',#8086);
#4039=VERTEX_POINT('',#8087);
#4040=VERTEX_POINT('',#8089);
#4041=VERTEX_POINT('',#8091);
#4042=VERTEX_POINT('',#8094);
#4043=VERTEX_POINT('',#8095);
#4044=VERTEX_POINT('',#8097);
#4045=VERTEX_POINT('',#8099);
#4046=VERTEX_POINT('',#8102);
#4047=VERTEX_POINT('',#8103);
#4048=VERTEX_POINT('',#8105);
#4049=VERTEX_POINT('',#8107);
#4050=VERTEX_POINT('',#8110);
#4051=VERTEX_POINT('',#8111);
#4052=VERTEX_POINT('',#8113);
#4053=VERTEX_POINT('',#8115);
#4054=VERTEX_POINT('',#8118);
#4055=VERTEX_POINT('',#8119);
#4056=VERTEX_POINT('',#8121);
#4057=VERTEX_POINT('',#8123);
#4058=VERTEX_POINT('',#8126);
#4059=VERTEX_POINT('',#8127);
#4060=VERTEX_POINT('',#8129);
#4061=VERTEX_POINT('',#8131);
#4062=VERTEX_POINT('',#8134);
#4063=VERTEX_POINT('',#8135);
#4064=VERTEX_POINT('',#8137);
#4065=VERTEX_POINT('',#8139);
#4066=VERTEX_POINT('',#8142);
#4067=VERTEX_POINT('',#8143);
#4068=VERTEX_POINT('',#8145);
#4069=VERTEX_POINT('',#8147);
#4070=VERTEX_POINT('',#8150);
#4071=VERTEX_POINT('',#8151);
#4072=VERTEX_POINT('',#8153);
#4073=VERTEX_POINT('',#8155);
#4074=VERTEX_POINT('',#8158);
#4075=VERTEX_POINT('',#8159);
#4076=VERTEX_POINT('',#8161);
#4077=VERTEX_POINT('',#8163);
#4078=VERTEX_POINT('',#8166);
#4079=VERTEX_POINT('',#8167);
#4080=VERTEX_POINT('',#8169);
#4081=VERTEX_POINT('',#8171);
#4082=VERTEX_POINT('',#8174);
#4083=VERTEX_POINT('',#8175);
#4084=VERTEX_POINT('',#8177);
#4085=VERTEX_POINT('',#8179);
#4086=VERTEX_POINT('',#8182);
#4087=VERTEX_POINT('',#8183);
#4088=VERTEX_POINT('',#8185);
#4089=VERTEX_POINT('',#8187);
#4090=VERTEX_POINT('',#8190);
#4091=VERTEX_POINT('',#8191);
#4092=VERTEX_POINT('',#8193);
#4093=VERTEX_POINT('',#8195);
#4094=VERTEX_POINT('',#8198);
#4095=VERTEX_POINT('',#8199);
#4096=VERTEX_POINT('',#8201);
#4097=VERTEX_POINT('',#8203);
#4098=VERTEX_POINT('',#8208);
#4099=VERTEX_POINT('',#8210);
#4100=VERTEX_POINT('',#8214);
#4101=VERTEX_POINT('',#8218);
#4102=VERTEX_POINT('',#8222);
#4103=VERTEX_POINT('',#8224);
#4104=VERTEX_POINT('',#8230);
#4105=VERTEX_POINT('',#8234);
#4106=VERTEX_POINT('',#8238);
#4107=VERTEX_POINT('',#8242);
#4108=VERTEX_POINT('',#8250);
#4109=VERTEX_POINT('',#8252);
#4110=VERTEX_POINT('',#8268);
#4111=VERTEX_POINT('',#8272);
#4112=VERTEX_POINT('',#8276);
#4113=VERTEX_POINT('',#8278);
#4114=VERTEX_POINT('',#8282);
#4115=VERTEX_POINT('',#8286);
#4116=VERTEX_POINT('',#8293);
#4117=VERTEX_POINT('',#8295);
#4118=VERTEX_POINT('',#8299);
#4119=VERTEX_POINT('',#8303);
#4120=VERTEX_POINT('',#8310);
#4121=VERTEX_POINT('',#8312);
#4122=VERTEX_POINT('',#8316);
#4123=VERTEX_POINT('',#8320);
#4124=VERTEX_POINT('',#8327);
#4125=VERTEX_POINT('',#8329);
#4126=VERTEX_POINT('',#8333);
#4127=VERTEX_POINT('',#8337);
#4128=VERTEX_POINT('',#8344);
#4129=VERTEX_POINT('',#8346);
#4130=VERTEX_POINT('',#8350);
#4131=VERTEX_POINT('',#8354);
#4132=VERTEX_POINT('',#8361);
#4133=VERTEX_POINT('',#8363);
#4134=VERTEX_POINT('',#8367);
#4135=VERTEX_POINT('',#8371);
#4136=VERTEX_POINT('',#8378);
#4137=VERTEX_POINT('',#8380);
#4138=VERTEX_POINT('',#8384);
#4139=VERTEX_POINT('',#8388);
#4140=VERTEX_POINT('',#8395);
#4141=VERTEX_POINT('',#8397);
#4142=VERTEX_POINT('',#8401);
#4143=VERTEX_POINT('',#8405);
#4144=VERTEX_POINT('',#8412);
#4145=VERTEX_POINT('',#8414);
#4146=VERTEX_POINT('',#8418);
#4147=VERTEX_POINT('',#8422);
#4148=VERTEX_POINT('',#8429);
#4149=VERTEX_POINT('',#8431);
#4150=VERTEX_POINT('',#8435);
#4151=VERTEX_POINT('',#8439);
#4152=VERTEX_POINT('',#8446);
#4153=VERTEX_POINT('',#8448);
#4154=VERTEX_POINT('',#8452);
#4155=VERTEX_POINT('',#8456);
#4156=VERTEX_POINT('',#8463);
#4157=VERTEX_POINT('',#8465);
#4158=VERTEX_POINT('',#8469);
#4159=VERTEX_POINT('',#8473);
#4160=VERTEX_POINT('',#8480);
#4161=VERTEX_POINT('',#8482);
#4162=VERTEX_POINT('',#8486);
#4163=VERTEX_POINT('',#8490);
#4164=VERTEX_POINT('',#8497);
#4165=VERTEX_POINT('',#8499);
#4166=VERTEX_POINT('',#8503);
#4167=VERTEX_POINT('',#8507);
#4168=VERTEX_POINT('',#8514);
#4169=VERTEX_POINT('',#8516);
#4170=VERTEX_POINT('',#8520);
#4171=VERTEX_POINT('',#8524);
#4172=VERTEX_POINT('',#8531);
#4173=VERTEX_POINT('',#8533);
#4174=VERTEX_POINT('',#8537);
#4175=VERTEX_POINT('',#8541);
#4176=VERTEX_POINT('',#8548);
#4177=VERTEX_POINT('',#8550);
#4178=VERTEX_POINT('',#8554);
#4179=VERTEX_POINT('',#8558);
#4180=VERTEX_POINT('',#8565);
#4181=VERTEX_POINT('',#8567);
#4182=VERTEX_POINT('',#8571);
#4183=VERTEX_POINT('',#8575);
#4184=VERTEX_POINT('',#8582);
#4185=VERTEX_POINT('',#8584);
#4186=VERTEX_POINT('',#8588);
#4187=VERTEX_POINT('',#8592);
#4188=VERTEX_POINT('',#8599);
#4189=VERTEX_POINT('',#8601);
#4190=VERTEX_POINT('',#8605);
#4191=VERTEX_POINT('',#8609);
#4192=VERTEX_POINT('',#8617);
#4193=VERTEX_POINT('',#8618);
#4194=VERTEX_POINT('',#8620);
#4195=VERTEX_POINT('',#8622);
#4196=VERTEX_POINT('',#8626);
#4197=VERTEX_POINT('',#8627);
#4198=VERTEX_POINT('',#8629);
#4199=VERTEX_POINT('',#8631);
#4200=VERTEX_POINT('',#8635);
#4201=VERTEX_POINT('',#8636);
#4202=VERTEX_POINT('',#8638);
#4203=VERTEX_POINT('',#8640);
#4204=VERTEX_POINT('',#8644);
#4205=VERTEX_POINT('',#8645);
#4206=VERTEX_POINT('',#8647);
#4207=VERTEX_POINT('',#8649);
#4208=VERTEX_POINT('',#8653);
#4209=VERTEX_POINT('',#8654);
#4210=VERTEX_POINT('',#8656);
#4211=VERTEX_POINT('',#8658);
#4212=VERTEX_POINT('',#8662);
#4213=VERTEX_POINT('',#8663);
#4214=VERTEX_POINT('',#8665);
#4215=VERTEX_POINT('',#8667);
#4216=VERTEX_POINT('',#8671);
#4217=VERTEX_POINT('',#8672);
#4218=VERTEX_POINT('',#8674);
#4219=VERTEX_POINT('',#8676);
#4220=VERTEX_POINT('',#8680);
#4221=VERTEX_POINT('',#8681);
#4222=VERTEX_POINT('',#8683);
#4223=VERTEX_POINT('',#8685);
#4224=VERTEX_POINT('',#8689);
#4225=VERTEX_POINT('',#8690);
#4226=VERTEX_POINT('',#8692);
#4227=VERTEX_POINT('',#8694);
#4228=VERTEX_POINT('',#8698);
#4229=VERTEX_POINT('',#8699);
#4230=VERTEX_POINT('',#8701);
#4231=VERTEX_POINT('',#8703);
#4232=VERTEX_POINT('',#8707);
#4233=VERTEX_POINT('',#8709);
#4234=VERTEX_POINT('',#8713);
#4235=VERTEX_POINT('',#8715);
#4236=VERTEX_POINT('',#8719);
#4237=VERTEX_POINT('',#8721);
#4238=VERTEX_POINT('',#8725);
#4239=VERTEX_POINT('',#8727);
#4240=VERTEX_POINT('',#8731);
#4241=VERTEX_POINT('',#8733);
#4242=VERTEX_POINT('',#8737);
#4243=VERTEX_POINT('',#8739);
#4244=VERTEX_POINT('',#8743);
#4245=VERTEX_POINT('',#8745);
#4246=VERTEX_POINT('',#8749);
#4247=VERTEX_POINT('',#8751);
#4248=VERTEX_POINT('',#8755);
#4249=VERTEX_POINT('',#8757);
#4250=VERTEX_POINT('',#8761);
#4251=VERTEX_POINT('',#8763);
#4252=VERTEX_POINT('',#8767);
#4253=VERTEX_POINT('',#8769);
#4254=VERTEX_POINT('',#8773);
#4255=VERTEX_POINT('',#8775);
#4256=VERTEX_POINT('',#8779);
#4257=VERTEX_POINT('',#8781);
#4258=VERTEX_POINT('',#8785);
#4259=VERTEX_POINT('',#8787);
#4260=VERTEX_POINT('',#8791);
#4261=VERTEX_POINT('',#8793);
#4262=VERTEX_POINT('',#8797);
#4263=VERTEX_POINT('',#8799);
#4264=VERTEX_POINT('',#8803);
#4265=VERTEX_POINT('',#8805);
#4266=VERTEX_POINT('',#8809);
#4267=VERTEX_POINT('',#8811);
#4268=VERTEX_POINT('',#8815);
#4269=VERTEX_POINT('',#8817);
#4270=VERTEX_POINT('',#8821);
#4271=VERTEX_POINT('',#8823);
#4272=VERTEX_POINT('',#8827);
#4273=VERTEX_POINT('',#8829);
#4274=VERTEX_POINT('',#8833);
#4275=VERTEX_POINT('',#8835);
#4276=VERTEX_POINT('',#8839);
#4277=VERTEX_POINT('',#8841);
#4278=VERTEX_POINT('',#8845);
#4279=VERTEX_POINT('',#8847);
#4280=VERTEX_POINT('',#8851);
#4281=VERTEX_POINT('',#8853);
#4282=VERTEX_POINT('',#8857);
#4283=VERTEX_POINT('',#8859);
#4284=VERTEX_POINT('',#8863);
#4285=VERTEX_POINT('',#8865);
#4286=VERTEX_POINT('',#8869);
#4287=VERTEX_POINT('',#8871);
#4288=VERTEX_POINT('',#8875);
#4289=VERTEX_POINT('',#8877);
#4290=VERTEX_POINT('',#8881);
#4291=VERTEX_POINT('',#8883);
#4292=VERTEX_POINT('',#8887);
#4293=VERTEX_POINT('',#8889);
#4294=VERTEX_POINT('',#8893);
#4295=VERTEX_POINT('',#8895);
#4296=VERTEX_POINT('',#8899);
#4297=VERTEX_POINT('',#8901);
#4298=VERTEX_POINT('',#8905);
#4299=VERTEX_POINT('',#8907);
#4300=VERTEX_POINT('',#8911);
#4301=VERTEX_POINT('',#8913);
#4302=VERTEX_POINT('',#8917);
#4303=VERTEX_POINT('',#8919);
#4304=VERTEX_POINT('',#8923);
#4305=VERTEX_POINT('',#8925);
#4306=VERTEX_POINT('',#8929);
#4307=VERTEX_POINT('',#8931);
#4308=VERTEX_POINT('',#8935);
#4309=VERTEX_POINT('',#8937);
#4310=VERTEX_POINT('',#8941);
#4311=VERTEX_POINT('',#8943);
#4312=VERTEX_POINT('',#8947);
#4313=VERTEX_POINT('',#8948);
#4314=VERTEX_POINT('',#8950);
#4315=VERTEX_POINT('',#8952);
#4316=VERTEX_POINT('',#8956);
#4317=VERTEX_POINT('',#8957);
#4318=VERTEX_POINT('',#8959);
#4319=VERTEX_POINT('',#8961);
#4320=VERTEX_POINT('',#8965);
#4321=VERTEX_POINT('',#8966);
#4322=VERTEX_POINT('',#8968);
#4323=VERTEX_POINT('',#8970);
#4324=VERTEX_POINT('',#8974);
#4325=VERTEX_POINT('',#8975);
#4326=VERTEX_POINT('',#8977);
#4327=VERTEX_POINT('',#8979);
#4328=VERTEX_POINT('',#8983);
#4329=VERTEX_POINT('',#8984);
#4330=VERTEX_POINT('',#8986);
#4331=VERTEX_POINT('',#8988);
#4332=VERTEX_POINT('',#8992);
#4333=VERTEX_POINT('',#8993);
#4334=VERTEX_POINT('',#8995);
#4335=VERTEX_POINT('',#8997);
#4336=VERTEX_POINT('',#9001);
#4337=VERTEX_POINT('',#9002);
#4338=VERTEX_POINT('',#9004);
#4339=VERTEX_POINT('',#9006);
#4340=VERTEX_POINT('',#9010);
#4341=VERTEX_POINT('',#9011);
#4342=VERTEX_POINT('',#9013);
#4343=VERTEX_POINT('',#9015);
#4344=VERTEX_POINT('',#9019);
#4345=VERTEX_POINT('',#9020);
#4346=VERTEX_POINT('',#9022);
#4347=VERTEX_POINT('',#9024);
#4348=VERTEX_POINT('',#9028);
#4349=VERTEX_POINT('',#9029);
#4350=VERTEX_POINT('',#9031);
#4351=VERTEX_POINT('',#9033);
#4352=VERTEX_POINT('',#9037);
#4353=VERTEX_POINT('',#9039);
#4354=VERTEX_POINT('',#9043);
#4355=VERTEX_POINT('',#9045);
#4356=VERTEX_POINT('',#9049);
#4357=VERTEX_POINT('',#9051);
#4358=VERTEX_POINT('',#9055);
#4359=VERTEX_POINT('',#9057);
#4360=VERTEX_POINT('',#9061);
#4361=VERTEX_POINT('',#9063);
#4362=VERTEX_POINT('',#9067);
#4363=VERTEX_POINT('',#9069);
#4364=VERTEX_POINT('',#9073);
#4365=VERTEX_POINT('',#9075);
#4366=VERTEX_POINT('',#9079);
#4367=VERTEX_POINT('',#9081);
#4368=VERTEX_POINT('',#9085);
#4369=VERTEX_POINT('',#9087);
#4370=VERTEX_POINT('',#9091);
#4371=VERTEX_POINT('',#9093);
#4372=VERTEX_POINT('',#9097);
#4373=VERTEX_POINT('',#9099);
#4374=VERTEX_POINT('',#9103);
#4375=VERTEX_POINT('',#9105);
#4376=VERTEX_POINT('',#9109);
#4377=VERTEX_POINT('',#9111);
#4378=VERTEX_POINT('',#9115);
#4379=VERTEX_POINT('',#9117);
#4380=VERTEX_POINT('',#9121);
#4381=VERTEX_POINT('',#9123);
#4382=VERTEX_POINT('',#9127);
#4383=VERTEX_POINT('',#9129);
#4384=VERTEX_POINT('',#9133);
#4385=VERTEX_POINT('',#9135);
#4386=VERTEX_POINT('',#9139);
#4387=VERTEX_POINT('',#9141);
#4388=VERTEX_POINT('',#9145);
#4389=VERTEX_POINT('',#9147);
#4390=VERTEX_POINT('',#9151);
#4391=VERTEX_POINT('',#9153);
#4392=VERTEX_POINT('',#9157);
#4393=VERTEX_POINT('',#9159);
#4394=VERTEX_POINT('',#9163);
#4395=VERTEX_POINT('',#9165);
#4396=VERTEX_POINT('',#9169);
#4397=VERTEX_POINT('',#9171);
#4398=VERTEX_POINT('',#9175);
#4399=VERTEX_POINT('',#9177);
#4400=VERTEX_POINT('',#9181);
#4401=VERTEX_POINT('',#9183);
#4402=VERTEX_POINT('',#9187);
#4403=VERTEX_POINT('',#9189);
#4404=VERTEX_POINT('',#9193);
#4405=VERTEX_POINT('',#9195);
#4406=VERTEX_POINT('',#9199);
#4407=VERTEX_POINT('',#9201);
#4408=VERTEX_POINT('',#9205);
#4409=VERTEX_POINT('',#9207);
#4410=VERTEX_POINT('',#9211);
#4411=VERTEX_POINT('',#9213);
#4412=VERTEX_POINT('',#9217);
#4413=VERTEX_POINT('',#9219);
#4414=VERTEX_POINT('',#9223);
#4415=VERTEX_POINT('',#9225);
#4416=VERTEX_POINT('',#9229);
#4417=VERTEX_POINT('',#9231);
#4418=VERTEX_POINT('',#9235);
#4419=VERTEX_POINT('',#9237);
#4420=VERTEX_POINT('',#9241);
#4421=VERTEX_POINT('',#9243);
#4422=VERTEX_POINT('',#9247);
#4423=VERTEX_POINT('',#9249);
#4424=VERTEX_POINT('',#9253);
#4425=VERTEX_POINT('',#9255);
#4426=VERTEX_POINT('',#9259);
#4427=VERTEX_POINT('',#9261);
#4428=VERTEX_POINT('',#9265);
#4429=VERTEX_POINT('',#9267);
#4430=VERTEX_POINT('',#9271);
#4431=VERTEX_POINT('',#9273);
#4432=VERTEX_POINT('',#9277);
#4433=VERTEX_POINT('',#9278);
#4434=VERTEX_POINT('',#9283);
#4435=VERTEX_POINT('',#9284);
#4436=VERTEX_POINT('',#9289);
#4437=VERTEX_POINT('',#9290);
#4438=VERTEX_POINT('',#9295);
#4439=VERTEX_POINT('',#9296);
#4440=VERTEX_POINT('',#9301);
#4441=VERTEX_POINT('',#9302);
#4442=VERTEX_POINT('',#9307);
#4443=VERTEX_POINT('',#9308);
#4444=VERTEX_POINT('',#9313);
#4445=VERTEX_POINT('',#9314);
#4446=VERTEX_POINT('',#9319);
#4447=VERTEX_POINT('',#9320);
#4448=VERTEX_POINT('',#9325);
#4449=VERTEX_POINT('',#9326);
#4450=VERTEX_POINT('',#9331);
#4451=VERTEX_POINT('',#9332);
#4452=VERTEX_POINT('',#9337);
#4453=VERTEX_POINT('',#9339);
#4454=VERTEX_POINT('',#9343);
#4455=VERTEX_POINT('',#9345);
#4456=VERTEX_POINT('',#9349);
#4457=VERTEX_POINT('',#9351);
#4458=VERTEX_POINT('',#9355);
#4459=VERTEX_POINT('',#9357);
#4460=VERTEX_POINT('',#9361);
#4461=VERTEX_POINT('',#9363);
#4462=VERTEX_POINT('',#9367);
#4463=VERTEX_POINT('',#9369);
#4464=VERTEX_POINT('',#9373);
#4465=VERTEX_POINT('',#9375);
#4466=VERTEX_POINT('',#9379);
#4467=VERTEX_POINT('',#9381);
#4468=VERTEX_POINT('',#9385);
#4469=VERTEX_POINT('',#9387);
#4470=VERTEX_POINT('',#9391);
#4471=VERTEX_POINT('',#9393);
#4472=VERTEX_POINT('',#9397);
#4473=VERTEX_POINT('',#9398);
#4474=VERTEX_POINT('',#9400);
#4475=VERTEX_POINT('',#9402);
#4476=VERTEX_POINT('',#9406);
#4477=VERTEX_POINT('',#9407);
#4478=VERTEX_POINT('',#9409);
#4479=VERTEX_POINT('',#9411);
#4480=VERTEX_POINT('',#9415);
#4481=VERTEX_POINT('',#9416);
#4482=VERTEX_POINT('',#9418);
#4483=VERTEX_POINT('',#9420);
#4484=VERTEX_POINT('',#9424);
#4485=VERTEX_POINT('',#9425);
#4486=VERTEX_POINT('',#9427);
#4487=VERTEX_POINT('',#9429);
#4488=VERTEX_POINT('',#9433);
#4489=VERTEX_POINT('',#9434);
#4490=VERTEX_POINT('',#9436);
#4491=VERTEX_POINT('',#9438);
#4492=VERTEX_POINT('',#9442);
#4493=VERTEX_POINT('',#9443);
#4494=VERTEX_POINT('',#9445);
#4495=VERTEX_POINT('',#9447);
#4496=VERTEX_POINT('',#9451);
#4497=VERTEX_POINT('',#9452);
#4498=VERTEX_POINT('',#9454);
#4499=VERTEX_POINT('',#9456);
#4500=VERTEX_POINT('',#9460);
#4501=VERTEX_POINT('',#9461);
#4502=VERTEX_POINT('',#9463);
#4503=VERTEX_POINT('',#9465);
#4504=VERTEX_POINT('',#9469);
#4505=VERTEX_POINT('',#9470);
#4506=VERTEX_POINT('',#9472);
#4507=VERTEX_POINT('',#9474);
#4508=VERTEX_POINT('',#9478);
#4509=VERTEX_POINT('',#9479);
#4510=VERTEX_POINT('',#9481);
#4511=VERTEX_POINT('',#9483);
#4512=VERTEX_POINT('',#9517);
#4513=VERTEX_POINT('',#9518);
#4514=VERTEX_POINT('',#9520);
#4515=VERTEX_POINT('',#9522);
#4516=VERTEX_POINT('',#9526);
#4517=VERTEX_POINT('',#9527);
#4518=VERTEX_POINT('',#9529);
#4519=VERTEX_POINT('',#9531);
#4520=CIRCLE('',#5960,0.025);
#4521=CIRCLE('',#5962,0.025);
#4522=CIRCLE('',#5963,0.0200000000000001);
#4523=CIRCLE('',#5965,0.025);
#4524=CIRCLE('',#5966,0.0200000000000001);
#4525=CIRCLE('',#5968,0.025);
#4526=CIRCLE('',#5969,0.02);
#4527=CIRCLE('',#5973,0.025);
#4528=CIRCLE('',#5975,0.025);
#4529=CIRCLE('',#5976,0.02);
#4530=CIRCLE('',#5981,0.0200000000000001);
#4531=CIRCLE('',#5985,0.02);
#4532=CIRCLE('',#5987,0.0200000000000001);
#4533=CIRCLE('',#5990,0.02);
#4534=CIRCLE('',#6004,0.025);
#4535=CIRCLE('',#6007,0.025);
#4536=CIRCLE('',#6141,0.01);
#4537=CIRCLE('',#6142,0.01);
#4538=CIRCLE('',#6144,0.01);
#4539=CIRCLE('',#6145,0.01);
#4540=CIRCLE('',#6147,0.01);
#4541=CIRCLE('',#6148,0.01);
#4542=CIRCLE('',#6150,0.01);
#4543=CIRCLE('',#6151,0.01);
#4544=CIRCLE('',#6153,0.01);
#4545=CIRCLE('',#6154,0.01);
#4546=CIRCLE('',#6156,0.01);
#4547=CIRCLE('',#6157,0.01);
#4548=CIRCLE('',#6159,0.01);
#4549=CIRCLE('',#6160,0.01);
#4550=CIRCLE('',#6162,0.01);
#4551=CIRCLE('',#6163,0.01);
#4552=CIRCLE('',#6165,0.01);
#4553=CIRCLE('',#6166,0.01);
#4554=CIRCLE('',#6168,0.01);
#4555=CIRCLE('',#6169,0.01);
#4556=CIRCLE('',#6191,0.00999999999999999);
#4557=CIRCLE('',#6192,0.00999999999999999);
#4558=CIRCLE('',#6194,0.00999999999999999);
#4559=CIRCLE('',#6195,0.00999999999999999);
#4560=CIRCLE('',#6197,0.00999999999999999);
#4561=CIRCLE('',#6198,0.00999999999999999);
#4562=CIRCLE('',#6200,0.00999999999999999);
#4563=CIRCLE('',#6201,0.00999999999999999);
#4564=CIRCLE('',#6203,0.00999999999999999);
#4565=CIRCLE('',#6204,0.00999999999999999);
#4566=CIRCLE('',#6206,0.00999999999999999);
#4567=CIRCLE('',#6207,0.00999999999999999);
#4568=CIRCLE('',#6209,0.00999999999999999);
#4569=CIRCLE('',#6210,0.00999999999999999);
#4570=CIRCLE('',#6212,0.00999999999999999);
#4571=CIRCLE('',#6213,0.00999999999999999);
#4572=CIRCLE('',#6215,0.00999999999999999);
#4573=CIRCLE('',#6216,0.00999999999999999);
#4574=CIRCLE('',#6218,0.00999999999999999);
#4575=CIRCLE('',#6219,0.00999999999999999);
#4576=CIRCLE('',#6251,0.005);
#4577=CIRCLE('',#6252,0.005);
#4578=CIRCLE('',#6254,0.005);
#4579=CIRCLE('',#6255,0.005);
#4580=CIRCLE('',#6257,0.005);
#4581=CIRCLE('',#6258,0.005);
#4582=CIRCLE('',#6260,0.005);
#4583=CIRCLE('',#6261,0.005);
#4584=CIRCLE('',#6263,0.005);
#4585=CIRCLE('',#6264,0.005);
#4586=CIRCLE('',#6266,0.005);
#4587=CIRCLE('',#6267,0.005);
#4588=CIRCLE('',#6269,0.005);
#4589=CIRCLE('',#6270,0.005);
#4590=CIRCLE('',#6272,0.005);
#4591=CIRCLE('',#6273,0.005);
#4592=CIRCLE('',#6275,0.005);
#4593=CIRCLE('',#6276,0.005);
#4594=CIRCLE('',#6278,0.005);
#4595=CIRCLE('',#6279,0.005);
#4596=CIRCLE('',#6301,0.005);
#4597=CIRCLE('',#6302,0.005);
#4598=CIRCLE('',#6304,0.005);
#4599=CIRCLE('',#6305,0.005);
#4600=CIRCLE('',#6307,0.005);
#4601=CIRCLE('',#6308,0.005);
#4602=CIRCLE('',#6310,0.005);
#4603=CIRCLE('',#6311,0.005);
#4604=CIRCLE('',#6313,0.005);
#4605=CIRCLE('',#6314,0.005);
#4606=CIRCLE('',#6316,0.005);
#4607=CIRCLE('',#6317,0.005);
#4608=CIRCLE('',#6319,0.005);
#4609=CIRCLE('',#6320,0.005);
#4610=CIRCLE('',#6322,0.005);
#4611=CIRCLE('',#6323,0.005);
#4612=CIRCLE('',#6325,0.005);
#4613=CIRCLE('',#6326,0.005);
#4614=CIRCLE('',#6328,0.005);
#4615=CIRCLE('',#6329,0.005);
#4616=EDGE_LOOP('',(#1522,#1523,#1524,#1525,#1526,#1527,#1528,#1529));
#4617=EDGE_LOOP('',(#1530,#1531,#1532,#1533));
#4618=EDGE_LOOP('',(#1534,#1535,#1536,#1537));
#4619=EDGE_LOOP('',(#1538,#1539,#1540,#1541));
#4620=EDGE_LOOP('',(#1542,#1543,#1544,#1545,#1546,#1547,#1548,#1549,#1550,
#1551,#1552,#1553));
#4621=EDGE_LOOP('',(#1554,#1555,#1556,#1557,#1558,#1559,#1560,#1561));
#4622=EDGE_LOOP('',(#1562,#1563,#1564,#1565,#1566,#1567,#1568,#1569));
#4623=EDGE_LOOP('',(#1570,#1571,#1572,#1573));
#4624=EDGE_LOOP('',(#1574,#1575,#1576,#1577,#1578));
#4625=EDGE_LOOP('',(#1579,#1580,#1581,#1582,#1583));
#4626=EDGE_LOOP('',(#1584,#1585,#1586,#1587));
#4627=EDGE_LOOP('',(#1588,#1589,#1590,#1591));
#4628=EDGE_LOOP('',(#1592,#1593,#1594,#1595));
#4629=EDGE_LOOP('',(#1596,#1597,#1598,#1599));
#4630=EDGE_LOOP('',(#1600,#1601,#1602,#1603));
#4631=EDGE_LOOP('',(#1604,#1605,#1606,#1607));
#4632=EDGE_LOOP('',(#1608,#1609,#1610,#1611));
#4633=EDGE_LOOP('',(#1612,#1613,#1614,#1615));
#4634=EDGE_LOOP('',(#1616,#1617,#1618,#1619));
#4635=EDGE_LOOP('',(#1620,#1621,#1622,#1623));
#4636=EDGE_LOOP('',(#1624,#1625,#1626,#1627));
#4637=EDGE_LOOP('',(#1628,#1629,#1630,#1631));
#4638=EDGE_LOOP('',(#1632,#1633,#1634,#1635));
#4639=EDGE_LOOP('',(#1636,#1637,#1638,#1639));
#4640=EDGE_LOOP('',(#1640,#1641,#1642,#1643));
#4641=EDGE_LOOP('',(#1644,#1645,#1646,#1647));
#4642=EDGE_LOOP('',(#1648,#1649,#1650,#1651));
#4643=EDGE_LOOP('',(#1652,#1653,#1654,#1655));
#4644=EDGE_LOOP('',(#1656,#1657,#1658,#1659));
#4645=EDGE_LOOP('',(#1660,#1661,#1662,#1663));
#4646=EDGE_LOOP('',(#1664,#1665,#1666,#1667,#1668,#1669,#1670,#1671));
#4647=EDGE_LOOP('',(#1672,#1673,#1674,#1675));
#4648=EDGE_LOOP('',(#1676,#1677,#1678,#1679,#1680));
#4649=EDGE_LOOP('',(#1681,#1682,#1683,#1684,#1685));
#4650=EDGE_LOOP('',(#1686,#1687,#1688,#1689));
#4651=EDGE_LOOP('',(#1690,#1691,#1692,#1693));
#4652=EDGE_LOOP('',(#1694,#1695,#1696,#1697,#1698));
#4653=EDGE_LOOP('',(#1699,#1700,#1701,#1702));
#4654=EDGE_LOOP('',(#1703,#1704,#1705,#1706,#1707));
#4655=EDGE_LOOP('',(#1708,#1709,#1710,#1711,#1712,#1713,#1714,#1715));
#4656=EDGE_LOOP('',(#1716,#1717,#1718,#1719,#1720,#1721,#1722,#1723));
#4657=EDGE_LOOP('',(#1724,#1725,#1726,#1727));
#4658=EDGE_LOOP('',(#1728,#1729,#1730,#1731));
#4659=EDGE_LOOP('',(#1732,#1733,#1734,#1735));
#4660=EDGE_LOOP('',(#1736,#1737,#1738,#1739));
#4661=EDGE_LOOP('',(#1740,#1741,#1742,#1743,#1744,#1745));
#4662=EDGE_LOOP('',(#1746,#1747,#1748,#1749,#1750,#1751));
#4663=EDGE_LOOP('',(#1752,#1753,#1754,#1755));
#4664=EDGE_LOOP('',(#1756,#1757,#1758,#1759));
#4665=EDGE_LOOP('',(#1760,#1761,#1762,#1763));
#4666=EDGE_LOOP('',(#1764));
#4667=EDGE_LOOP('',(#1765,#1766,#1767));
#4668=EDGE_LOOP('',(#1768));
#4669=EDGE_LOOP('',(#1769));
#4670=EDGE_LOOP('',(#1770,#1771,#1772));
#4671=EDGE_LOOP('',(#1773));
#4672=EDGE_LOOP('',(#1774,#1775,#1776,#1777));
#4673=EDGE_LOOP('',(#1778,#1779,#1780,#1781));
#4674=EDGE_LOOP('',(#1782,#1783,#1784,#1785));
#4675=EDGE_LOOP('',(#1786,#1787,#1788,#1789));
#4676=EDGE_LOOP('',(#1790,#1791,#1792,#1793));
#4677=EDGE_LOOP('',(#1794,#1795,#1796,#1797));
#4678=EDGE_LOOP('',(#1798,#1799,#1800,#1801));
#4679=EDGE_LOOP('',(#1802,#1803,#1804,#1805));
#4680=EDGE_LOOP('',(#1806,#1807,#1808,#1809));
#4681=EDGE_LOOP('',(#1810,#1811,#1812,#1813));
#4682=EDGE_LOOP('',(#1814,#1815,#1816,#1817));
#4683=EDGE_LOOP('',(#1818,#1819,#1820,#1821));
#4684=EDGE_LOOP('',(#1822,#1823,#1824,#1825));
#4685=EDGE_LOOP('',(#1826,#1827,#1828,#1829));
#4686=EDGE_LOOP('',(#1830,#1831,#1832,#1833));
#4687=EDGE_LOOP('',(#1834,#1835,#1836,#1837));
#4688=EDGE_LOOP('',(#1838,#1839,#1840,#1841));
#4689=EDGE_LOOP('',(#1842,#1843,#1844,#1845));
#4690=EDGE_LOOP('',(#1846,#1847,#1848,#1849));
#4691=EDGE_LOOP('',(#1850,#1851,#1852,#1853));
#4692=EDGE_LOOP('',(#1854,#1855,#1856,#1857));
#4693=EDGE_LOOP('',(#1858,#1859,#1860,#1861));
#4694=EDGE_LOOP('',(#1862,#1863,#1864,#1865));
#4695=EDGE_LOOP('',(#1866,#1867,#1868,#1869));
#4696=EDGE_LOOP('',(#1870,#1871,#1872,#1873));
#4697=EDGE_LOOP('',(#1874,#1875,#1876,#1877));
#4698=EDGE_LOOP('',(#1878,#1879,#1880,#1881));
#4699=EDGE_LOOP('',(#1882,#1883,#1884,#1885));
#4700=EDGE_LOOP('',(#1886,#1887,#1888,#1889));
#4701=EDGE_LOOP('',(#1890,#1891,#1892,#1893));
#4702=EDGE_LOOP('',(#1894,#1895,#1896,#1897));
#4703=EDGE_LOOP('',(#1898,#1899,#1900,#1901));
#4704=EDGE_LOOP('',(#1902,#1903,#1904,#1905));
#4705=EDGE_LOOP('',(#1906,#1907,#1908,#1909));
#4706=EDGE_LOOP('',(#1910,#1911,#1912,#1913));
#4707=EDGE_LOOP('',(#1914,#1915,#1916,#1917));
#4708=EDGE_LOOP('',(#1918,#1919,#1920,#1921));
#4709=EDGE_LOOP('',(#1922,#1923,#1924,#1925));
#4710=EDGE_LOOP('',(#1926,#1927,#1928,#1929));
#4711=EDGE_LOOP('',(#1930,#1931,#1932,#1933));
#4712=EDGE_LOOP('',(#1934,#1935,#1936,#1937));
#4713=EDGE_LOOP('',(#1938,#1939,#1940,#1941));
#4714=EDGE_LOOP('',(#1942,#1943,#1944,#1945));
#4715=EDGE_LOOP('',(#1946,#1947,#1948,#1949));
#4716=EDGE_LOOP('',(#1950,#1951,#1952,#1953));
#4717=EDGE_LOOP('',(#1954,#1955,#1956,#1957));
#4718=EDGE_LOOP('',(#1958,#1959,#1960,#1961));
#4719=EDGE_LOOP('',(#1962,#1963,#1964,#1965));
#4720=EDGE_LOOP('',(#1966,#1967,#1968,#1969));
#4721=EDGE_LOOP('',(#1970,#1971,#1972,#1973));
#4722=EDGE_LOOP('',(#1974,#1975,#1976,#1977));
#4723=EDGE_LOOP('',(#1978,#1979,#1980,#1981));
#4724=EDGE_LOOP('',(#1982,#1983,#1984,#1985));
#4725=EDGE_LOOP('',(#1986,#1987,#1988,#1989));
#4726=EDGE_LOOP('',(#1990,#1991,#1992,#1993));
#4727=EDGE_LOOP('',(#1994,#1995,#1996,#1997));
#4728=EDGE_LOOP('',(#1998,#1999,#2000,#2001));
#4729=EDGE_LOOP('',(#2002,#2003,#2004,#2005));
#4730=EDGE_LOOP('',(#2006,#2007,#2008,#2009));
#4731=EDGE_LOOP('',(#2010,#2011,#2012,#2013));
#4732=EDGE_LOOP('',(#2014,#2015,#2016,#2017));
#4733=EDGE_LOOP('',(#2018,#2019,#2020,#2021));
#4734=EDGE_LOOP('',(#2022,#2023,#2024,#2025));
#4735=EDGE_LOOP('',(#2026,#2027,#2028,#2029));
#4736=EDGE_LOOP('',(#2030,#2031,#2032,#2033));
#4737=EDGE_LOOP('',(#2034,#2035,#2036,#2037));
#4738=EDGE_LOOP('',(#2038,#2039,#2040,#2041));
#4739=EDGE_LOOP('',(#2042,#2043,#2044,#2045));
#4740=EDGE_LOOP('',(#2046,#2047,#2048,#2049));
#4741=EDGE_LOOP('',(#2050,#2051,#2052,#2053));
#4742=EDGE_LOOP('',(#2054,#2055,#2056,#2057));
#4743=EDGE_LOOP('',(#2058,#2059,#2060,#2061));
#4744=EDGE_LOOP('',(#2062,#2063,#2064,#2065));
#4745=EDGE_LOOP('',(#2066,#2067,#2068,#2069));
#4746=EDGE_LOOP('',(#2070,#2071,#2072,#2073));
#4747=EDGE_LOOP('',(#2074,#2075,#2076,#2077));
#4748=EDGE_LOOP('',(#2078,#2079,#2080,#2081));
#4749=EDGE_LOOP('',(#2082,#2083,#2084,#2085));
#4750=EDGE_LOOP('',(#2086,#2087,#2088,#2089));
#4751=EDGE_LOOP('',(#2090,#2091,#2092,#2093));
#4752=EDGE_LOOP('',(#2094,#2095,#2096,#2097));
#4753=EDGE_LOOP('',(#2098,#2099,#2100,#2101));
#4754=EDGE_LOOP('',(#2102,#2103,#2104,#2105));
#4755=EDGE_LOOP('',(#2106,#2107,#2108,#2109));
#4756=EDGE_LOOP('',(#2110,#2111,#2112,#2113));
#4757=EDGE_LOOP('',(#2114,#2115,#2116,#2117));
#4758=EDGE_LOOP('',(#2118,#2119,#2120,#2121));
#4759=EDGE_LOOP('',(#2122,#2123,#2124,#2125));
#4760=EDGE_LOOP('',(#2126,#2127,#2128,#2129));
#4761=EDGE_LOOP('',(#2130,#2131,#2132,#2133));
#4762=EDGE_LOOP('',(#2134,#2135,#2136,#2137));
#4763=EDGE_LOOP('',(#2138,#2139,#2140,#2141));
#4764=EDGE_LOOP('',(#2142,#2143,#2144,#2145));
#4765=EDGE_LOOP('',(#2146,#2147,#2148,#2149));
#4766=EDGE_LOOP('',(#2150,#2151,#2152,#2153));
#4767=EDGE_LOOP('',(#2154,#2155,#2156,#2157));
#4768=EDGE_LOOP('',(#2158,#2159,#2160,#2161));
#4769=EDGE_LOOP('',(#2162,#2163,#2164,#2165));
#4770=EDGE_LOOP('',(#2166,#2167,#2168,#2169));
#4771=EDGE_LOOP('',(#2170,#2171,#2172,#2173));
#4772=EDGE_LOOP('',(#2174,#2175,#2176,#2177));
#4773=EDGE_LOOP('',(#2178,#2179,#2180,#2181));
#4774=EDGE_LOOP('',(#2182,#2183,#2184,#2185));
#4775=EDGE_LOOP('',(#2186,#2187,#2188,#2189));
#4776=EDGE_LOOP('',(#2190,#2191,#2192,#2193));
#4777=EDGE_LOOP('',(#2194,#2195,#2196,#2197));
#4778=EDGE_LOOP('',(#2198,#2199,#2200,#2201));
#4779=EDGE_LOOP('',(#2202,#2203,#2204,#2205));
#4780=EDGE_LOOP('',(#2206,#2207,#2208,#2209));
#4781=EDGE_LOOP('',(#2210,#2211,#2212,#2213));
#4782=EDGE_LOOP('',(#2214,#2215,#2216,#2217));
#4783=EDGE_LOOP('',(#2218,#2219,#2220,#2221));
#4784=EDGE_LOOP('',(#2222,#2223,#2224,#2225));
#4785=EDGE_LOOP('',(#2226,#2227,#2228,#2229));
#4786=EDGE_LOOP('',(#2230,#2231,#2232,#2233));
#4787=EDGE_LOOP('',(#2234,#2235,#2236,#2237));
#4788=EDGE_LOOP('',(#2238,#2239,#2240,#2241));
#4789=EDGE_LOOP('',(#2242,#2243,#2244,#2245));
#4790=EDGE_LOOP('',(#2246,#2247,#2248,#2249));
#4791=EDGE_LOOP('',(#2250,#2251,#2252,#2253));
#4792=EDGE_LOOP('',(#2254,#2255,#2256,#2257));
#4793=EDGE_LOOP('',(#2258,#2259,#2260,#2261));
#4794=EDGE_LOOP('',(#2262,#2263,#2264,#2265));
#4795=EDGE_LOOP('',(#2266,#2267,#2268,#2269));
#4796=EDGE_LOOP('',(#2270,#2271,#2272,#2273));
#4797=EDGE_LOOP('',(#2274,#2275,#2276,#2277));
#4798=EDGE_LOOP('',(#2278,#2279,#2280,#2281));
#4799=EDGE_LOOP('',(#2282,#2283,#2284,#2285));
#4800=EDGE_LOOP('',(#2286,#2287,#2288,#2289));
#4801=EDGE_LOOP('',(#2290,#2291,#2292,#2293));
#4802=EDGE_LOOP('',(#2294,#2295,#2296,#2297));
#4803=EDGE_LOOP('',(#2298,#2299,#2300,#2301));
#4804=EDGE_LOOP('',(#2302,#2303,#2304,#2305));
#4805=EDGE_LOOP('',(#2306,#2307,#2308,#2309));
#4806=EDGE_LOOP('',(#2310,#2311,#2312,#2313));
#4807=EDGE_LOOP('',(#2314,#2315,#2316,#2317));
#4808=EDGE_LOOP('',(#2318,#2319,#2320,#2321));
#4809=EDGE_LOOP('',(#2322,#2323,#2324,#2325));
#4810=EDGE_LOOP('',(#2326,#2327,#2328,#2329));
#4811=EDGE_LOOP('',(#2330,#2331,#2332,#2333));
#4812=EDGE_LOOP('',(#2334,#2335,#2336,#2337));
#4813=EDGE_LOOP('',(#2338,#2339,#2340,#2341));
#4814=EDGE_LOOP('',(#2342,#2343,#2344,#2345));
#4815=EDGE_LOOP('',(#2346,#2347,#2348,#2349));
#4816=EDGE_LOOP('',(#2350,#2351,#2352,#2353));
#4817=EDGE_LOOP('',(#2354,#2355,#2356,#2357));
#4818=EDGE_LOOP('',(#2358,#2359,#2360,#2361));
#4819=EDGE_LOOP('',(#2362,#2363,#2364,#2365));
#4820=EDGE_LOOP('',(#2366,#2367,#2368,#2369));
#4821=EDGE_LOOP('',(#2370,#2371,#2372,#2373));
#4822=EDGE_LOOP('',(#2374,#2375,#2376,#2377));
#4823=EDGE_LOOP('',(#2378,#2379,#2380,#2381));
#4824=EDGE_LOOP('',(#2382,#2383,#2384,#2385));
#4825=EDGE_LOOP('',(#2386,#2387,#2388,#2389));
#4826=EDGE_LOOP('',(#2390,#2391,#2392,#2393));
#4827=EDGE_LOOP('',(#2394,#2395,#2396,#2397));
#4828=EDGE_LOOP('',(#2398,#2399,#2400,#2401));
#4829=EDGE_LOOP('',(#2402,#2403,#2404,#2405));
#4830=EDGE_LOOP('',(#2406,#2407,#2408,#2409));
#4831=EDGE_LOOP('',(#2410,#2411,#2412,#2413));
#4832=EDGE_LOOP('',(#2414,#2415,#2416,#2417));
#4833=EDGE_LOOP('',(#2418,#2419,#2420,#2421));
#4834=EDGE_LOOP('',(#2422,#2423,#2424,#2425));
#4835=EDGE_LOOP('',(#2426,#2427,#2428,#2429));
#4836=EDGE_LOOP('',(#2430,#2431,#2432,#2433));
#4837=EDGE_LOOP('',(#2434,#2435,#2436,#2437));
#4838=EDGE_LOOP('',(#2438,#2439,#2440,#2441));
#4839=EDGE_LOOP('',(#2442,#2443,#2444,#2445));
#4840=EDGE_LOOP('',(#2446,#2447,#2448,#2449));
#4841=EDGE_LOOP('',(#2450,#2451,#2452,#2453));
#4842=EDGE_LOOP('',(#2454,#2455,#2456,#2457));
#4843=EDGE_LOOP('',(#2458,#2459,#2460,#2461));
#4844=EDGE_LOOP('',(#2462,#2463,#2464,#2465));
#4845=EDGE_LOOP('',(#2466,#2467,#2468,#2469));
#4846=EDGE_LOOP('',(#2470,#2471,#2472,#2473));
#4847=EDGE_LOOP('',(#2474,#2475,#2476,#2477));
#4848=EDGE_LOOP('',(#2478,#2479,#2480,#2481));
#4849=EDGE_LOOP('',(#2482,#2483,#2484,#2485));
#4850=EDGE_LOOP('',(#2486,#2487,#2488,#2489));
#4851=EDGE_LOOP('',(#2490,#2491,#2492,#2493));
#4852=EDGE_LOOP('',(#2494,#2495,#2496,#2497));
#4853=EDGE_LOOP('',(#2498,#2499,#2500,#2501));
#4854=EDGE_LOOP('',(#2502,#2503,#2504,#2505));
#4855=EDGE_LOOP('',(#2506,#2507,#2508,#2509));
#4856=EDGE_LOOP('',(#2510,#2511,#2512,#2513));
#4857=EDGE_LOOP('',(#2514,#2515,#2516,#2517));
#4858=EDGE_LOOP('',(#2518,#2519,#2520,#2521));
#4859=EDGE_LOOP('',(#2522,#2523,#2524,#2525));
#4860=EDGE_LOOP('',(#2526,#2527,#2528,#2529));
#4861=EDGE_LOOP('',(#2530,#2531,#2532,#2533));
#4862=EDGE_LOOP('',(#2534,#2535,#2536,#2537));
#4863=EDGE_LOOP('',(#2538,#2539,#2540,#2541));
#4864=EDGE_LOOP('',(#2542,#2543,#2544,#2545));
#4865=EDGE_LOOP('',(#2546,#2547,#2548,#2549));
#4866=EDGE_LOOP('',(#2550,#2551,#2552,#2553));
#4867=EDGE_LOOP('',(#2554,#2555,#2556,#2557));
#4868=EDGE_LOOP('',(#2558,#2559,#2560,#2561));
#4869=EDGE_LOOP('',(#2562,#2563,#2564,#2565));
#4870=EDGE_LOOP('',(#2566,#2567,#2568,#2569));
#4871=EDGE_LOOP('',(#2570,#2571,#2572,#2573));
#4872=EDGE_LOOP('',(#2574,#2575,#2576,#2577));
#4873=EDGE_LOOP('',(#2578,#2579,#2580,#2581));
#4874=EDGE_LOOP('',(#2582,#2583,#2584,#2585));
#4875=EDGE_LOOP('',(#2586,#2587,#2588,#2589));
#4876=EDGE_LOOP('',(#2590,#2591,#2592,#2593));
#4877=EDGE_LOOP('',(#2594,#2595,#2596,#2597));
#4878=EDGE_LOOP('',(#2598,#2599,#2600,#2601));
#4879=EDGE_LOOP('',(#2602,#2603,#2604,#2605));
#4880=EDGE_LOOP('',(#2606,#2607,#2608,#2609));
#4881=EDGE_LOOP('',(#2610,#2611,#2612,#2613));
#4882=EDGE_LOOP('',(#2614,#2615,#2616,#2617));
#4883=EDGE_LOOP('',(#2618,#2619,#2620,#2621));
#4884=EDGE_LOOP('',(#2622,#2623,#2624,#2625));
#4885=EDGE_LOOP('',(#2626,#2627,#2628,#2629));
#4886=EDGE_LOOP('',(#2630,#2631,#2632,#2633));
#4887=EDGE_LOOP('',(#2634,#2635,#2636,#2637));
#4888=EDGE_LOOP('',(#2638,#2639,#2640,#2641));
#4889=EDGE_LOOP('',(#2642,#2643,#2644,#2645));
#4890=EDGE_LOOP('',(#2646,#2647,#2648,#2649));
#4891=EDGE_LOOP('',(#2650,#2651,#2652,#2653));
#4892=EDGE_LOOP('',(#2654,#2655,#2656,#2657));
#4893=EDGE_LOOP('',(#2658,#2659,#2660,#2661));
#4894=EDGE_LOOP('',(#2662,#2663,#2664,#2665));
#4895=EDGE_LOOP('',(#2666,#2667,#2668,#2669));
#4896=EDGE_LOOP('',(#2670,#2671,#2672,#2673));
#4897=EDGE_LOOP('',(#2674,#2675,#2676,#2677));
#4898=EDGE_LOOP('',(#2678,#2679,#2680,#2681));
#4899=EDGE_LOOP('',(#2682,#2683,#2684,#2685));
#4900=EDGE_LOOP('',(#2686,#2687,#2688,#2689));
#4901=EDGE_LOOP('',(#2690,#2691,#2692,#2693));
#4902=EDGE_LOOP('',(#2694,#2695,#2696,#2697));
#4903=EDGE_LOOP('',(#2698,#2699,#2700,#2701));
#4904=EDGE_LOOP('',(#2702,#2703,#2704,#2705));
#4905=EDGE_LOOP('',(#2706,#2707,#2708,#2709));
#4906=EDGE_LOOP('',(#2710,#2711,#2712,#2713));
#4907=EDGE_LOOP('',(#2714,#2715,#2716,#2717));
#4908=EDGE_LOOP('',(#2718,#2719,#2720,#2721));
#4909=EDGE_LOOP('',(#2722,#2723,#2724,#2725));
#4910=EDGE_LOOP('',(#2726,#2727,#2728,#2729));
#4911=EDGE_LOOP('',(#2730,#2731,#2732,#2733));
#4912=EDGE_LOOP('',(#2734,#2735,#2736,#2737));
#4913=EDGE_LOOP('',(#2738,#2739,#2740,#2741));
#4914=EDGE_LOOP('',(#2742,#2743,#2744,#2745));
#4915=EDGE_LOOP('',(#2746,#2747,#2748,#2749));
#4916=EDGE_LOOP('',(#2750,#2751,#2752,#2753));
#4917=EDGE_LOOP('',(#2754,#2755,#2756,#2757));
#4918=EDGE_LOOP('',(#2758,#2759,#2760,#2761));
#4919=EDGE_LOOP('',(#2762,#2763,#2764,#2765));
#4920=EDGE_LOOP('',(#2766,#2767,#2768,#2769));
#4921=EDGE_LOOP('',(#2770,#2771,#2772,#2773));
#4922=EDGE_LOOP('',(#2774,#2775,#2776,#2777));
#4923=EDGE_LOOP('',(#2778,#2779,#2780,#2781));
#4924=EDGE_LOOP('',(#2782,#2783,#2784,#2785));
#4925=EDGE_LOOP('',(#2786,#2787,#2788,#2789));
#4926=EDGE_LOOP('',(#2790,#2791,#2792,#2793));
#4927=EDGE_LOOP('',(#2794,#2795,#2796,#2797));
#4928=EDGE_LOOP('',(#2798,#2799,#2800,#2801));
#4929=EDGE_LOOP('',(#2802,#2803,#2804,#2805));
#4930=EDGE_LOOP('',(#2806,#2807,#2808,#2809));
#4931=EDGE_LOOP('',(#2810,#2811,#2812,#2813));
#4932=EDGE_LOOP('',(#2814,#2815,#2816,#2817));
#4933=EDGE_LOOP('',(#2818,#2819,#2820,#2821));
#4934=EDGE_LOOP('',(#2822,#2823,#2824,#2825));
#4935=EDGE_LOOP('',(#2826,#2827,#2828,#2829));
#4936=EDGE_LOOP('',(#2830,#2831,#2832,#2833));
#4937=EDGE_LOOP('',(#2834,#2835,#2836,#2837));
#4938=EDGE_LOOP('',(#2838,#2839,#2840,#2841,#2842,#2843,#2844,#2845));
#4939=EDGE_LOOP('',(#2846,#2847,#2848,#2849,#2850,#2851,#2852,#2853));
#4940=EDGE_LOOP('',(#2854,#2855,#2856,#2857,#2858,#2859,#2860,#2861));
#4941=EDGE_LOOP('',(#2862,#2863,#2864,#2865,#2866,#2867,#2868,#2869));
#4942=EDGE_LOOP('',(#2870,#2871,#2872,#2873,#2874,#2875,#2876,#2877));
#4943=EDGE_LOOP('',(#2878,#2879,#2880,#2881,#2882,#2883,#2884,#2885));
#4944=EDGE_LOOP('',(#2886,#2887,#2888,#2889,#2890,#2891,#2892,#2893));
#4945=EDGE_LOOP('',(#2894,#2895,#2896,#2897,#2898,#2899,#2900,#2901));
#4946=EDGE_LOOP('',(#2902,#2903,#2904,#2905,#2906,#2907,#2908,#2909));
#4947=EDGE_LOOP('',(#2910,#2911,#2912,#2913,#2914,#2915,#2916,#2917));
#4948=EDGE_LOOP('',(#2918,#2919,#2920,#2921,#2922,#2923,#2924,#2925));
#4949=EDGE_LOOP('',(#2926,#2927,#2928,#2929,#2930,#2931,#2932,#2933));
#4950=EDGE_LOOP('',(#2934,#2935,#2936,#2937,#2938,#2939,#2940,#2941));
#4951=EDGE_LOOP('',(#2942,#2943,#2944,#2945,#2946,#2947,#2948,#2949));
#4952=EDGE_LOOP('',(#2950,#2951,#2952,#2953,#2954,#2955,#2956,#2957));
#4953=EDGE_LOOP('',(#2958,#2959,#2960,#2961,#2962,#2963,#2964,#2965));
#4954=EDGE_LOOP('',(#2966,#2967,#2968,#2969,#2970,#2971,#2972,#2973));
#4955=EDGE_LOOP('',(#2974,#2975,#2976,#2977,#2978,#2979,#2980,#2981));
#4956=EDGE_LOOP('',(#2982,#2983,#2984,#2985,#2986,#2987,#2988,#2989));
#4957=EDGE_LOOP('',(#2990,#2991,#2992,#2993,#2994,#2995,#2996,#2997));
#4958=EDGE_LOOP('',(#2998,#2999,#3000,#3001,#3002,#3003,#3004,#3005));
#4959=EDGE_LOOP('',(#3006,#3007,#3008,#3009,#3010,#3011,#3012,#3013));
#4960=EDGE_LOOP('',(#3014,#3015,#3016,#3017,#3018,#3019,#3020,#3021));
#4961=EDGE_LOOP('',(#3022,#3023,#3024,#3025,#3026,#3027,#3028,#3029));
#4962=EDGE_LOOP('',(#3030,#3031,#3032,#3033,#3034,#3035,#3036,#3037));
#4963=EDGE_LOOP('',(#3038,#3039,#3040,#3041,#3042,#3043,#3044,#3045));
#4964=EDGE_LOOP('',(#3046,#3047,#3048,#3049,#3050,#3051,#3052,#3053));
#4965=EDGE_LOOP('',(#3054,#3055,#3056,#3057,#3058,#3059,#3060,#3061));
#4966=EDGE_LOOP('',(#3062,#3063,#3064,#3065,#3066,#3067,#3068,#3069));
#4967=EDGE_LOOP('',(#3070,#3071,#3072,#3073,#3074,#3075,#3076,#3077));
#4968=EDGE_LOOP('',(#3078,#3079,#3080,#3081,#3082,#3083,#3084,#3085));
#4969=EDGE_LOOP('',(#3086,#3087,#3088,#3089,#3090,#3091,#3092,#3093));
#4970=EDGE_LOOP('',(#3094,#3095,#3096,#3097,#3098,#3099,#3100,#3101));
#4971=EDGE_LOOP('',(#3102,#3103,#3104,#3105,#3106,#3107,#3108,#3109));
#4972=EDGE_LOOP('',(#3110,#3111,#3112,#3113,#3114,#3115,#3116,#3117));
#4973=EDGE_LOOP('',(#3118,#3119,#3120,#3121,#3122,#3123,#3124,#3125));
#4974=EDGE_LOOP('',(#3126,#3127,#3128,#3129,#3130,#3131,#3132,#3133));
#4975=EDGE_LOOP('',(#3134,#3135,#3136,#3137,#3138,#3139,#3140,#3141));
#4976=EDGE_LOOP('',(#3142,#3143,#3144,#3145,#3146,#3147,#3148,#3149));
#4977=EDGE_LOOP('',(#3150,#3151,#3152,#3153,#3154,#3155,#3156,#3157));
#4978=FACE_BOUND('',#4616,.T.);
#4979=FACE_BOUND('',#4617,.T.);
#4980=FACE_BOUND('',#4618,.T.);
#4981=FACE_BOUND('',#4619,.T.);
#4982=FACE_BOUND('',#4620,.T.);
#4983=FACE_BOUND('',#4621,.T.);
#4984=FACE_BOUND('',#4622,.T.);
#4985=FACE_BOUND('',#4623,.T.);
#4986=FACE_BOUND('',#4624,.T.);
#4987=FACE_BOUND('',#4625,.T.);
#4988=FACE_BOUND('',#4626,.T.);
#4989=FACE_BOUND('',#4627,.T.);
#4990=FACE_BOUND('',#4628,.T.);
#4991=FACE_BOUND('',#4629,.T.);
#4992=FACE_BOUND('',#4630,.T.);
#4993=FACE_BOUND('',#4631,.T.);
#4994=FACE_BOUND('',#4632,.T.);
#4995=FACE_BOUND('',#4633,.T.);
#4996=FACE_BOUND('',#4634,.T.);
#4997=FACE_BOUND('',#4635,.T.);
#4998=FACE_BOUND('',#4636,.T.);
#4999=FACE_BOUND('',#4637,.T.);
#5000=FACE_BOUND('',#4638,.T.);
#5001=FACE_BOUND('',#4639,.T.);
#5002=FACE_BOUND('',#4640,.T.);
#5003=FACE_BOUND('',#4641,.T.);
#5004=FACE_BOUND('',#4642,.T.);
#5005=FACE_BOUND('',#4643,.T.);
#5006=FACE_BOUND('',#4644,.T.);
#5007=FACE_BOUND('',#4645,.T.);
#5008=FACE_BOUND('',#4646,.T.);
#5009=FACE_BOUND('',#4647,.T.);
#5010=FACE_BOUND('',#4648,.T.);
#5011=FACE_BOUND('',#4649,.T.);
#5012=FACE_BOUND('',#4650,.T.);
#5013=FACE_BOUND('',#4651,.T.);
#5014=FACE_BOUND('',#4652,.T.);
#5015=FACE_BOUND('',#4653,.T.);
#5016=FACE_BOUND('',#4654,.T.);
#5017=FACE_BOUND('',#4655,.T.);
#5018=FACE_BOUND('',#4656,.T.);
#5019=FACE_BOUND('',#4657,.T.);
#5020=FACE_BOUND('',#4658,.T.);
#5021=FACE_BOUND('',#4659,.T.);
#5022=FACE_BOUND('',#4660,.T.);
#5023=FACE_BOUND('',#4661,.T.);
#5024=FACE_BOUND('',#4662,.T.);
#5025=FACE_BOUND('',#4663,.T.);
#5026=FACE_BOUND('',#4664,.T.);
#5027=FACE_BOUND('',#4665,.T.);
#5028=FACE_BOUND('',#4666,.T.);
#5029=FACE_BOUND('',#4667,.T.);
#5030=FACE_BOUND('',#4668,.T.);
#5031=FACE_BOUND('',#4669,.T.);
#5032=FACE_BOUND('',#4670,.T.);
#5033=FACE_BOUND('',#4671,.T.);
#5034=FACE_BOUND('',#4672,.T.);
#5035=FACE_BOUND('',#4673,.T.);
#5036=FACE_BOUND('',#4674,.T.);
#5037=FACE_BOUND('',#4675,.T.);
#5038=FACE_BOUND('',#4676,.T.);
#5039=FACE_BOUND('',#4677,.T.);
#5040=FACE_BOUND('',#4678,.T.);
#5041=FACE_BOUND('',#4679,.T.);
#5042=FACE_BOUND('',#4680,.T.);
#5043=FACE_BOUND('',#4681,.T.);
#5044=FACE_BOUND('',#4682,.T.);
#5045=FACE_BOUND('',#4683,.T.);
#5046=FACE_BOUND('',#4684,.T.);
#5047=FACE_BOUND('',#4685,.T.);
#5048=FACE_BOUND('',#4686,.T.);
#5049=FACE_BOUND('',#4687,.T.);
#5050=FACE_BOUND('',#4688,.T.);
#5051=FACE_BOUND('',#4689,.T.);
#5052=FACE_BOUND('',#4690,.T.);
#5053=FACE_BOUND('',#4691,.T.);
#5054=FACE_BOUND('',#4692,.T.);
#5055=FACE_BOUND('',#4693,.T.);
#5056=FACE_BOUND('',#4694,.T.);
#5057=FACE_BOUND('',#4695,.T.);
#5058=FACE_BOUND('',#4696,.T.);
#5059=FACE_BOUND('',#4697,.T.);
#5060=FACE_BOUND('',#4698,.T.);
#5061=FACE_BOUND('',#4699,.T.);
#5062=FACE_BOUND('',#4700,.T.);
#5063=FACE_BOUND('',#4701,.T.);
#5064=FACE_BOUND('',#4702,.T.);
#5065=FACE_BOUND('',#4703,.T.);
#5066=FACE_BOUND('',#4704,.T.);
#5067=FACE_BOUND('',#4705,.T.);
#5068=FACE_BOUND('',#4706,.T.);
#5069=FACE_BOUND('',#4707,.T.);
#5070=FACE_BOUND('',#4708,.T.);
#5071=FACE_BOUND('',#4709,.T.);
#5072=FACE_BOUND('',#4710,.T.);
#5073=FACE_BOUND('',#4711,.T.);
#5074=FACE_BOUND('',#4712,.T.);
#5075=FACE_BOUND('',#4713,.T.);
#5076=FACE_BOUND('',#4714,.T.);
#5077=FACE_BOUND('',#4715,.T.);
#5078=FACE_BOUND('',#4716,.T.);
#5079=FACE_BOUND('',#4717,.T.);
#5080=FACE_BOUND('',#4718,.T.);
#5081=FACE_BOUND('',#4719,.T.);
#5082=FACE_BOUND('',#4720,.T.);
#5083=FACE_BOUND('',#4721,.T.);
#5084=FACE_BOUND('',#4722,.T.);
#5085=FACE_BOUND('',#4723,.T.);
#5086=FACE_BOUND('',#4724,.T.);
#5087=FACE_BOUND('',#4725,.T.);
#5088=FACE_BOUND('',#4726,.T.);
#5089=FACE_BOUND('',#4727,.T.);
#5090=FACE_BOUND('',#4728,.T.);
#5091=FACE_BOUND('',#4729,.T.);
#5092=FACE_BOUND('',#4730,.T.);
#5093=FACE_BOUND('',#4731,.T.);
#5094=FACE_BOUND('',#4732,.T.);
#5095=FACE_BOUND('',#4733,.T.);
#5096=FACE_BOUND('',#4734,.T.);
#5097=FACE_BOUND('',#4735,.T.);
#5098=FACE_BOUND('',#4736,.T.);
#5099=FACE_BOUND('',#4737,.T.);
#5100=FACE_BOUND('',#4738,.T.);
#5101=FACE_BOUND('',#4739,.T.);
#5102=FACE_BOUND('',#4740,.T.);
#5103=FACE_BOUND('',#4741,.T.);
#5104=FACE_BOUND('',#4742,.T.);
#5105=FACE_BOUND('',#4743,.T.);
#5106=FACE_BOUND('',#4744,.T.);
#5107=FACE_BOUND('',#4745,.T.);
#5108=FACE_BOUND('',#4746,.T.);
#5109=FACE_BOUND('',#4747,.T.);
#5110=FACE_BOUND('',#4748,.T.);
#5111=FACE_BOUND('',#4749,.T.);
#5112=FACE_BOUND('',#4750,.T.);
#5113=FACE_BOUND('',#4751,.T.);
#5114=FACE_BOUND('',#4752,.T.);
#5115=FACE_BOUND('',#4753,.T.);
#5116=FACE_BOUND('',#4754,.T.);
#5117=FACE_BOUND('',#4755,.T.);
#5118=FACE_BOUND('',#4756,.T.);
#5119=FACE_BOUND('',#4757,.T.);
#5120=FACE_BOUND('',#4758,.T.);
#5121=FACE_BOUND('',#4759,.T.);
#5122=FACE_BOUND('',#4760,.T.);
#5123=FACE_BOUND('',#4761,.T.);
#5124=FACE_BOUND('',#4762,.T.);
#5125=FACE_BOUND('',#4763,.T.);
#5126=FACE_BOUND('',#4764,.T.);
#5127=FACE_BOUND('',#4765,.T.);
#5128=FACE_BOUND('',#4766,.T.);
#5129=FACE_BOUND('',#4767,.T.);
#5130=FACE_BOUND('',#4768,.T.);
#5131=FACE_BOUND('',#4769,.T.);
#5132=FACE_BOUND('',#4770,.T.);
#5133=FACE_BOUND('',#4771,.T.);
#5134=FACE_BOUND('',#4772,.T.);
#5135=FACE_BOUND('',#4773,.T.);
#5136=FACE_BOUND('',#4774,.T.);
#5137=FACE_BOUND('',#4775,.T.);
#5138=FACE_BOUND('',#4776,.T.);
#5139=FACE_BOUND('',#4777,.T.);
#5140=FACE_BOUND('',#4778,.T.);
#5141=FACE_BOUND('',#4779,.T.);
#5142=FACE_BOUND('',#4780,.T.);
#5143=FACE_BOUND('',#4781,.T.);
#5144=FACE_BOUND('',#4782,.T.);
#5145=FACE_BOUND('',#4783,.T.);
#5146=FACE_BOUND('',#4784,.T.);
#5147=FACE_BOUND('',#4785,.T.);
#5148=FACE_BOUND('',#4786,.T.);
#5149=FACE_BOUND('',#4787,.T.);
#5150=FACE_BOUND('',#4788,.T.);
#5151=FACE_BOUND('',#4789,.T.);
#5152=FACE_BOUND('',#4790,.T.);
#5153=FACE_BOUND('',#4791,.T.);
#5154=FACE_BOUND('',#4792,.T.);
#5155=FACE_BOUND('',#4793,.T.);
#5156=FACE_BOUND('',#4794,.T.);
#5157=FACE_BOUND('',#4795,.T.);
#5158=FACE_BOUND('',#4796,.T.);
#5159=FACE_BOUND('',#4797,.T.);
#5160=FACE_BOUND('',#4798,.T.);
#5161=FACE_BOUND('',#4799,.T.);
#5162=FACE_BOUND('',#4800,.T.);
#5163=FACE_BOUND('',#4801,.T.);
#5164=FACE_BOUND('',#4802,.T.);
#5165=FACE_BOUND('',#4803,.T.);
#5166=FACE_BOUND('',#4804,.T.);
#5167=FACE_BOUND('',#4805,.T.);
#5168=FACE_BOUND('',#4806,.T.);
#5169=FACE_BOUND('',#4807,.T.);
#5170=FACE_BOUND('',#4808,.T.);
#5171=FACE_BOUND('',#4809,.T.);
#5172=FACE_BOUND('',#4810,.T.);
#5173=FACE_BOUND('',#4811,.T.);
#5174=FACE_BOUND('',#4812,.T.);
#5175=FACE_BOUND('',#4813,.T.);
#5176=FACE_BOUND('',#4814,.T.);
#5177=FACE_BOUND('',#4815,.T.);
#5178=FACE_BOUND('',#4816,.T.);
#5179=FACE_BOUND('',#4817,.T.);
#5180=FACE_BOUND('',#4818,.T.);
#5181=FACE_BOUND('',#4819,.T.);
#5182=FACE_BOUND('',#4820,.T.);
#5183=FACE_BOUND('',#4821,.T.);
#5184=FACE_BOUND('',#4822,.T.);
#5185=FACE_BOUND('',#4823,.T.);
#5186=FACE_BOUND('',#4824,.T.);
#5187=FACE_BOUND('',#4825,.T.);
#5188=FACE_BOUND('',#4826,.T.);
#5189=FACE_BOUND('',#4827,.T.);
#5190=FACE_BOUND('',#4828,.T.);
#5191=FACE_BOUND('',#4829,.T.);
#5192=FACE_BOUND('',#4830,.T.);
#5193=FACE_BOUND('',#4831,.T.);
#5194=FACE_BOUND('',#4832,.T.);
#5195=FACE_BOUND('',#4833,.T.);
#5196=FACE_BOUND('',#4834,.T.);
#5197=FACE_BOUND('',#4835,.T.);
#5198=FACE_BOUND('',#4836,.T.);
#5199=FACE_BOUND('',#4837,.T.);
#5200=FACE_BOUND('',#4838,.T.);
#5201=FACE_BOUND('',#4839,.T.);
#5202=FACE_BOUND('',#4840,.T.);
#5203=FACE_BOUND('',#4841,.T.);
#5204=FACE_BOUND('',#4842,.T.);
#5205=FACE_BOUND('',#4843,.T.);
#5206=FACE_BOUND('',#4844,.T.);
#5207=FACE_BOUND('',#4845,.T.);
#5208=FACE_BOUND('',#4846,.T.);
#5209=FACE_BOUND('',#4847,.T.);
#5210=FACE_BOUND('',#4848,.T.);
#5211=FACE_BOUND('',#4849,.T.);
#5212=FACE_BOUND('',#4850,.T.);
#5213=FACE_BOUND('',#4851,.T.);
#5214=FACE_BOUND('',#4852,.T.);
#5215=FACE_BOUND('',#4853,.T.);
#5216=FACE_BOUND('',#4854,.T.);
#5217=FACE_BOUND('',#4855,.T.);
#5218=FACE_BOUND('',#4856,.T.);
#5219=FACE_BOUND('',#4857,.T.);
#5220=FACE_BOUND('',#4858,.T.);
#5221=FACE_BOUND('',#4859,.T.);
#5222=FACE_BOUND('',#4860,.T.);
#5223=FACE_BOUND('',#4861,.T.);
#5224=FACE_BOUND('',#4862,.T.);
#5225=FACE_BOUND('',#4863,.T.);
#5226=FACE_BOUND('',#4864,.T.);
#5227=FACE_BOUND('',#4865,.T.);
#5228=FACE_BOUND('',#4866,.T.);
#5229=FACE_BOUND('',#4867,.T.);
#5230=FACE_BOUND('',#4868,.T.);
#5231=FACE_BOUND('',#4869,.T.);
#5232=FACE_BOUND('',#4870,.T.);
#5233=FACE_BOUND('',#4871,.T.);
#5234=FACE_BOUND('',#4872,.T.);
#5235=FACE_BOUND('',#4873,.T.);
#5236=FACE_BOUND('',#4874,.T.);
#5237=FACE_BOUND('',#4875,.T.);
#5238=FACE_BOUND('',#4876,.T.);
#5239=FACE_BOUND('',#4877,.T.);
#5240=FACE_BOUND('',#4878,.T.);
#5241=FACE_BOUND('',#4879,.T.);
#5242=FACE_BOUND('',#4880,.T.);
#5243=FACE_BOUND('',#4881,.T.);
#5244=FACE_BOUND('',#4882,.T.);
#5245=FACE_BOUND('',#4883,.T.);
#5246=FACE_BOUND('',#4884,.T.);
#5247=FACE_BOUND('',#4885,.T.);
#5248=FACE_BOUND('',#4886,.T.);
#5249=FACE_BOUND('',#4887,.T.);
#5250=FACE_BOUND('',#4888,.T.);
#5251=FACE_BOUND('',#4889,.T.);
#5252=FACE_BOUND('',#4890,.T.);
#5253=FACE_BOUND('',#4891,.T.);
#5254=FACE_BOUND('',#4892,.T.);
#5255=FACE_BOUND('',#4893,.T.);
#5256=FACE_BOUND('',#4894,.T.);
#5257=FACE_BOUND('',#4895,.T.);
#5258=FACE_BOUND('',#4896,.T.);
#5259=FACE_BOUND('',#4897,.T.);
#5260=FACE_BOUND('',#4898,.T.);
#5261=FACE_BOUND('',#4899,.T.);
#5262=FACE_BOUND('',#4900,.T.);
#5263=FACE_BOUND('',#4901,.T.);
#5264=FACE_BOUND('',#4902,.T.);
#5265=FACE_BOUND('',#4903,.T.);
#5266=FACE_BOUND('',#4904,.T.);
#5267=FACE_BOUND('',#4905,.T.);
#5268=FACE_BOUND('',#4906,.T.);
#5269=FACE_BOUND('',#4907,.T.);
#5270=FACE_BOUND('',#4908,.T.);
#5271=FACE_BOUND('',#4909,.T.);
#5272=FACE_BOUND('',#4910,.T.);
#5273=FACE_BOUND('',#4911,.T.);
#5274=FACE_BOUND('',#4912,.T.);
#5275=FACE_BOUND('',#4913,.T.);
#5276=FACE_BOUND('',#4914,.T.);
#5277=FACE_BOUND('',#4915,.T.);
#5278=FACE_BOUND('',#4916,.T.);
#5279=FACE_BOUND('',#4917,.T.);
#5280=FACE_BOUND('',#4918,.T.);
#5281=FACE_BOUND('',#4919,.T.);
#5282=FACE_BOUND('',#4920,.T.);
#5283=FACE_BOUND('',#4921,.T.);
#5284=FACE_BOUND('',#4922,.T.);
#5285=FACE_BOUND('',#4923,.T.);
#5286=FACE_BOUND('',#4924,.T.);
#5287=FACE_BOUND('',#4925,.T.);
#5288=FACE_BOUND('',#4926,.T.);
#5289=FACE_BOUND('',#4927,.T.);
#5290=FACE_BOUND('',#4928,.T.);
#5291=FACE_BOUND('',#4929,.T.);
#5292=FACE_BOUND('',#4930,.T.);
#5293=FACE_BOUND('',#4931,.T.);
#5294=FACE_BOUND('',#4932,.T.);
#5295=FACE_BOUND('',#4933,.T.);
#5296=FACE_BOUND('',#4934,.T.);
#5297=FACE_BOUND('',#4935,.T.);
#5298=FACE_BOUND('',#4936,.T.);
#5299=FACE_BOUND('',#4937,.T.);
#5300=FACE_BOUND('',#4938,.T.);
#5301=FACE_BOUND('',#4939,.T.);
#5302=FACE_BOUND('',#4940,.T.);
#5303=FACE_BOUND('',#4941,.T.);
#5304=FACE_BOUND('',#4942,.T.);
#5305=FACE_BOUND('',#4943,.T.);
#5306=FACE_BOUND('',#4944,.T.);
#5307=FACE_BOUND('',#4945,.T.);
#5308=FACE_BOUND('',#4946,.T.);
#5309=FACE_BOUND('',#4947,.T.);
#5310=FACE_BOUND('',#4948,.T.);
#5311=FACE_BOUND('',#4949,.T.);
#5312=FACE_BOUND('',#4950,.T.);
#5313=FACE_BOUND('',#4951,.T.);
#5314=FACE_BOUND('',#4952,.T.);
#5315=FACE_BOUND('',#4953,.T.);
#5316=FACE_BOUND('',#4954,.T.);
#5317=FACE_BOUND('',#4955,.T.);
#5318=FACE_BOUND('',#4956,.T.);
#5319=FACE_BOUND('',#4957,.T.);
#5320=FACE_BOUND('',#4958,.T.);
#5321=FACE_BOUND('',#4959,.T.);
#5322=FACE_BOUND('',#4960,.T.);
#5323=FACE_BOUND('',#4961,.T.);
#5324=FACE_BOUND('',#4962,.T.);
#5325=FACE_BOUND('',#4963,.T.);
#5326=FACE_BOUND('',#4964,.T.);
#5327=FACE_BOUND('',#4965,.T.);
#5328=FACE_BOUND('',#4966,.T.);
#5329=FACE_BOUND('',#4967,.T.);
#5330=FACE_BOUND('',#4968,.T.);
#5331=FACE_BOUND('',#4969,.T.);
#5332=FACE_BOUND('',#4970,.T.);
#5333=FACE_BOUND('',#4971,.T.);
#5334=FACE_BOUND('',#4972,.T.);
#5335=FACE_BOUND('',#4973,.T.);
#5336=FACE_BOUND('',#4974,.T.);
#5337=FACE_BOUND('',#4975,.T.);
#5338=FACE_BOUND('',#4976,.T.);
#5339=FACE_BOUND('',#4977,.T.);
#5340=PLANE('',#5959);
#5341=PLANE('',#5961);
#5342=PLANE('',#5964);
#5343=PLANE('',#5967);
#5344=PLANE('',#5970);
#5345=PLANE('',#5971);
#5346=PLANE('',#5972);
#5347=PLANE('',#5974);
#5348=PLANE('',#5977);
#5349=PLANE('',#5978);
#5350=PLANE('',#5979);
#5351=PLANE('',#5982);
#5352=PLANE('',#5983);
#5353=PLANE('',#5988);
#5354=PLANE('',#5991);
#5355=PLANE('',#5992);
#5356=PLANE('',#5993);
#5357=PLANE('',#5994);
#5358=PLANE('',#5995);
#5359=PLANE('',#5996);
#5360=PLANE('',#5997);
#5361=PLANE('',#5998);
#5362=PLANE('',#5999);
#5363=PLANE('',#6000);
#5364=PLANE('',#6001);
#5365=PLANE('',#6002);
#5366=PLANE('',#6009);
#5367=PLANE('',#6010);
#5368=PLANE('',#6011);
#5369=PLANE('',#6012);
#5370=PLANE('',#6013);
#5371=PLANE('',#6014);
#5372=PLANE('',#6015);
#5373=PLANE('',#6016);
#5374=PLANE('',#6017);
#5375=PLANE('',#6018);
#5376=PLANE('',#6019);
#5377=PLANE('',#6020);
#5378=PLANE('',#6021);
#5379=PLANE('',#6022);
#5380=PLANE('',#6023);
#5381=PLANE('',#6024);
#5382=PLANE('',#6025);
#5383=PLANE('',#6026);
#5384=PLANE('',#6027);
#5385=PLANE('',#6028);
#5386=PLANE('',#6029);
#5387=PLANE('',#6030);
#5388=PLANE('',#6031);
#5389=PLANE('',#6032);
#5390=PLANE('',#6033);
#5391=PLANE('',#6034);
#5392=PLANE('',#6035);
#5393=PLANE('',#6036);
#5394=PLANE('',#6037);
#5395=PLANE('',#6038);
#5396=PLANE('',#6039);
#5397=PLANE('',#6040);
#5398=PLANE('',#6041);
#5399=PLANE('',#6042);
#5400=PLANE('',#6043);
#5401=PLANE('',#6044);
#5402=PLANE('',#6045);
#5403=PLANE('',#6046);
#5404=PLANE('',#6047);
#5405=PLANE('',#6048);
#5406=PLANE('',#6049);
#5407=PLANE('',#6050);
#5408=PLANE('',#6051);
#5409=PLANE('',#6052);
#5410=PLANE('',#6053);
#5411=PLANE('',#6054);
#5412=PLANE('',#6055);
#5413=PLANE('',#6056);
#5414=PLANE('',#6057);
#5415=PLANE('',#6058);
#5416=PLANE('',#6059);
#5417=PLANE('',#6060);
#5418=PLANE('',#6061);
#5419=PLANE('',#6062);
#5420=PLANE('',#6063);
#5421=PLANE('',#6064);
#5422=PLANE('',#6065);
#5423=PLANE('',#6066);
#5424=PLANE('',#6067);
#5425=PLANE('',#6068);
#5426=PLANE('',#6069);
#5427=PLANE('',#6070);
#5428=PLANE('',#6071);
#5429=PLANE('',#6072);
#5430=PLANE('',#6073);
#5431=PLANE('',#6074);
#5432=PLANE('',#6075);
#5433=PLANE('',#6076);
#5434=PLANE('',#6077);
#5435=PLANE('',#6078);
#5436=PLANE('',#6079);
#5437=PLANE('',#6080);
#5438=PLANE('',#6081);
#5439=PLANE('',#6082);
#5440=PLANE('',#6083);
#5441=PLANE('',#6084);
#5442=PLANE('',#6085);
#5443=PLANE('',#6086);
#5444=PLANE('',#6087);
#5445=PLANE('',#6088);
#5446=PLANE('',#6089);
#5447=PLANE('',#6090);
#5448=PLANE('',#6091);
#5449=PLANE('',#6092);
#5450=PLANE('',#6093);
#5451=PLANE('',#6094);
#5452=PLANE('',#6095);
#5453=PLANE('',#6096);
#5454=PLANE('',#6097);
#5455=PLANE('',#6098);
#5456=PLANE('',#6099);
#5457=PLANE('',#6100);
#5458=PLANE('',#6101);
#5459=PLANE('',#6102);
#5460=PLANE('',#6103);
#5461=PLANE('',#6104);
#5462=PLANE('',#6105);
#5463=PLANE('',#6106);
#5464=PLANE('',#6107);
#5465=PLANE('',#6108);
#5466=PLANE('',#6110);
#5467=PLANE('',#6111);
#5468=PLANE('',#6112);
#5469=PLANE('',#6113);
#5470=PLANE('',#6114);
#5471=PLANE('',#6115);
#5472=PLANE('',#6116);
#5473=PLANE('',#6117);
#5474=PLANE('',#6118);
#5475=PLANE('',#6119);
#5476=PLANE('',#6120);
#5477=PLANE('',#6121);
#5478=PLANE('',#6122);
#5479=PLANE('',#6123);
#5480=PLANE('',#6124);
#5481=PLANE('',#6125);
#5482=PLANE('',#6126);
#5483=PLANE('',#6127);
#5484=PLANE('',#6128);
#5485=PLANE('',#6129);
#5486=PLANE('',#6130);
#5487=PLANE('',#6131);
#5488=PLANE('',#6132);
#5489=PLANE('',#6133);
#5490=PLANE('',#6134);
#5491=PLANE('',#6135);
#5492=PLANE('',#6136);
#5493=PLANE('',#6137);
#5494=PLANE('',#6138);
#5495=PLANE('',#6139);
#5496=PLANE('',#6170);
#5497=PLANE('',#6171);
#5498=PLANE('',#6172);
#5499=PLANE('',#6173);
#5500=PLANE('',#6174);
#5501=PLANE('',#6175);
#5502=PLANE('',#6176);
#5503=PLANE('',#6177);
#5504=PLANE('',#6178);
#5505=PLANE('',#6179);
#5506=PLANE('',#6180);
#5507=PLANE('',#6181);
#5508=PLANE('',#6182);
#5509=PLANE('',#6183);
#5510=PLANE('',#6184);
#5511=PLANE('',#6185);
#5512=PLANE('',#6186);
#5513=PLANE('',#6187);
#5514=PLANE('',#6188);
#5515=PLANE('',#6189);
#5516=PLANE('',#6220);
#5517=PLANE('',#6221);
#5518=PLANE('',#6222);
#5519=PLANE('',#6223);
#5520=PLANE('',#6224);
#5521=PLANE('',#6225);
#5522=PLANE('',#6226);
#5523=PLANE('',#6227);
#5524=PLANE('',#6228);
#5525=PLANE('',#6229);
#5526=PLANE('',#6230);
#5527=PLANE('',#6231);
#5528=PLANE('',#6232);
#5529=PLANE('',#6233);
#5530=PLANE('',#6234);
#5531=PLANE('',#6235);
#5532=PLANE('',#6236);
#5533=PLANE('',#6237);
#5534=PLANE('',#6238);
#5535=PLANE('',#6239);
#5536=PLANE('',#6240);
#5537=PLANE('',#6241);
#5538=PLANE('',#6242);
#5539=PLANE('',#6243);
#5540=PLANE('',#6244);
#5541=PLANE('',#6245);
#5542=PLANE('',#6246);
#5543=PLANE('',#6247);
#5544=PLANE('',#6248);
#5545=PLANE('',#6249);
#5546=PLANE('',#6280);
#5547=PLANE('',#6281);
#5548=PLANE('',#6282);
#5549=PLANE('',#6283);
#5550=PLANE('',#6284);
#5551=PLANE('',#6285);
#5552=PLANE('',#6286);
#5553=PLANE('',#6287);
#5554=PLANE('',#6288);
#5555=PLANE('',#6289);
#5556=PLANE('',#6290);
#5557=PLANE('',#6291);
#5558=PLANE('',#6292);
#5559=PLANE('',#6293);
#5560=PLANE('',#6294);
#5561=PLANE('',#6295);
#5562=PLANE('',#6296);
#5563=PLANE('',#6297);
#5564=PLANE('',#6298);
#5565=PLANE('',#6299);
#5566=PLANE('',#6330);
#5567=PLANE('',#6331);
#5568=PLANE('',#6332);
#5569=PLANE('',#6333);
#5570=PLANE('',#6334);
#5571=PLANE('',#6335);
#5572=PLANE('',#6336);
#5573=PLANE('',#6337);
#5574=PLANE('',#6338);
#5575=PLANE('',#6339);
#5576=PLANE('',#6340);
#5577=PLANE('',#6341);
#5578=PLANE('',#6342);
#5579=PLANE('',#6343);
#5580=PLANE('',#6344);
#5581=PLANE('',#6345);
#5582=PLANE('',#6346);
#5583=PLANE('',#6347);
#5584=PLANE('',#6348);
#5585=PLANE('',#6349);
#5586=PLANE('',#6350);
#5587=PLANE('',#6351);
#5588=PLANE('',#6352);
#5589=PLANE('',#6353);
#5590=PLANE('',#6354);
#5591=PLANE('',#6355);
#5592=PLANE('',#6356);
#5593=PLANE('',#6357);
#5594=PLANE('',#6358);
#5595=PLANE('',#6359);
#5596=PLANE('',#6360);
#5597=PLANE('',#6361);
#5598=PLANE('',#6362);
#5599=PLANE('',#6363);
#5600=PLANE('',#6364);
#5601=PLANE('',#6365);
#5602=PLANE('',#6366);
#5603=PLANE('',#6367);
#5604=PLANE('',#6368);
#5605=PLANE('',#6369);
#5606=PLANE('',#6370);
#5607=PLANE('',#6371);
#5608=PLANE('',#6372);
#5609=PLANE('',#6373);
#5610=PLANE('',#6374);
#5611=PLANE('',#6375);
#5612=ADVANCED_FACE('',(#4978),#5340,.F.);
#5613=ADVANCED_FACE('',(#4979),#5341,.F.);
#5614=ADVANCED_FACE('',(#4980),#5342,.F.);
#5615=ADVANCED_FACE('',(#4981),#5343,.F.);
#5616=ADVANCED_FACE('',(#4982),#5344,.F.);
#5617=ADVANCED_FACE('',(#4983),#5345,.F.);
#5618=ADVANCED_FACE('',(#4984),#5346,.F.);
#5619=ADVANCED_FACE('',(#4985),#5347,.F.);
#5620=ADVANCED_FACE('',(#4986),#5348,.F.);
#5621=ADVANCED_FACE('',(#4987),#5349,.F.);
#5622=ADVANCED_FACE('',(#4988,#4989,#4990,#4991,#4992,#4993,#4994,#4995,
#4996,#4997,#4998,#4999,#5000,#5001,#5002,#5003,#5004,#5005,#5006,#5007,
#5008),#5350,.T.);
#5623=ADVANCED_FACE('',(#5009),#32,.T.);
#5624=ADVANCED_FACE('',(#5010),#5351,.T.);
#5625=ADVANCED_FACE('',(#5011),#5352,.T.);
#5626=ADVANCED_FACE('',(#5012),#33,.T.);
#5627=ADVANCED_FACE('',(#5013),#34,.T.);
#5628=ADVANCED_FACE('',(#5014),#5353,.T.);
#5629=ADVANCED_FACE('',(#5015),#35,.T.);
#5630=ADVANCED_FACE('',(#5016),#5354,.T.);
#5631=ADVANCED_FACE('',(#5017),#5355,.T.);
#5632=ADVANCED_FACE('',(#5018),#5356,.T.);
#5633=ADVANCED_FACE('',(#5019),#5357,.F.);
#5634=ADVANCED_FACE('',(#5020),#5358,.F.);
#5635=ADVANCED_FACE('',(#5021),#5359,.T.);
#5636=ADVANCED_FACE('',(#5022),#5360,.F.);
#5637=ADVANCED_FACE('',(#5023),#5361,.T.);
#5638=ADVANCED_FACE('',(#5024),#5362,.T.);
#5639=ADVANCED_FACE('',(#5025),#5363,.T.);
#5640=ADVANCED_FACE('',(#5026),#5364,.T.);
#5641=ADVANCED_FACE('',(#5027),#5365,.T.);
#5642=ADVANCED_FACE('',(#5028,#5029),#36,.T.);
#5643=ADVANCED_FACE('',(#5030),#30,.T.);
#5644=ADVANCED_FACE('',(#5031,#5032),#37,.T.);
#5645=ADVANCED_FACE('',(#5033),#31,.T.);
#5646=ADVANCED_FACE('',(#5034),#5366,.F.);
#5647=ADVANCED_FACE('',(#5035),#5367,.F.);
#5648=ADVANCED_FACE('',(#5036),#5368,.F.);
#5649=ADVANCED_FACE('',(#5037),#5369,.F.);
#5650=ADVANCED_FACE('',(#5038),#5370,.T.);
#5651=ADVANCED_FACE('',(#5039),#5371,.F.);
#5652=ADVANCED_FACE('',(#5040),#5372,.F.);
#5653=ADVANCED_FACE('',(#5041),#5373,.F.);
#5654=ADVANCED_FACE('',(#5042),#5374,.F.);
#5655=ADVANCED_FACE('',(#5043),#5375,.T.);
#5656=ADVANCED_FACE('',(#5044),#5376,.F.);
#5657=ADVANCED_FACE('',(#5045),#5377,.F.);
#5658=ADVANCED_FACE('',(#5046),#5378,.F.);
#5659=ADVANCED_FACE('',(#5047),#5379,.F.);
#5660=ADVANCED_FACE('',(#5048),#5380,.T.);
#5661=ADVANCED_FACE('',(#5049),#5381,.F.);
#5662=ADVANCED_FACE('',(#5050),#5382,.F.);
#5663=ADVANCED_FACE('',(#5051),#5383,.F.);
#5664=ADVANCED_FACE('',(#5052),#5384,.F.);
#5665=ADVANCED_FACE('',(#5053),#5385,.T.);
#5666=ADVANCED_FACE('',(#5054),#5386,.F.);
#5667=ADVANCED_FACE('',(#5055),#5387,.F.);
#5668=ADVANCED_FACE('',(#5056),#5388,.F.);
#5669=ADVANCED_FACE('',(#5057),#5389,.F.);
#5670=ADVANCED_FACE('',(#5058),#5390,.T.);
#5671=ADVANCED_FACE('',(#5059),#5391,.F.);
#5672=ADVANCED_FACE('',(#5060),#5392,.F.);
#5673=ADVANCED_FACE('',(#5061),#5393,.F.);
#5674=ADVANCED_FACE('',(#5062),#5394,.F.);
#5675=ADVANCED_FACE('',(#5063),#5395,.T.);
#5676=ADVANCED_FACE('',(#5064),#5396,.F.);
#5677=ADVANCED_FACE('',(#5065),#5397,.F.);
#5678=ADVANCED_FACE('',(#5066),#5398,.F.);
#5679=ADVANCED_FACE('',(#5067),#5399,.F.);
#5680=ADVANCED_FACE('',(#5068),#5400,.T.);
#5681=ADVANCED_FACE('',(#5069),#5401,.F.);
#5682=ADVANCED_FACE('',(#5070),#5402,.F.);
#5683=ADVANCED_FACE('',(#5071),#5403,.F.);
#5684=ADVANCED_FACE('',(#5072),#5404,.F.);
#5685=ADVANCED_FACE('',(#5073),#5405,.T.);
#5686=ADVANCED_FACE('',(#5074),#5406,.F.);
#5687=ADVANCED_FACE('',(#5075),#5407,.F.);
#5688=ADVANCED_FACE('',(#5076),#5408,.F.);
#5689=ADVANCED_FACE('',(#5077),#5409,.F.);
#5690=ADVANCED_FACE('',(#5078),#5410,.T.);
#5691=ADVANCED_FACE('',(#5079),#5411,.F.);
#5692=ADVANCED_FACE('',(#5080),#5412,.F.);
#5693=ADVANCED_FACE('',(#5081),#5413,.F.);
#5694=ADVANCED_FACE('',(#5082),#5414,.F.);
#5695=ADVANCED_FACE('',(#5083),#5415,.T.);
#5696=ADVANCED_FACE('',(#5084),#5416,.F.);
#5697=ADVANCED_FACE('',(#5085),#5417,.F.);
#5698=ADVANCED_FACE('',(#5086),#5418,.F.);
#5699=ADVANCED_FACE('',(#5087),#5419,.F.);
#5700=ADVANCED_FACE('',(#5088),#5420,.T.);
#5701=ADVANCED_FACE('',(#5089),#5421,.F.);
#5702=ADVANCED_FACE('',(#5090),#5422,.F.);
#5703=ADVANCED_FACE('',(#5091),#5423,.F.);
#5704=ADVANCED_FACE('',(#5092),#5424,.F.);
#5705=ADVANCED_FACE('',(#5093),#5425,.T.);
#5706=ADVANCED_FACE('',(#5094),#5426,.F.);
#5707=ADVANCED_FACE('',(#5095),#5427,.F.);
#5708=ADVANCED_FACE('',(#5096),#5428,.F.);
#5709=ADVANCED_FACE('',(#5097),#5429,.F.);
#5710=ADVANCED_FACE('',(#5098),#5430,.T.);
#5711=ADVANCED_FACE('',(#5099),#5431,.F.);
#5712=ADVANCED_FACE('',(#5100),#5432,.F.);
#5713=ADVANCED_FACE('',(#5101),#5433,.F.);
#5714=ADVANCED_FACE('',(#5102),#5434,.F.);
#5715=ADVANCED_FACE('',(#5103),#5435,.T.);
#5716=ADVANCED_FACE('',(#5104),#5436,.F.);
#5717=ADVANCED_FACE('',(#5105),#5437,.F.);
#5718=ADVANCED_FACE('',(#5106),#5438,.F.);
#5719=ADVANCED_FACE('',(#5107),#5439,.F.);
#5720=ADVANCED_FACE('',(#5108),#5440,.T.);
#5721=ADVANCED_FACE('',(#5109),#5441,.F.);
#5722=ADVANCED_FACE('',(#5110),#5442,.F.);
#5723=ADVANCED_FACE('',(#5111),#5443,.F.);
#5724=ADVANCED_FACE('',(#5112),#5444,.F.);
#5725=ADVANCED_FACE('',(#5113),#5445,.T.);
#5726=ADVANCED_FACE('',(#5114),#5446,.F.);
#5727=ADVANCED_FACE('',(#5115),#5447,.F.);
#5728=ADVANCED_FACE('',(#5116),#5448,.F.);
#5729=ADVANCED_FACE('',(#5117),#5449,.F.);
#5730=ADVANCED_FACE('',(#5118),#5450,.T.);
#5731=ADVANCED_FACE('',(#5119),#5451,.F.);
#5732=ADVANCED_FACE('',(#5120),#5452,.F.);
#5733=ADVANCED_FACE('',(#5121),#5453,.F.);
#5734=ADVANCED_FACE('',(#5122),#5454,.F.);
#5735=ADVANCED_FACE('',(#5123),#5455,.T.);
#5736=ADVANCED_FACE('',(#5124),#5456,.F.);
#5737=ADVANCED_FACE('',(#5125),#5457,.F.);
#5738=ADVANCED_FACE('',(#5126),#5458,.F.);
#5739=ADVANCED_FACE('',(#5127),#5459,.F.);
#5740=ADVANCED_FACE('',(#5128),#5460,.T.);
#5741=ADVANCED_FACE('',(#5129),#5461,.F.);
#5742=ADVANCED_FACE('',(#5130),#5462,.F.);
#5743=ADVANCED_FACE('',(#5131),#5463,.F.);
#5744=ADVANCED_FACE('',(#5132),#5464,.F.);
#5745=ADVANCED_FACE('',(#5133),#5465,.T.);
#5746=ADVANCED_FACE('',(#5134),#5466,.F.);
#5747=ADVANCED_FACE('',(#5135),#5467,.F.);
#5748=ADVANCED_FACE('',(#5136),#5468,.F.);
#5749=ADVANCED_FACE('',(#5137),#5469,.F.);
#5750=ADVANCED_FACE('',(#5138),#5470,.F.);
#5751=ADVANCED_FACE('',(#5139),#5471,.F.);
#5752=ADVANCED_FACE('',(#5140),#5472,.F.);
#5753=ADVANCED_FACE('',(#5141),#5473,.F.);
#5754=ADVANCED_FACE('',(#5142),#5474,.F.);
#5755=ADVANCED_FACE('',(#5143),#5475,.F.);
#5756=ADVANCED_FACE('',(#5144),#5476,.F.);
#5757=ADVANCED_FACE('',(#5145),#5477,.F.);
#5758=ADVANCED_FACE('',(#5146),#5478,.F.);
#5759=ADVANCED_FACE('',(#5147),#5479,.F.);
#5760=ADVANCED_FACE('',(#5148),#5480,.F.);
#5761=ADVANCED_FACE('',(#5149),#5481,.F.);
#5762=ADVANCED_FACE('',(#5150),#5482,.F.);
#5763=ADVANCED_FACE('',(#5151),#5483,.F.);
#5764=ADVANCED_FACE('',(#5152),#5484,.F.);
#5765=ADVANCED_FACE('',(#5153),#5485,.F.);
#5766=ADVANCED_FACE('',(#5154),#5486,.F.);
#5767=ADVANCED_FACE('',(#5155),#5487,.F.);
#5768=ADVANCED_FACE('',(#5156),#5488,.F.);
#5769=ADVANCED_FACE('',(#5157),#5489,.F.);
#5770=ADVANCED_FACE('',(#5158),#5490,.F.);
#5771=ADVANCED_FACE('',(#5159),#5491,.F.);
#5772=ADVANCED_FACE('',(#5160),#5492,.F.);
#5773=ADVANCED_FACE('',(#5161),#5493,.F.);
#5774=ADVANCED_FACE('',(#5162),#5494,.F.);
#5775=ADVANCED_FACE('',(#5163),#5495,.F.);
#5776=ADVANCED_FACE('',(#5164),#38,.T.);
#5777=ADVANCED_FACE('',(#5165),#39,.T.);
#5778=ADVANCED_FACE('',(#5166),#40,.T.);
#5779=ADVANCED_FACE('',(#5167),#41,.T.);
#5780=ADVANCED_FACE('',(#5168),#42,.T.);
#5781=ADVANCED_FACE('',(#5169),#43,.T.);
#5782=ADVANCED_FACE('',(#5170),#44,.T.);
#5783=ADVANCED_FACE('',(#5171),#45,.T.);
#5784=ADVANCED_FACE('',(#5172),#46,.T.);
#5785=ADVANCED_FACE('',(#5173),#47,.T.);
#5786=ADVANCED_FACE('',(#5174),#5496,.F.);
#5787=ADVANCED_FACE('',(#5175),#5497,.F.);
#5788=ADVANCED_FACE('',(#5176),#5498,.F.);
#5789=ADVANCED_FACE('',(#5177),#5499,.F.);
#5790=ADVANCED_FACE('',(#5178),#5500,.F.);
#5791=ADVANCED_FACE('',(#5179),#5501,.F.);
#5792=ADVANCED_FACE('',(#5180),#5502,.F.);
#5793=ADVANCED_FACE('',(#5181),#5503,.F.);
#5794=ADVANCED_FACE('',(#5182),#5504,.F.);
#5795=ADVANCED_FACE('',(#5183),#5505,.F.);
#5796=ADVANCED_FACE('',(#5184),#5506,.F.);
#5797=ADVANCED_FACE('',(#5185),#5507,.F.);
#5798=ADVANCED_FACE('',(#5186),#5508,.F.);
#5799=ADVANCED_FACE('',(#5187),#5509,.F.);
#5800=ADVANCED_FACE('',(#5188),#5510,.F.);
#5801=ADVANCED_FACE('',(#5189),#5511,.F.);
#5802=ADVANCED_FACE('',(#5190),#5512,.F.);
#5803=ADVANCED_FACE('',(#5191),#5513,.F.);
#5804=ADVANCED_FACE('',(#5192),#5514,.F.);
#5805=ADVANCED_FACE('',(#5193),#5515,.F.);
#5806=ADVANCED_FACE('',(#5194),#48,.T.);
#5807=ADVANCED_FACE('',(#5195),#49,.T.);
#5808=ADVANCED_FACE('',(#5196),#50,.T.);
#5809=ADVANCED_FACE('',(#5197),#51,.T.);
#5810=ADVANCED_FACE('',(#5198),#52,.T.);
#5811=ADVANCED_FACE('',(#5199),#53,.T.);
#5812=ADVANCED_FACE('',(#5200),#54,.T.);
#5813=ADVANCED_FACE('',(#5201),#55,.T.);
#5814=ADVANCED_FACE('',(#5202),#56,.T.);
#5815=ADVANCED_FACE('',(#5203),#57,.T.);
#5816=ADVANCED_FACE('',(#5204),#5516,.F.);
#5817=ADVANCED_FACE('',(#5205),#5517,.F.);
#5818=ADVANCED_FACE('',(#5206),#5518,.F.);
#5819=ADVANCED_FACE('',(#5207),#5519,.F.);
#5820=ADVANCED_FACE('',(#5208),#5520,.F.);
#5821=ADVANCED_FACE('',(#5209),#5521,.F.);
#5822=ADVANCED_FACE('',(#5210),#5522,.F.);
#5823=ADVANCED_FACE('',(#5211),#5523,.F.);
#5824=ADVANCED_FACE('',(#5212),#5524,.F.);
#5825=ADVANCED_FACE('',(#5213),#5525,.F.);
#5826=ADVANCED_FACE('',(#5214),#5526,.F.);
#5827=ADVANCED_FACE('',(#5215),#5527,.F.);
#5828=ADVANCED_FACE('',(#5216),#5528,.F.);
#5829=ADVANCED_FACE('',(#5217),#5529,.F.);
#5830=ADVANCED_FACE('',(#5218),#5530,.F.);
#5831=ADVANCED_FACE('',(#5219),#5531,.F.);
#5832=ADVANCED_FACE('',(#5220),#5532,.F.);
#5833=ADVANCED_FACE('',(#5221),#5533,.F.);
#5834=ADVANCED_FACE('',(#5222),#5534,.F.);
#5835=ADVANCED_FACE('',(#5223),#5535,.F.);
#5836=ADVANCED_FACE('',(#5224),#5536,.F.);
#5837=ADVANCED_FACE('',(#5225),#5537,.F.);
#5838=ADVANCED_FACE('',(#5226),#5538,.F.);
#5839=ADVANCED_FACE('',(#5227),#5539,.F.);
#5840=ADVANCED_FACE('',(#5228),#5540,.F.);
#5841=ADVANCED_FACE('',(#5229),#5541,.F.);
#5842=ADVANCED_FACE('',(#5230),#5542,.F.);
#5843=ADVANCED_FACE('',(#5231),#5543,.F.);
#5844=ADVANCED_FACE('',(#5232),#5544,.F.);
#5845=ADVANCED_FACE('',(#5233),#5545,.F.);
#5846=ADVANCED_FACE('',(#5234),#58,.F.);
#5847=ADVANCED_FACE('',(#5235),#59,.F.);
#5848=ADVANCED_FACE('',(#5236),#60,.F.);
#5849=ADVANCED_FACE('',(#5237),#61,.F.);
#5850=ADVANCED_FACE('',(#5238),#62,.F.);
#5851=ADVANCED_FACE('',(#5239),#63,.F.);
#5852=ADVANCED_FACE('',(#5240),#64,.F.);
#5853=ADVANCED_FACE('',(#5241),#65,.F.);
#5854=ADVANCED_FACE('',(#5242),#66,.F.);
#5855=ADVANCED_FACE('',(#5243),#67,.F.);
#5856=ADVANCED_FACE('',(#5244),#5546,.F.);
#5857=ADVANCED_FACE('',(#5245),#5547,.F.);
#5858=ADVANCED_FACE('',(#5246),#5548,.F.);
#5859=ADVANCED_FACE('',(#5247),#5549,.F.);
#5860=ADVANCED_FACE('',(#5248),#5550,.F.);
#5861=ADVANCED_FACE('',(#5249),#5551,.F.);
#5862=ADVANCED_FACE('',(#5250),#5552,.F.);
#5863=ADVANCED_FACE('',(#5251),#5553,.F.);
#5864=ADVANCED_FACE('',(#5252),#5554,.F.);
#5865=ADVANCED_FACE('',(#5253),#5555,.F.);
#5866=ADVANCED_FACE('',(#5254),#5556,.F.);
#5867=ADVANCED_FACE('',(#5255),#5557,.F.);
#5868=ADVANCED_FACE('',(#5256),#5558,.F.);
#5869=ADVANCED_FACE('',(#5257),#5559,.F.);
#5870=ADVANCED_FACE('',(#5258),#5560,.F.);
#5871=ADVANCED_FACE('',(#5259),#5561,.F.);
#5872=ADVANCED_FACE('',(#5260),#5562,.F.);
#5873=ADVANCED_FACE('',(#5261),#5563,.F.);
#5874=ADVANCED_FACE('',(#5262),#5564,.F.);
#5875=ADVANCED_FACE('',(#5263),#5565,.F.);
#5876=ADVANCED_FACE('',(#5264),#68,.F.);
#5877=ADVANCED_FACE('',(#5265),#69,.F.);
#5878=ADVANCED_FACE('',(#5266),#70,.F.);
#5879=ADVANCED_FACE('',(#5267),#71,.F.);
#5880=ADVANCED_FACE('',(#5268),#72,.F.);
#5881=ADVANCED_FACE('',(#5269),#73,.F.);
#5882=ADVANCED_FACE('',(#5270),#74,.F.);
#5883=ADVANCED_FACE('',(#5271),#75,.F.);
#5884=ADVANCED_FACE('',(#5272),#76,.F.);
#5885=ADVANCED_FACE('',(#5273),#77,.F.);
#5886=ADVANCED_FACE('',(#5274),#5566,.T.);
#5887=ADVANCED_FACE('',(#5275),#5567,.F.);
#5888=ADVANCED_FACE('',(#5276),#5568,.F.);
#5889=ADVANCED_FACE('',(#5277),#5569,.F.);
#5890=ADVANCED_FACE('',(#5278),#5570,.F.);
#5891=ADVANCED_FACE('',(#5279,#5280,#5281,#5282,#5283,#5284,#5285,#5286,
#5287,#5288,#5289,#5290,#5291,#5292,#5293,#5294,#5295,#5296,#5297,#5298,
#5299),#5571,.F.);
#5892=ADVANCED_FACE('',(#5300),#5572,.T.);
#5893=ADVANCED_FACE('',(#5301),#5573,.T.);
#5894=ADVANCED_FACE('',(#5302),#5574,.T.);
#5895=ADVANCED_FACE('',(#5303),#5575,.T.);
#5896=ADVANCED_FACE('',(#5304),#5576,.T.);
#5897=ADVANCED_FACE('',(#5305),#5577,.T.);
#5898=ADVANCED_FACE('',(#5306),#5578,.T.);
#5899=ADVANCED_FACE('',(#5307),#5579,.T.);
#5900=ADVANCED_FACE('',(#5308),#5580,.T.);
#5901=ADVANCED_FACE('',(#5309),#5581,.T.);
#5902=ADVANCED_FACE('',(#5310),#5582,.T.);
#5903=ADVANCED_FACE('',(#5311),#5583,.T.);
#5904=ADVANCED_FACE('',(#5312),#5584,.T.);
#5905=ADVANCED_FACE('',(#5313),#5585,.T.);
#5906=ADVANCED_FACE('',(#5314),#5586,.T.);
#5907=ADVANCED_FACE('',(#5315),#5587,.T.);
#5908=ADVANCED_FACE('',(#5316),#5588,.T.);
#5909=ADVANCED_FACE('',(#5317),#5589,.T.);
#5910=ADVANCED_FACE('',(#5318),#5590,.T.);
#5911=ADVANCED_FACE('',(#5319),#5591,.T.);
#5912=ADVANCED_FACE('',(#5320),#5592,.T.);
#5913=ADVANCED_FACE('',(#5321),#5593,.T.);
#5914=ADVANCED_FACE('',(#5322),#5594,.T.);
#5915=ADVANCED_FACE('',(#5323),#5595,.T.);
#5916=ADVANCED_FACE('',(#5324),#5596,.T.);
#5917=ADVANCED_FACE('',(#5325),#5597,.T.);
#5918=ADVANCED_FACE('',(#5326),#5598,.T.);
#5919=ADVANCED_FACE('',(#5327),#5599,.T.);
#5920=ADVANCED_FACE('',(#5328),#5600,.T.);
#5921=ADVANCED_FACE('',(#5329),#5601,.T.);
#5922=ADVANCED_FACE('',(#5330),#5602,.T.);
#5923=ADVANCED_FACE('',(#5331),#5603,.T.);
#5924=ADVANCED_FACE('',(#5332),#5604,.T.);
#5925=ADVANCED_FACE('',(#5333),#5605,.T.);
#5926=ADVANCED_FACE('',(#5334),#5606,.T.);
#5927=ADVANCED_FACE('',(#5335),#5607,.T.);
#5928=ADVANCED_FACE('',(#5336),#5608,.T.);
#5929=ADVANCED_FACE('',(#5337),#5609,.T.);
#5930=ADVANCED_FACE('',(#5338),#5610,.T.);
#5931=ADVANCED_FACE('',(#5339),#5611,.T.);
#5932=CLOSED_SHELL('',(#5612,#5613,#5614,#5615,#5616,#5617,#5618,#5619,
#5620,#5621,#5622,#5623,#5624,#5625,#5626,#5627,#5628,#5629,#5630,#5631,
#5632,#5633,#5634,#5635,#5636,#5637,#5638,#5639,#5640,#5641,#5642,#5643,
#5644,#5645,#5646,#5647,#5648,#5649,#5650,#5651,#5652,#5653,#5654,#5655,
#5656,#5657,#5658,#5659,#5660,#5661,#5662,#5663,#5664,#5665,#5666,#5667,
#5668,#5669,#5670,#5671,#5672,#5673,#5674,#5675,#5676,#5677,#5678,#5679,
#5680,#5681,#5682,#5683,#5684,#5685,#5686,#5687,#5688,#5689,#5690,#5691,
#5692,#5693,#5694,#5695,#5696,#5697,#5698,#5699,#5700,#5701,#5702,#5703,
#5704,#5705,#5706,#5707,#5708,#5709,#5710,#5711,#5712,#5713,#5714,#5715,
#5716,#5717,#5718,#5719,#5720,#5721,#5722,#5723,#5724,#5725,#5726,#5727,
#5728,#5729,#5730,#5731,#5732,#5733,#5734,#5735,#5736,#5737,#5738,#5739,
#5740,#5741,#5742,#5743,#5744,#5745));
#5933=CLOSED_SHELL('',(#5746,#5747,#5748,#5749,#5750,#5751,#5752,#5753,
#5754,#5755,#5756,#5757,#5758,#5759,#5760,#5761,#5762,#5763,#5764,#5765,
#5766,#5767,#5768,#5769,#5770,#5771,#5772,#5773,#5774,#5775,#5776,#5777,
#5778,#5779,#5780,#5781,#5782,#5783,#5784,#5785,#5786,#5787,#5788,#5789,
#5790,#5791,#5792,#5793,#5794,#5795,#5796,#5797,#5798,#5799,#5800,#5801,
#5802,#5803,#5804,#5805,#5806,#5807,#5808,#5809,#5810,#5811,#5812,#5813,
#5814,#5815,#5816,#5817,#5818,#5819,#5820,#5821,#5822,#5823,#5824,#5825,
#5826,#5827,#5828,#5829,#5830,#5831,#5832,#5833,#5834,#5835,#5836,#5837,
#5838,#5839,#5840,#5841,#5842,#5843,#5844,#5845,#5846,#5847,#5848,#5849,
#5850,#5851,#5852,#5853,#5854,#5855,#5856,#5857,#5858,#5859,#5860,#5861,
#5862,#5863,#5864,#5865,#5866,#5867,#5868,#5869,#5870,#5871,#5872,#5873,
#5874,#5875,#5876,#5877,#5878,#5879,#5880,#5881,#5882,#5883,#5884,#5885,
#5886,#5887,#5888,#5889,#5890,#5891,#5892,#5893,#5894,#5895,#5896,#5897,
#5898,#5899,#5900,#5901,#5902,#5903,#5904,#5905,#5906,#5907,#5908,#5909,
#5910,#5911,#5912,#5913,#5914,#5915,#5916,#5917,#5918,#5919,#5920,#5921,
#5922,#5923,#5924,#5925,#5926,#5927,#5928,#5929,#5930,#5931));
#5934=STYLED_ITEM('',(#5936),#5950);
#5935=STYLED_ITEM('',(#5937),#5951);
#5936=PRESENTATION_STYLE_ASSIGNMENT((#5938));
#5937=PRESENTATION_STYLE_ASSIGNMENT((#5939));
#5938=SURFACE_STYLE_USAGE(.BOTH.,#5940);
#5939=SURFACE_STYLE_USAGE(.BOTH.,#5941);
#5940=SURFACE_SIDE_STYLE('',(#5942));
#5941=SURFACE_SIDE_STYLE('',(#5943));
#5942=SURFACE_STYLE_FILL_AREA(#5944);
#5943=SURFACE_STYLE_FILL_AREA(#5945);
#5944=FILL_AREA_STYLE('',(#5946));
#5945=FILL_AREA_STYLE('',(#5947));
#5946=FILL_AREA_STYLE_COLOUR('',#5948);
#5947=FILL_AREA_STYLE_COLOUR('',#5949);
#5948=COLOUR_RGB('',0.0549019612371922,0.0549019612371922,0.0549019612371922);
#5949=COLOUR_RGB('',0.670588254928589,0.670588254928589,0.670588254928589);
#5950=MANIFOLD_SOLID_BREP('SFM-110-02-L-D-A_terminal',#5932);
#5951=MANIFOLD_SOLID_BREP('C-10-02-D-L_pins',#5933);
#5952=SHAPE_DEFINITION_REPRESENTATION(#9635,#5955);
#5953=SHAPE_DEFINITION_REPRESENTATION(#9636,#5956);
#5954=SHAPE_DEFINITION_REPRESENTATION(#9638,#5957);
#5955=SHAPE_REPRESENTATION('SFM-110-02-L-D-A',(#5958,#6109,#6376),#9623);
#5956=SHAPE_REPRESENTATION('SFM-110-02-L-D-A_terminal',(#5958),#9624);
#5957=SHAPE_REPRESENTATION('C-10-02-D-L_pins',(#5958),#9625);
#5958=AXIS2_PLACEMENT_3D('',#7937,#6377,#6378);
#5959=AXIS2_PLACEMENT_3D('',#7938,#6379,#6380);
#5960=AXIS2_PLACEMENT_3D('',#7939,#6381,#6382);
#5961=AXIS2_PLACEMENT_3D('',#7955,#6390,#6391);
#5962=AXIS2_PLACEMENT_3D('',#7956,#6392,#6393);
#5963=AXIS2_PLACEMENT_3D('',#7960,#6395,#6396);
#5964=AXIS2_PLACEMENT_3D('',#7963,#6398,#6399);
#5965=AXIS2_PLACEMENT_3D('',#7964,#6400,#6401);
#5966=AXIS2_PLACEMENT_3D('',#7969,#6403,#6404);
#5967=AXIS2_PLACEMENT_3D('',#7972,#6406,#6407);
#5968=AXIS2_PLACEMENT_3D('',#7973,#6408,#6409);
#5969=AXIS2_PLACEMENT_3D('',#7977,#6411,#6412);
#5970=AXIS2_PLACEMENT_3D('',#7980,#6414,#6415);
#5971=AXIS2_PLACEMENT_3D('',#8002,#6427,#6428);
#5972=AXIS2_PLACEMENT_3D('',#8016,#6436,#6437);
#5973=AXIS2_PLACEMENT_3D('',#8017,#6438,#6439);
#5974=AXIS2_PLACEMENT_3D('',#8025,#6445,#6446);
#5975=AXIS2_PLACEMENT_3D('',#8026,#6447,#6448);
#5976=AXIS2_PLACEMENT_3D('',#8029,#6450,#6451);
#5977=AXIS2_PLACEMENT_3D('',#8032,#6453,#6454);
#5978=AXIS2_PLACEMENT_3D('',#8038,#6458,#6459);
#5979=AXIS2_PLACEMENT_3D('',#8044,#6463,#6464);
#5980=AXIS2_PLACEMENT_3D('',#8212,#6550,#6551);
#5981=AXIS2_PLACEMENT_3D('',#8215,#6553,#6554);
#5982=AXIS2_PLACEMENT_3D('',#8216,#6555,#6556);
#5983=AXIS2_PLACEMENT_3D('',#8220,#6559,#6560);
#5984=AXIS2_PLACEMENT_3D('',#8226,#6564,#6565);
#5985=AXIS2_PLACEMENT_3D('',#8227,#6566,#6567);
#5986=AXIS2_PLACEMENT_3D('',#8228,#6568,#6569);
#5987=AXIS2_PLACEMENT_3D('',#8231,#6571,#6572);
#5988=AXIS2_PLACEMENT_3D('',#8232,#6573,#6574);
#5989=AXIS2_PLACEMENT_3D('',#8236,#6577,#6578);
#5990=AXIS2_PLACEMENT_3D('',#8237,#6579,#6580);
#5991=AXIS2_PLACEMENT_3D('',#8240,#6582,#6583);
#5992=AXIS2_PLACEMENT_3D('',#8244,#6586,#6587);
#5993=AXIS2_PLACEMENT_3D('',#8246,#6589,#6590);
#5994=AXIS2_PLACEMENT_3D('',#8248,#6592,#6593);
#5995=AXIS2_PLACEMENT_3D('',#8254,#6597,#6598);
#5996=AXIS2_PLACEMENT_3D('',#8257,#6601,#6602);
#5997=AXIS2_PLACEMENT_3D('',#8258,#6603,#6604);
#5998=AXIS2_PLACEMENT_3D('',#8259,#6605,#6606);
#5999=AXIS2_PLACEMENT_3D('',#8260,#6607,#6608);
#6000=AXIS2_PLACEMENT_3D('',#8261,#6609,#6610);
#6001=AXIS2_PLACEMENT_3D('',#8264,#6613,#6614);
#6002=AXIS2_PLACEMENT_3D('',#8265,#6615,#6616);
#6003=AXIS2_PLACEMENT_3D('',#8266,#6617,#6618);
#6004=AXIS2_PLACEMENT_3D('',#8267,#6619,#6620);
#6005=AXIS2_PLACEMENT_3D('',#8269,#6621,#6622);
#6006=AXIS2_PLACEMENT_3D('',#8270,#6623,#6624);
#6007=AXIS2_PLACEMENT_3D('',#8271,#6625,#6626);
#6008=AXIS2_PLACEMENT_3D('',#8273,#6627,#6628);
#6009=AXIS2_PLACEMENT_3D('',#8274,#6629,#6630);
#6010=AXIS2_PLACEMENT_3D('',#8280,#6634,#6635);
#6011=AXIS2_PLACEMENT_3D('',#8284,#6638,#6639);
#6012=AXIS2_PLACEMENT_3D('',#8288,#6642,#6643);
#6013=AXIS2_PLACEMENT_3D('',#8290,#6645,#6646);
#6014=AXIS2_PLACEMENT_3D('',#8291,#6647,#6648);
#6015=AXIS2_PLACEMENT_3D('',#8297,#6652,#6653);
#6016=AXIS2_PLACEMENT_3D('',#8301,#6656,#6657);
#6017=AXIS2_PLACEMENT_3D('',#8305,#6660,#6661);
#6018=AXIS2_PLACEMENT_3D('',#8307,#6663,#6664);
#6019=AXIS2_PLACEMENT_3D('',#8308,#6665,#6666);
#6020=AXIS2_PLACEMENT_3D('',#8314,#6670,#6671);
#6021=AXIS2_PLACEMENT_3D('',#8318,#6674,#6675);
#6022=AXIS2_PLACEMENT_3D('',#8322,#6678,#6679);
#6023=AXIS2_PLACEMENT_3D('',#8324,#6681,#6682);
#6024=AXIS2_PLACEMENT_3D('',#8325,#6683,#6684);
#6025=AXIS2_PLACEMENT_3D('',#8331,#6688,#6689);
#6026=AXIS2_PLACEMENT_3D('',#8335,#6692,#6693);
#6027=AXIS2_PLACEMENT_3D('',#8339,#6696,#6697);
#6028=AXIS2_PLACEMENT_3D('',#8341,#6699,#6700);
#6029=AXIS2_PLACEMENT_3D('',#8342,#6701,#6702);
#6030=AXIS2_PLACEMENT_3D('',#8348,#6706,#6707);
#6031=AXIS2_PLACEMENT_3D('',#8352,#6710,#6711);
#6032=AXIS2_PLACEMENT_3D('',#8356,#6714,#6715);
#6033=AXIS2_PLACEMENT_3D('',#8358,#6717,#6718);
#6034=AXIS2_PLACEMENT_3D('',#8359,#6719,#6720);
#6035=AXIS2_PLACEMENT_3D('',#8365,#6724,#6725);
#6036=AXIS2_PLACEMENT_3D('',#8369,#6728,#6729);
#6037=AXIS2_PLACEMENT_3D('',#8373,#6732,#6733);
#6038=AXIS2_PLACEMENT_3D('',#8375,#6735,#6736);
#6039=AXIS2_PLACEMENT_3D('',#8376,#6737,#6738);
#6040=AXIS2_PLACEMENT_3D('',#8382,#6742,#6743);
#6041=AXIS2_PLACEMENT_3D('',#8386,#6746,#6747);
#6042=AXIS2_PLACEMENT_3D('',#8390,#6750,#6751);
#6043=AXIS2_PLACEMENT_3D('',#8392,#6753,#6754);
#6044=AXIS2_PLACEMENT_3D('',#8393,#6755,#6756);
#6045=AXIS2_PLACEMENT_3D('',#8399,#6760,#6761);
#6046=AXIS2_PLACEMENT_3D('',#8403,#6764,#6765);
#6047=AXIS2_PLACEMENT_3D('',#8407,#6768,#6769);
#6048=AXIS2_PLACEMENT_3D('',#8409,#6771,#6772);
#6049=AXIS2_PLACEMENT_3D('',#8410,#6773,#6774);
#6050=AXIS2_PLACEMENT_3D('',#8416,#6778,#6779);
#6051=AXIS2_PLACEMENT_3D('',#8420,#6782,#6783);
#6052=AXIS2_PLACEMENT_3D('',#8424,#6786,#6787);
#6053=AXIS2_PLACEMENT_3D('',#8426,#6789,#6790);
#6054=AXIS2_PLACEMENT_3D('',#8427,#6791,#6792);
#6055=AXIS2_PLACEMENT_3D('',#8433,#6796,#6797);
#6056=AXIS2_PLACEMENT_3D('',#8437,#6800,#6801);
#6057=AXIS2_PLACEMENT_3D('',#8441,#6804,#6805);
#6058=AXIS2_PLACEMENT_3D('',#8443,#6807,#6808);
#6059=AXIS2_PLACEMENT_3D('',#8444,#6809,#6810);
#6060=AXIS2_PLACEMENT_3D('',#8450,#6814,#6815);
#6061=AXIS2_PLACEMENT_3D('',#8454,#6818,#6819);
#6062=AXIS2_PLACEMENT_3D('',#8458,#6822,#6823);
#6063=AXIS2_PLACEMENT_3D('',#8460,#6825,#6826);
#6064=AXIS2_PLACEMENT_3D('',#8461,#6827,#6828);
#6065=AXIS2_PLACEMENT_3D('',#8467,#6832,#6833);
#6066=AXIS2_PLACEMENT_3D('',#8471,#6836,#6837);
#6067=AXIS2_PLACEMENT_3D('',#8475,#6840,#6841);
#6068=AXIS2_PLACEMENT_3D('',#8477,#6843,#6844);
#6069=AXIS2_PLACEMENT_3D('',#8478,#6845,#6846);
#6070=AXIS2_PLACEMENT_3D('',#8484,#6850,#6851);
#6071=AXIS2_PLACEMENT_3D('',#8488,#6854,#6855);
#6072=AXIS2_PLACEMENT_3D('',#8492,#6858,#6859);
#6073=AXIS2_PLACEMENT_3D('',#8494,#6861,#6862);
#6074=AXIS2_PLACEMENT_3D('',#8495,#6863,#6864);
#6075=AXIS2_PLACEMENT_3D('',#8501,#6868,#6869);
#6076=AXIS2_PLACEMENT_3D('',#8505,#6872,#6873);
#6077=AXIS2_PLACEMENT_3D('',#8509,#6876,#6877);
#6078=AXIS2_PLACEMENT_3D('',#8511,#6879,#6880);
#6079=AXIS2_PLACEMENT_3D('',#8512,#6881,#6882);
#6080=AXIS2_PLACEMENT_3D('',#8518,#6886,#6887);
#6081=AXIS2_PLACEMENT_3D('',#8522,#6890,#6891);
#6082=AXIS2_PLACEMENT_3D('',#8526,#6894,#6895);
#6083=AXIS2_PLACEMENT_3D('',#8528,#6897,#6898);
#6084=AXIS2_PLACEMENT_3D('',#8529,#6899,#6900);
#6085=AXIS2_PLACEMENT_3D('',#8535,#6904,#6905);
#6086=AXIS2_PLACEMENT_3D('',#8539,#6908,#6909);
#6087=AXIS2_PLACEMENT_3D('',#8543,#6912,#6913);
#6088=AXIS2_PLACEMENT_3D('',#8545,#6915,#6916);
#6089=AXIS2_PLACEMENT_3D('',#8546,#6917,#6918);
#6090=AXIS2_PLACEMENT_3D('',#8552,#6922,#6923);
#6091=AXIS2_PLACEMENT_3D('',#8556,#6926,#6927);
#6092=AXIS2_PLACEMENT_3D('',#8560,#6930,#6931);
#6093=AXIS2_PLACEMENT_3D('',#8562,#6933,#6934);
#6094=AXIS2_PLACEMENT_3D('',#8563,#6935,#6936);
#6095=AXIS2_PLACEMENT_3D('',#8569,#6940,#6941);
#6096=AXIS2_PLACEMENT_3D('',#8573,#6944,#6945);
#6097=AXIS2_PLACEMENT_3D('',#8577,#6948,#6949);
#6098=AXIS2_PLACEMENT_3D('',#8579,#6951,#6952);
#6099=AXIS2_PLACEMENT_3D('',#8580,#6953,#6954);
#6100=AXIS2_PLACEMENT_3D('',#8586,#6958,#6959);
#6101=AXIS2_PLACEMENT_3D('',#8590,#6962,#6963);
#6102=AXIS2_PLACEMENT_3D('',#8594,#6966,#6967);
#6103=AXIS2_PLACEMENT_3D('',#8596,#6969,#6970);
#6104=AXIS2_PLACEMENT_3D('',#8597,#6971,#6972);
#6105=AXIS2_PLACEMENT_3D('',#8603,#6976,#6977);
#6106=AXIS2_PLACEMENT_3D('',#8607,#6980,#6981);
#6107=AXIS2_PLACEMENT_3D('',#8611,#6984,#6985);
#6108=AXIS2_PLACEMENT_3D('',#8613,#6987,#6988);
#6109=AXIS2_PLACEMENT_3D('',#8614,#6989,#6990);
#6110=AXIS2_PLACEMENT_3D('',#8615,#6991,#6992);
#6111=AXIS2_PLACEMENT_3D('',#8624,#6997,#6998);
#6112=AXIS2_PLACEMENT_3D('',#8633,#7003,#7004);
#6113=AXIS2_PLACEMENT_3D('',#8642,#7009,#7010);
#6114=AXIS2_PLACEMENT_3D('',#8651,#7015,#7016);
#6115=AXIS2_PLACEMENT_3D('',#8660,#7021,#7022);
#6116=AXIS2_PLACEMENT_3D('',#8669,#7027,#7028);
#6117=AXIS2_PLACEMENT_3D('',#8678,#7033,#7034);
#6118=AXIS2_PLACEMENT_3D('',#8687,#7039,#7040);
#6119=AXIS2_PLACEMENT_3D('',#8696,#7045,#7046);
#6120=AXIS2_PLACEMENT_3D('',#8705,#7051,#7052);
#6121=AXIS2_PLACEMENT_3D('',#8711,#7056,#7057);
#6122=AXIS2_PLACEMENT_3D('',#8717,#7061,#7062);
#6123=AXIS2_PLACEMENT_3D('',#8723,#7066,#7067);
#6124=AXIS2_PLACEMENT_3D('',#8729,#7071,#7072);
#6125=AXIS2_PLACEMENT_3D('',#8735,#7076,#7077);
#6126=AXIS2_PLACEMENT_3D('',#8741,#7081,#7082);
#6127=AXIS2_PLACEMENT_3D('',#8747,#7086,#7087);
#6128=AXIS2_PLACEMENT_3D('',#8753,#7091,#7092);
#6129=AXIS2_PLACEMENT_3D('',#8759,#7096,#7097);
#6130=AXIS2_PLACEMENT_3D('',#8765,#7101,#7102);
#6131=AXIS2_PLACEMENT_3D('',#8771,#7106,#7107);
#6132=AXIS2_PLACEMENT_3D('',#8777,#7111,#7112);
#6133=AXIS2_PLACEMENT_3D('',#8783,#7116,#7117);
#6134=AXIS2_PLACEMENT_3D('',#8789,#7121,#7122);
#6135=AXIS2_PLACEMENT_3D('',#8795,#7126,#7127);
#6136=AXIS2_PLACEMENT_3D('',#8801,#7131,#7132);
#6137=AXIS2_PLACEMENT_3D('',#8807,#7136,#7137);
#6138=AXIS2_PLACEMENT_3D('',#8813,#7141,#7142);
#6139=AXIS2_PLACEMENT_3D('',#8819,#7146,#7147);
#6140=AXIS2_PLACEMENT_3D('',#8825,#7151,#7152);
#6141=AXIS2_PLACEMENT_3D('',#8826,#7153,#7154);
#6142=AXIS2_PLACEMENT_3D('',#8828,#7155,#7156);
#6143=AXIS2_PLACEMENT_3D('',#8831,#7158,#7159);
#6144=AXIS2_PLACEMENT_3D('',#8832,#7160,#7161);
#6145=AXIS2_PLACEMENT_3D('',#8834,#7162,#7163);
#6146=AXIS2_PLACEMENT_3D('',#8837,#7165,#7166);
#6147=AXIS2_PLACEMENT_3D('',#8838,#7167,#7168);
#6148=AXIS2_PLACEMENT_3D('',#8840,#7169,#7170);
#6149=AXIS2_PLACEMENT_3D('',#8843,#7172,#7173);
#6150=AXIS2_PLACEMENT_3D('',#8844,#7174,#7175);
#6151=AXIS2_PLACEMENT_3D('',#8846,#7176,#7177);
#6152=AXIS2_PLACEMENT_3D('',#8849,#7179,#7180);
#6153=AXIS2_PLACEMENT_3D('',#8850,#7181,#7182);
#6154=AXIS2_PLACEMENT_3D('',#8852,#7183,#7184);
#6155=AXIS2_PLACEMENT_3D('',#8855,#7186,#7187);
#6156=AXIS2_PLACEMENT_3D('',#8856,#7188,#7189);
#6157=AXIS2_PLACEMENT_3D('',#8858,#7190,#7191);
#6158=AXIS2_PLACEMENT_3D('',#8861,#7193,#7194);
#6159=AXIS2_PLACEMENT_3D('',#8862,#7195,#7196);
#6160=AXIS2_PLACEMENT_3D('',#8864,#7197,#7198);
#6161=AXIS2_PLACEMENT_3D('',#8867,#7200,#7201);
#6162=AXIS2_PLACEMENT_3D('',#8868,#7202,#7203);
#6163=AXIS2_PLACEMENT_3D('',#8870,#7204,#7205);
#6164=AXIS2_PLACEMENT_3D('',#8873,#7207,#7208);
#6165=AXIS2_PLACEMENT_3D('',#8874,#7209,#7210);
#6166=AXIS2_PLACEMENT_3D('',#8876,#7211,#7212);
#6167=AXIS2_PLACEMENT_3D('',#8879,#7214,#7215);
#6168=AXIS2_PLACEMENT_3D('',#8880,#7216,#7217);
#6169=AXIS2_PLACEMENT_3D('',#8882,#7218,#7219);
#6170=AXIS2_PLACEMENT_3D('',#8885,#7221,#7222);
#6171=AXIS2_PLACEMENT_3D('',#8891,#7226,#7227);
#6172=AXIS2_PLACEMENT_3D('',#8897,#7231,#7232);
#6173=AXIS2_PLACEMENT_3D('',#8903,#7236,#7237);
#6174=AXIS2_PLACEMENT_3D('',#8909,#7241,#7242);
#6175=AXIS2_PLACEMENT_3D('',#8915,#7246,#7247);
#6176=AXIS2_PLACEMENT_3D('',#8921,#7251,#7252);
#6177=AXIS2_PLACEMENT_3D('',#8927,#7256,#7257);
#6178=AXIS2_PLACEMENT_3D('',#8933,#7261,#7262);
#6179=AXIS2_PLACEMENT_3D('',#8939,#7266,#7267);
#6180=AXIS2_PLACEMENT_3D('',#8945,#7271,#7272);
#6181=AXIS2_PLACEMENT_3D('',#8954,#7277,#7278);
#6182=AXIS2_PLACEMENT_3D('',#8963,#7283,#7284);
#6183=AXIS2_PLACEMENT_3D('',#8972,#7289,#7290);
#6184=AXIS2_PLACEMENT_3D('',#8981,#7295,#7296);
#6185=AXIS2_PLACEMENT_3D('',#8990,#7301,#7302);
#6186=AXIS2_PLACEMENT_3D('',#8999,#7307,#7308);
#6187=AXIS2_PLACEMENT_3D('',#9008,#7313,#7314);
#6188=AXIS2_PLACEMENT_3D('',#9017,#7319,#7320);
#6189=AXIS2_PLACEMENT_3D('',#9026,#7325,#7326);
#6190=AXIS2_PLACEMENT_3D('',#9035,#7331,#7332);
#6191=AXIS2_PLACEMENT_3D('',#9036,#7333,#7334);
#6192=AXIS2_PLACEMENT_3D('',#9038,#7335,#7336);
#6193=AXIS2_PLACEMENT_3D('',#9041,#7338,#7339);
#6194=AXIS2_PLACEMENT_3D('',#9042,#7340,#7341);
#6195=AXIS2_PLACEMENT_3D('',#9044,#7342,#7343);
#6196=AXIS2_PLACEMENT_3D('',#9047,#7345,#7346);
#6197=AXIS2_PLACEMENT_3D('',#9048,#7347,#7348);
#6198=AXIS2_PLACEMENT_3D('',#9050,#7349,#7350);
#6199=AXIS2_PLACEMENT_3D('',#9053,#7352,#7353);
#6200=AXIS2_PLACEMENT_3D('',#9054,#7354,#7355);
#6201=AXIS2_PLACEMENT_3D('',#9056,#7356,#7357);
#6202=AXIS2_PLACEMENT_3D('',#9059,#7359,#7360);
#6203=AXIS2_PLACEMENT_3D('',#9060,#7361,#7362);
#6204=AXIS2_PLACEMENT_3D('',#9062,#7363,#7364);
#6205=AXIS2_PLACEMENT_3D('',#9065,#7366,#7367);
#6206=AXIS2_PLACEMENT_3D('',#9066,#7368,#7369);
#6207=AXIS2_PLACEMENT_3D('',#9068,#7370,#7371);
#6208=AXIS2_PLACEMENT_3D('',#9071,#7373,#7374);
#6209=AXIS2_PLACEMENT_3D('',#9072,#7375,#7376);
#6210=AXIS2_PLACEMENT_3D('',#9074,#7377,#7378);
#6211=AXIS2_PLACEMENT_3D('',#9077,#7380,#7381);
#6212=AXIS2_PLACEMENT_3D('',#9078,#7382,#7383);
#6213=AXIS2_PLACEMENT_3D('',#9080,#7384,#7385);
#6214=AXIS2_PLACEMENT_3D('',#9083,#7387,#7388);
#6215=AXIS2_PLACEMENT_3D('',#9084,#7389,#7390);
#6216=AXIS2_PLACEMENT_3D('',#9086,#7391,#7392);
#6217=AXIS2_PLACEMENT_3D('',#9089,#7394,#7395);
#6218=AXIS2_PLACEMENT_3D('',#9090,#7396,#7397);
#6219=AXIS2_PLACEMENT_3D('',#9092,#7398,#7399);
#6220=AXIS2_PLACEMENT_3D('',#9095,#7401,#7402);
#6221=AXIS2_PLACEMENT_3D('',#9101,#7406,#7407);
#6222=AXIS2_PLACEMENT_3D('',#9107,#7411,#7412);
#6223=AXIS2_PLACEMENT_3D('',#9113,#7416,#7417);
#6224=AXIS2_PLACEMENT_3D('',#9119,#7421,#7422);
#6225=AXIS2_PLACEMENT_3D('',#9125,#7426,#7427);
#6226=AXIS2_PLACEMENT_3D('',#9131,#7431,#7432);
#6227=AXIS2_PLACEMENT_3D('',#9137,#7436,#7437);
#6228=AXIS2_PLACEMENT_3D('',#9143,#7441,#7442);
#6229=AXIS2_PLACEMENT_3D('',#9149,#7446,#7447);
#6230=AXIS2_PLACEMENT_3D('',#9155,#7451,#7452);
#6231=AXIS2_PLACEMENT_3D('',#9161,#7456,#7457);
#6232=AXIS2_PLACEMENT_3D('',#9167,#7461,#7462);
#6233=AXIS2_PLACEMENT_3D('',#9173,#7466,#7467);
#6234=AXIS2_PLACEMENT_3D('',#9179,#7471,#7472);
#6235=AXIS2_PLACEMENT_3D('',#9185,#7476,#7477);
#6236=AXIS2_PLACEMENT_3D('',#9191,#7481,#7482);
#6237=AXIS2_PLACEMENT_3D('',#9197,#7486,#7487);
#6238=AXIS2_PLACEMENT_3D('',#9203,#7491,#7492);
#6239=AXIS2_PLACEMENT_3D('',#9209,#7496,#7497);
#6240=AXIS2_PLACEMENT_3D('',#9215,#7501,#7502);
#6241=AXIS2_PLACEMENT_3D('',#9221,#7506,#7507);
#6242=AXIS2_PLACEMENT_3D('',#9227,#7511,#7512);
#6243=AXIS2_PLACEMENT_3D('',#9233,#7516,#7517);
#6244=AXIS2_PLACEMENT_3D('',#9239,#7521,#7522);
#6245=AXIS2_PLACEMENT_3D('',#9245,#7526,#7527);
#6246=AXIS2_PLACEMENT_3D('',#9251,#7531,#7532);
#6247=AXIS2_PLACEMENT_3D('',#9257,#7536,#7537);
#6248=AXIS2_PLACEMENT_3D('',#9263,#7541,#7542);
#6249=AXIS2_PLACEMENT_3D('',#9269,#7546,#7547);
#6250=AXIS2_PLACEMENT_3D('',#9275,#7551,#7552);
#6251=AXIS2_PLACEMENT_3D('',#9279,#7554,#7555);
#6252=AXIS2_PLACEMENT_3D('',#9280,#7556,#7557);
#6253=AXIS2_PLACEMENT_3D('',#9281,#7558,#7559);
#6254=AXIS2_PLACEMENT_3D('',#9285,#7561,#7562);
#6255=AXIS2_PLACEMENT_3D('',#9286,#7563,#7564);
#6256=AXIS2_PLACEMENT_3D('',#9287,#7565,#7566);
#6257=AXIS2_PLACEMENT_3D('',#9291,#7568,#7569);
#6258=AXIS2_PLACEMENT_3D('',#9292,#7570,#7571);
#6259=AXIS2_PLACEMENT_3D('',#9293,#7572,#7573);
#6260=AXIS2_PLACEMENT_3D('',#9297,#7575,#7576);
#6261=AXIS2_PLACEMENT_3D('',#9298,#7577,#7578);
#6262=AXIS2_PLACEMENT_3D('',#9299,#7579,#7580);
#6263=AXIS2_PLACEMENT_3D('',#9303,#7582,#7583);
#6264=AXIS2_PLACEMENT_3D('',#9304,#7584,#7585);
#6265=AXIS2_PLACEMENT_3D('',#9305,#7586,#7587);
#6266=AXIS2_PLACEMENT_3D('',#9309,#7589,#7590);
#6267=AXIS2_PLACEMENT_3D('',#9310,#7591,#7592);
#6268=AXIS2_PLACEMENT_3D('',#9311,#7593,#7594);
#6269=AXIS2_PLACEMENT_3D('',#9315,#7596,#7597);
#6270=AXIS2_PLACEMENT_3D('',#9316,#7598,#7599);
#6271=AXIS2_PLACEMENT_3D('',#9317,#7600,#7601);
#6272=AXIS2_PLACEMENT_3D('',#9321,#7603,#7604);
#6273=AXIS2_PLACEMENT_3D('',#9322,#7605,#7606);
#6274=AXIS2_PLACEMENT_3D('',#9323,#7607,#7608);
#6275=AXIS2_PLACEMENT_3D('',#9327,#7610,#7611);
#6276=AXIS2_PLACEMENT_3D('',#9328,#7612,#7613);
#6277=AXIS2_PLACEMENT_3D('',#9329,#7614,#7615);
#6278=AXIS2_PLACEMENT_3D('',#9333,#7617,#7618);
#6279=AXIS2_PLACEMENT_3D('',#9334,#7619,#7620);
#6280=AXIS2_PLACEMENT_3D('',#9335,#7621,#7622);
#6281=AXIS2_PLACEMENT_3D('',#9341,#7626,#7627);
#6282=AXIS2_PLACEMENT_3D('',#9347,#7631,#7632);
#6283=AXIS2_PLACEMENT_3D('',#9353,#7636,#7637);
#6284=AXIS2_PLACEMENT_3D('',#9359,#7641,#7642);
#6285=AXIS2_PLACEMENT_3D('',#9365,#7646,#7647);
#6286=AXIS2_PLACEMENT_3D('',#9371,#7651,#7652);
#6287=AXIS2_PLACEMENT_3D('',#9377,#7656,#7657);
#6288=AXIS2_PLACEMENT_3D('',#9383,#7661,#7662);
#6289=AXIS2_PLACEMENT_3D('',#9389,#7666,#7667);
#6290=AXIS2_PLACEMENT_3D('',#9395,#7671,#7672);
#6291=AXIS2_PLACEMENT_3D('',#9404,#7677,#7678);
#6292=AXIS2_PLACEMENT_3D('',#9413,#7683,#7684);
#6293=AXIS2_PLACEMENT_3D('',#9422,#7689,#7690);
#6294=AXIS2_PLACEMENT_3D('',#9431,#7695,#7696);
#6295=AXIS2_PLACEMENT_3D('',#9440,#7701,#7702);
#6296=AXIS2_PLACEMENT_3D('',#9449,#7707,#7708);
#6297=AXIS2_PLACEMENT_3D('',#9458,#7713,#7714);
#6298=AXIS2_PLACEMENT_3D('',#9467,#7719,#7720);
#6299=AXIS2_PLACEMENT_3D('',#9476,#7725,#7726);
#6300=AXIS2_PLACEMENT_3D('',#9485,#7731,#7732);
#6301=AXIS2_PLACEMENT_3D('',#9486,#7733,#7734);
#6302=AXIS2_PLACEMENT_3D('',#9487,#7735,#7736);
#6303=AXIS2_PLACEMENT_3D('',#9488,#7737,#7738);
#6304=AXIS2_PLACEMENT_3D('',#9489,#7739,#7740);
#6305=AXIS2_PLACEMENT_3D('',#9490,#7741,#7742);
#6306=AXIS2_PLACEMENT_3D('',#9491,#7743,#7744);
#6307=AXIS2_PLACEMENT_3D('',#9492,#7745,#7746);
#6308=AXIS2_PLACEMENT_3D('',#9493,#7747,#7748);
#6309=AXIS2_PLACEMENT_3D('',#9494,#7749,#7750);
#6310=AXIS2_PLACEMENT_3D('',#9495,#7751,#7752);
#6311=AXIS2_PLACEMENT_3D('',#9496,#7753,#7754);
#6312=AXIS2_PLACEMENT_3D('',#9497,#7755,#7756);
#6313=AXIS2_PLACEMENT_3D('',#9498,#7757,#7758);
#6314=AXIS2_PLACEMENT_3D('',#9499,#7759,#7760);
#6315=AXIS2_PLACEMENT_3D('',#9500,#7761,#7762);
#6316=AXIS2_PLACEMENT_3D('',#9501,#7763,#7764);
#6317=AXIS2_PLACEMENT_3D('',#9502,#7765,#7766);
#6318=AXIS2_PLACEMENT_3D('',#9503,#7767,#7768);
#6319=AXIS2_PLACEMENT_3D('',#9504,#7769,#7770);
#6320=AXIS2_PLACEMENT_3D('',#9505,#7771,#7772);
#6321=AXIS2_PLACEMENT_3D('',#9506,#7773,#7774);
#6322=AXIS2_PLACEMENT_3D('',#9507,#7775,#7776);
#6323=AXIS2_PLACEMENT_3D('',#9508,#7777,#7778);
#6324=AXIS2_PLACEMENT_3D('',#9509,#7779,#7780);
#6325=AXIS2_PLACEMENT_3D('',#9510,#7781,#7782);
#6326=AXIS2_PLACEMENT_3D('',#9511,#7783,#7784);
#6327=AXIS2_PLACEMENT_3D('',#9512,#7785,#7786);
#6328=AXIS2_PLACEMENT_3D('',#9513,#7787,#7788);
#6329=AXIS2_PLACEMENT_3D('',#9514,#7789,#7790);
#6330=AXIS2_PLACEMENT_3D('',#9515,#7791,#7792);
#6331=AXIS2_PLACEMENT_3D('',#9524,#7797,#7798);
#6332=AXIS2_PLACEMENT_3D('',#9533,#7803,#7804);
#6333=AXIS2_PLACEMENT_3D('',#9536,#7807,#7808);
#6334=AXIS2_PLACEMENT_3D('',#9538,#7810,#7811);
#6335=AXIS2_PLACEMENT_3D('',#9540,#7813,#7814);
#6336=AXIS2_PLACEMENT_3D('',#9581,#7855,#7856);
#6337=AXIS2_PLACEMENT_3D('',#9582,#7857,#7858);
#6338=AXIS2_PLACEMENT_3D('',#9583,#7859,#7860);
#6339=AXIS2_PLACEMENT_3D('',#9584,#7861,#7862);
#6340=AXIS2_PLACEMENT_3D('',#9585,#7863,#7864);
#6341=AXIS2_PLACEMENT_3D('',#9586,#7865,#7866);
#6342=AXIS2_PLACEMENT_3D('',#9587,#7867,#7868);
#6343=AXIS2_PLACEMENT_3D('',#9588,#7869,#7870);
#6344=AXIS2_PLACEMENT_3D('',#9589,#7871,#7872);
#6345=AXIS2_PLACEMENT_3D('',#9590,#7873,#7874);
#6346=AXIS2_PLACEMENT_3D('',#9591,#7875,#7876);
#6347=AXIS2_PLACEMENT_3D('',#9592,#7877,#7878);
#6348=AXIS2_PLACEMENT_3D('',#9593,#7879,#7880);
#6349=AXIS2_PLACEMENT_3D('',#9594,#7881,#7882);
#6350=AXIS2_PLACEMENT_3D('',#9595,#7883,#7884);
#6351=AXIS2_PLACEMENT_3D('',#9596,#7885,#7886);
#6352=AXIS2_PLACEMENT_3D('',#9597,#7887,#7888);
#6353=AXIS2_PLACEMENT_3D('',#9598,#7889,#7890);
#6354=AXIS2_PLACEMENT_3D('',#9599,#7891,#7892);
#6355=AXIS2_PLACEMENT_3D('',#9600,#7893,#7894);
#6356=AXIS2_PLACEMENT_3D('',#9601,#7895,#7896);
#6357=AXIS2_PLACEMENT_3D('',#9602,#7897,#7898);
#6358=AXIS2_PLACEMENT_3D('',#9603,#7899,#7900);
#6359=AXIS2_PLACEMENT_3D('',#9604,#7901,#7902);
#6360=AXIS2_PLACEMENT_3D('',#9605,#7903,#7904);
#6361=AXIS2_PLACEMENT_3D('',#9606,#7905,#7906);
#6362=AXIS2_PLACEMENT_3D('',#9607,#7907,#7908);
#6363=AXIS2_PLACEMENT_3D('',#9608,#7909,#7910);
#6364=AXIS2_PLACEMENT_3D('',#9609,#7911,#7912);
#6365=AXIS2_PLACEMENT_3D('',#9610,#7913,#7914);
#6366=AXIS2_PLACEMENT_3D('',#9611,#7915,#7916);
#6367=AXIS2_PLACEMENT_3D('',#9612,#7917,#7918);
#6368=AXIS2_PLACEMENT_3D('',#9613,#7919,#7920);
#6369=AXIS2_PLACEMENT_3D('',#9614,#7921,#7922);
#6370=AXIS2_PLACEMENT_3D('',#9615,#7923,#7924);
#6371=AXIS2_PLACEMENT_3D('',#9616,#7925,#7926);
#6372=AXIS2_PLACEMENT_3D('',#9617,#7927,#7928);
#6373=AXIS2_PLACEMENT_3D('',#9618,#7929,#7930);
#6374=AXIS2_PLACEMENT_3D('',#9619,#7931,#7932);
#6375=AXIS2_PLACEMENT_3D('',#9620,#7933,#7934);
#6376=AXIS2_PLACEMENT_3D('',#9621,#7935,#7936);
#6377=DIRECTION('',(0.,0.,1.));
#6378=DIRECTION('',(1.,0.,0.));
#6379=DIRECTION('',(0.,1.,0.));
#6380=DIRECTION('',(0.,0.,1.));
#6381=DIRECTION('',(0.,-1.,0.));
#6382=DIRECTION('',(0.,0.,-1.));
#6383=DIRECTION('',(1.,0.,0.));
#6384=DIRECTION('',(0.,0.,-1.));
#6385=DIRECTION('',(1.,0.,0.));
#6386=DIRECTION('',(0.,0.,1.));
#6387=DIRECTION('',(-1.,0.,0.));
#6388=DIRECTION('',(0.,0.,-1.));
#6389=DIRECTION('',(-1.,0.,6.09787498585774E-16));
#6390=DIRECTION('',(0.,1.,0.));
#6391=DIRECTION('',(0.,0.,1.));
#6392=DIRECTION('',(0.,-1.,0.));
#6393=DIRECTION('',(0.,0.,-1.));
#6394=DIRECTION('',(-1.,0.,6.09787498585774E-16));
#6395=DIRECTION('',(0.,1.,0.));
#6396=DIRECTION('',(1.,0.,0.));
#6397=DIRECTION('',(0.,0.,-1.));
#6398=DIRECTION('',(0.,1.,0.));
#6399=DIRECTION('',(0.,0.,1.));
#6400=DIRECTION('',(0.,-1.,0.));
#6401=DIRECTION('',(0.,0.,-1.));
#6402=DIRECTION('',(1.,0.,-6.09787498585774E-16));
#6403=DIRECTION('',(0.,1.,0.));
#6404=DIRECTION('',(1.,0.,0.));
#6405=DIRECTION('',(0.,0.,1.));
#6406=DIRECTION('',(0.,1.,0.));
#6407=DIRECTION('',(0.,0.,1.));
#6408=DIRECTION('',(0.,-1.,0.));
#6409=DIRECTION('',(0.,0.,-1.));
#6410=DIRECTION('',(0.,0.,1.));
#6411=DIRECTION('',(0.,1.,0.));
#6412=DIRECTION('',(1.,0.,0.));
#6413=DIRECTION('',(-1.,0.,0.));
#6414=DIRECTION('',(0.,0.,1.));
#6415=DIRECTION('',(1.,0.,0.));
#6416=DIRECTION('',(0.,1.,0.));
#6417=DIRECTION('',(-1.,0.,0.));
#6418=DIRECTION('',(0.,1.,0.));
#6419=DIRECTION('',(-1.,0.,0.));
#6420=DIRECTION('',(0.,-1.,0.));
#6421=DIRECTION('',(-1.,0.,0.));
#6422=DIRECTION('',(0.,-1.,0.));
#6423=DIRECTION('',(-1.,0.,0.));
#6424=DIRECTION('',(0.,1.,0.));
#6425=DIRECTION('',(0.,-1.,0.));
#6426=DIRECTION('',(1.,0.,0.));
#6427=DIRECTION('',(0.,0.,-1.));
#6428=DIRECTION('',(-1.,0.,0.));
#6429=DIRECTION('',(0.,-1.,0.));
#6430=DIRECTION('',(-1.,0.,0.));
#6431=DIRECTION('',(0.,1.,0.));
#6432=DIRECTION('',(0.,1.,0.));
#6433=DIRECTION('',(1.,0.,0.));
#6434=DIRECTION('',(0.,1.,0.));
#6435=DIRECTION('',(1.,0.,0.));
#6436=DIRECTION('',(0.,1.,0.));
#6437=DIRECTION('',(0.,0.,1.));
#6438=DIRECTION('',(0.,-1.,0.));
#6439=DIRECTION('',(0.,0.,-1.));
#6440=DIRECTION('',(-1.,0.,0.));
#6441=DIRECTION('',(0.,0.,1.));
#6442=DIRECTION('',(0.,0.,-1.));
#6443=DIRECTION('',(0.,0.,1.));
#6444=DIRECTION('',(1.,0.,-6.09787498585774E-16));
#6445=DIRECTION('',(0.,1.,0.));
#6446=DIRECTION('',(0.,0.,1.));
#6447=DIRECTION('',(0.,-1.,0.));
#6448=DIRECTION('',(0.,0.,-1.));
#6449=DIRECTION('',(0.,0.,-1.));
#6450=DIRECTION('',(0.,1.,0.));
#6451=DIRECTION('',(1.,0.,0.));
#6452=DIRECTION('',(1.,0.,0.));
#6453=DIRECTION('',(1.,0.,0.));
#6454=DIRECTION('',(0.,0.,-1.));
#6455=DIRECTION('',(0.,0.,-1.));
#6456=DIRECTION('',(0.,1.,0.));
#6457=DIRECTION('',(0.,1.,0.));
#6458=DIRECTION('',(-1.,0.,0.));
#6459=DIRECTION('',(0.,0.,1.));
#6460=DIRECTION('',(0.,0.,-1.));
#6461=DIRECTION('',(0.,1.,0.));
#6462=DIRECTION('',(0.,1.,0.));
#6463=DIRECTION('',(0.,1.,0.));
#6464=DIRECTION('',(0.,0.,1.));
#6465=DIRECTION('',(-1.,0.,0.));
#6466=DIRECTION('',(0.,0.,-1.));
#6467=DIRECTION('',(1.,0.,0.));
#6468=DIRECTION('',(0.,0.,1.));
#6469=DIRECTION('',(-1.,0.,0.));
#6470=DIRECTION('',(0.,0.,-1.));
#6471=DIRECTION('',(1.,0.,0.));
#6472=DIRECTION('',(0.,0.,1.));
#6473=DIRECTION('',(-1.,0.,0.));
#6474=DIRECTION('',(0.,0.,-1.));
#6475=DIRECTION('',(1.,0.,0.));
#6476=DIRECTION('',(0.,0.,1.));
#6477=DIRECTION('',(-1.,0.,0.));
#6478=DIRECTION('',(0.,0.,-1.));
#6479=DIRECTION('',(1.,0.,0.));
#6480=DIRECTION('',(0.,0.,1.));
#6481=DIRECTION('',(-1.,0.,0.));
#6482=DIRECTION('',(0.,0.,-1.));
#6483=DIRECTION('',(1.,0.,0.));
#6484=DIRECTION('',(0.,0.,1.));
#6485=DIRECTION('',(-1.,0.,0.));
#6486=DIRECTION('',(0.,0.,-1.));
#6487=DIRECTION('',(1.,0.,0.));
#6488=DIRECTION('',(0.,0.,1.));
#6489=DIRECTION('',(-1.,0.,0.));
#6490=DIRECTION('',(0.,0.,-1.));
#6491=DIRECTION('',(1.,0.,0.));
#6492=DIRECTION('',(0.,0.,1.));
#6493=DIRECTION('',(-1.,0.,0.));
#6494=DIRECTION('',(0.,0.,-1.));
#6495=DIRECTION('',(1.,0.,0.));
#6496=DIRECTION('',(0.,0.,1.));
#6497=DIRECTION('',(-1.,0.,0.));
#6498=DIRECTION('',(0.,0.,-1.));
#6499=DIRECTION('',(1.,0.,0.));
#6500=DIRECTION('',(0.,0.,1.));
#6501=DIRECTION('',(-1.,0.,0.));
#6502=DIRECTION('',(0.,0.,-1.));
#6503=DIRECTION('',(1.,0.,0.));
#6504=DIRECTION('',(0.,0.,1.));
#6505=DIRECTION('',(-1.,0.,0.));
#6506=DIRECTION('',(0.,0.,-1.));
#6507=DIRECTION('',(1.,0.,0.));
#6508=DIRECTION('',(0.,0.,1.));
#6509=DIRECTION('',(-1.,0.,0.));
#6510=DIRECTION('',(0.,0.,-1.));
#6511=DIRECTION('',(1.,0.,0.));
#6512=DIRECTION('',(0.,0.,1.));
#6513=DIRECTION('',(-1.,0.,0.));
#6514=DIRECTION('',(0.,0.,-1.));
#6515=DIRECTION('',(1.,0.,0.));
#6516=DIRECTION('',(0.,0.,1.));
#6517=DIRECTION('',(-1.,0.,0.));
#6518=DIRECTION('',(0.,0.,-1.));
#6519=DIRECTION('',(1.,0.,0.));
#6520=DIRECTION('',(0.,0.,1.));
#6521=DIRECTION('',(-1.,0.,0.));
#6522=DIRECTION('',(0.,0.,-1.));
#6523=DIRECTION('',(1.,0.,0.));
#6524=DIRECTION('',(0.,0.,1.));
#6525=DIRECTION('',(-1.,0.,0.));
#6526=DIRECTION('',(0.,0.,-1.));
#6527=DIRECTION('',(1.,0.,0.));
#6528=DIRECTION('',(0.,0.,1.));
#6529=DIRECTION('',(-1.,0.,0.));
#6530=DIRECTION('',(0.,0.,-1.));
#6531=DIRECTION('',(1.,0.,0.));
#6532=DIRECTION('',(0.,0.,1.));
#6533=DIRECTION('',(-1.,0.,0.));
#6534=DIRECTION('',(0.,0.,-1.));
#6535=DIRECTION('',(1.,0.,0.));
#6536=DIRECTION('',(0.,0.,1.));
#6537=DIRECTION('',(-1.,0.,0.));
#6538=DIRECTION('',(0.,0.,-1.));
#6539=DIRECTION('',(1.,0.,0.));
#6540=DIRECTION('',(0.,0.,1.));
#6541=DIRECTION('',(-1.,0.,0.));
#6542=DIRECTION('',(0.,0.,-1.));
#6543=DIRECTION('',(1.,0.,0.));
#6544=DIRECTION('',(0.,0.,1.));
#6545=DIRECTION('',(0.,0.,1.));
#6546=DIRECTION('',(0.,0.,-1.));
#6547=DIRECTION('',(0.,0.,1.));
#6548=DIRECTION('',(-1.,0.,0.));
#6549=DIRECTION('',(0.,0.,1.));
#6550=DIRECTION('',(0.,1.,0.));
#6551=DIRECTION('',(0.,0.,1.));
#6552=DIRECTION('',(0.,1.,0.));
#6553=DIRECTION('',(0.,1.,0.));
#6554=DIRECTION('',(0.,0.,1.));
#6555=DIRECTION('',(6.09787498585774E-16,0.,1.));
#6556=DIRECTION('',(1.,0.,-6.09787498585774E-16));
#6557=DIRECTION('',(0.,1.,0.));
#6558=DIRECTION('',(-1.,0.,6.09787498585774E-16));
#6559=DIRECTION('',(0.,0.,1.));
#6560=DIRECTION('',(1.,0.,0.));
#6561=DIRECTION('',(0.,1.,0.));
#6562=DIRECTION('',(-1.,-3.10437272007303E-16,0.));
#6563=DIRECTION('',(0.,1.,0.));
#6564=DIRECTION('',(0.,1.,0.));
#6565=DIRECTION('',(0.,0.,1.));
#6566=DIRECTION('',(-3.10437272007303E-16,1.,0.));
#6567=DIRECTION('',(-1.,-3.10437272007303E-16,0.));
#6568=DIRECTION('',(0.,1.,0.));
#6569=DIRECTION('',(0.,0.,1.));
#6570=DIRECTION('',(0.,1.,0.));
#6571=DIRECTION('',(-3.10437272007303E-16,1.,0.));
#6572=DIRECTION('',(-1.,-3.10437272007303E-16,0.));
#6573=DIRECTION('',(-6.09787498585774E-16,0.,-1.));
#6574=DIRECTION('',(-1.,0.,6.09787498585774E-16));
#6575=DIRECTION('',(0.,1.,0.));
#6576=DIRECTION('',(1.,3.10437272007303E-16,-6.09787498585774E-16));
#6577=DIRECTION('',(0.,1.,0.));
#6578=DIRECTION('',(0.,0.,1.));
#6579=DIRECTION('',(0.,1.,0.));
#6580=DIRECTION('',(0.,0.,1.));
#6581=DIRECTION('',(0.,1.,0.));
#6582=DIRECTION('',(0.,0.,-1.));
#6583=DIRECTION('',(-1.,0.,0.));
#6584=DIRECTION('',(1.,0.,0.));
#6585=DIRECTION('',(0.,1.,0.));
#6586=DIRECTION('',(1.,0.,0.));
#6587=DIRECTION('',(0.,0.,-1.));
#6588=DIRECTION('',(0.,0.,-1.));
#6589=DIRECTION('',(-1.,0.,0.));
#6590=DIRECTION('',(0.,0.,1.));
#6591=DIRECTION('',(0.,0.,-1.));
#6592=DIRECTION('',(0.,1.,0.));
#6593=DIRECTION('',(0.,0.,1.));
#6594=DIRECTION('',(0.,0.,-1.));
#6595=DIRECTION('',(-1.,0.,0.));
#6596=DIRECTION('',(0.,0.,-1.));
#6597=DIRECTION('',(0.,0.,1.));
#6598=DIRECTION('',(1.,0.,0.));
#6599=DIRECTION('',(0.,1.,0.));
#6600=DIRECTION('',(0.,1.,0.));
#6601=DIRECTION('',(1.,0.,0.));
#6602=DIRECTION('',(0.,0.,-1.));
#6603=DIRECTION('',(1.,0.,0.));
#6604=DIRECTION('',(0.,0.,-1.));
#6605=DIRECTION('',(0.,1.,0.));
#6606=DIRECTION('',(0.,0.,1.));
#6607=DIRECTION('',(-3.10437272007303E-16,1.,0.));
#6608=DIRECTION('',(-1.,-3.10437272007303E-16,0.));
#6609=DIRECTION('',(0.,-1.,0.));
#6610=DIRECTION('',(0.,0.,-1.));
#6611=DIRECTION('',(0.,0.,-1.));
#6612=DIRECTION('',(0.,0.,-1.));
#6613=DIRECTION('',(1.,0.,0.));
#6614=DIRECTION('',(0.,0.,-1.));
#6615=DIRECTION('',(-1.,0.,0.));
#6616=DIRECTION('',(0.,0.,1.));
#6617=DIRECTION('',(0.,-1.,0.));
#6618=DIRECTION('',(0.,0.,-1.));
#6619=DIRECTION('',(0.,-1.,0.));
#6620=DIRECTION('',(0.,0.,-1.));
#6621=DIRECTION('',(0.,-1.,0.));
#6622=DIRECTION('',(-1.,0.,0.));
#6623=DIRECTION('',(0.,-1.,0.));
#6624=DIRECTION('',(0.,0.,-1.));
#6625=DIRECTION('',(0.,-1.,0.));
#6626=DIRECTION('',(0.,0.,-1.));
#6627=DIRECTION('',(0.,-1.,0.));
#6628=DIRECTION('',(1.,0.,0.));
#6629=DIRECTION('',(0.,0.,-1.));
#6630=DIRECTION('',(-1.,0.,0.));
#6631=DIRECTION('',(0.,1.,0.));
#6632=DIRECTION('',(-1.,0.,0.));
#6633=DIRECTION('',(0.,1.,0.));
#6634=DIRECTION('',(-1.,0.,0.));
#6635=DIRECTION('',(0.,0.,1.));
#6636=DIRECTION('',(0.,1.,0.));
#6637=DIRECTION('',(0.,0.,1.));
#6638=DIRECTION('',(0.,0.,1.));
#6639=DIRECTION('',(1.,0.,0.));
#6640=DIRECTION('',(0.,1.,0.));
#6641=DIRECTION('',(1.,0.,0.));
#6642=DIRECTION('',(1.,0.,0.));
#6643=DIRECTION('',(0.,0.,-1.));
#6644=DIRECTION('',(0.,0.,-1.));
#6645=DIRECTION('',(0.,1.,0.));
#6646=DIRECTION('',(0.,0.,1.));
#6647=DIRECTION('',(0.,0.,-1.));
#6648=DIRECTION('',(-1.,0.,0.));
#6649=DIRECTION('',(0.,1.,0.));
#6650=DIRECTION('',(-1.,0.,0.));
#6651=DIRECTION('',(0.,1.,0.));
#6652=DIRECTION('',(-1.,0.,0.));
#6653=DIRECTION('',(0.,0.,1.));
#6654=DIRECTION('',(0.,1.,0.));
#6655=DIRECTION('',(0.,0.,1.));
#6656=DIRECTION('',(0.,0.,1.));
#6657=DIRECTION('',(1.,0.,0.));
#6658=DIRECTION('',(0.,1.,0.));
#6659=DIRECTION('',(1.,0.,0.));
#6660=DIRECTION('',(1.,0.,0.));
#6661=DIRECTION('',(0.,0.,-1.));
#6662=DIRECTION('',(0.,0.,-1.));
#6663=DIRECTION('',(0.,1.,0.));
#6664=DIRECTION('',(0.,0.,1.));
#6665=DIRECTION('',(0.,0.,-1.));
#6666=DIRECTION('',(-1.,0.,0.));
#6667=DIRECTION('',(0.,1.,0.));
#6668=DIRECTION('',(-1.,0.,0.));
#6669=DIRECTION('',(0.,1.,0.));
#6670=DIRECTION('',(-1.,0.,0.));
#6671=DIRECTION('',(0.,0.,1.));
#6672=DIRECTION('',(0.,1.,0.));
#6673=DIRECTION('',(0.,0.,1.));
#6674=DIRECTION('',(0.,0.,1.));
#6675=DIRECTION('',(1.,0.,0.));
#6676=DIRECTION('',(0.,1.,0.));
#6677=DIRECTION('',(1.,0.,0.));
#6678=DIRECTION('',(1.,0.,0.));
#6679=DIRECTION('',(0.,0.,-1.));
#6680=DIRECTION('',(0.,0.,-1.));
#6681=DIRECTION('',(0.,1.,0.));
#6682=DIRECTION('',(0.,0.,1.));
#6683=DIRECTION('',(0.,0.,-1.));
#6684=DIRECTION('',(-1.,0.,0.));
#6685=DIRECTION('',(0.,1.,0.));
#6686=DIRECTION('',(-1.,0.,0.));
#6687=DIRECTION('',(0.,1.,0.));
#6688=DIRECTION('',(-1.,0.,0.));
#6689=DIRECTION('',(0.,0.,1.));
#6690=DIRECTION('',(0.,1.,0.));
#6691=DIRECTION('',(0.,0.,1.));
#6692=DIRECTION('',(0.,0.,1.));
#6693=DIRECTION('',(1.,0.,0.));
#6694=DIRECTION('',(0.,1.,0.));
#6695=DIRECTION('',(1.,0.,0.));
#6696=DIRECTION('',(1.,0.,0.));
#6697=DIRECTION('',(0.,0.,-1.));
#6698=DIRECTION('',(0.,0.,-1.));
#6699=DIRECTION('',(0.,1.,0.));
#6700=DIRECTION('',(0.,0.,1.));
#6701=DIRECTION('',(0.,0.,-1.));
#6702=DIRECTION('',(-1.,0.,0.));
#6703=DIRECTION('',(0.,1.,0.));
#6704=DIRECTION('',(-1.,0.,0.));
#6705=DIRECTION('',(0.,1.,0.));
#6706=DIRECTION('',(-1.,0.,0.));
#6707=DIRECTION('',(0.,0.,1.));
#6708=DIRECTION('',(0.,1.,0.));
#6709=DIRECTION('',(0.,0.,1.));
#6710=DIRECTION('',(0.,0.,1.));
#6711=DIRECTION('',(1.,0.,0.));
#6712=DIRECTION('',(0.,1.,0.));
#6713=DIRECTION('',(1.,0.,0.));
#6714=DIRECTION('',(1.,0.,0.));
#6715=DIRECTION('',(0.,0.,-1.));
#6716=DIRECTION('',(0.,0.,-1.));
#6717=DIRECTION('',(0.,1.,0.));
#6718=DIRECTION('',(0.,0.,1.));
#6719=DIRECTION('',(0.,0.,-1.));
#6720=DIRECTION('',(-1.,0.,0.));
#6721=DIRECTION('',(0.,1.,0.));
#6722=DIRECTION('',(-1.,0.,0.));
#6723=DIRECTION('',(0.,1.,0.));
#6724=DIRECTION('',(-1.,0.,0.));
#6725=DIRECTION('',(0.,0.,1.));
#6726=DIRECTION('',(0.,1.,0.));
#6727=DIRECTION('',(0.,0.,1.));
#6728=DIRECTION('',(0.,0.,1.));
#6729=DIRECTION('',(1.,0.,0.));
#6730=DIRECTION('',(0.,1.,0.));
#6731=DIRECTION('',(1.,0.,0.));
#6732=DIRECTION('',(1.,0.,0.));
#6733=DIRECTION('',(0.,0.,-1.));
#6734=DIRECTION('',(0.,0.,-1.));
#6735=DIRECTION('',(0.,1.,0.));
#6736=DIRECTION('',(0.,0.,1.));
#6737=DIRECTION('',(0.,0.,-1.));
#6738=DIRECTION('',(-1.,0.,0.));
#6739=DIRECTION('',(0.,1.,0.));
#6740=DIRECTION('',(-1.,0.,0.));
#6741=DIRECTION('',(0.,1.,0.));
#6742=DIRECTION('',(-1.,0.,0.));
#6743=DIRECTION('',(0.,0.,1.));
#6744=DIRECTION('',(0.,1.,0.));
#6745=DIRECTION('',(0.,0.,1.));
#6746=DIRECTION('',(0.,0.,1.));
#6747=DIRECTION('',(1.,0.,0.));
#6748=DIRECTION('',(0.,1.,0.));
#6749=DIRECTION('',(1.,0.,0.));
#6750=DIRECTION('',(1.,0.,0.));
#6751=DIRECTION('',(0.,0.,-1.));
#6752=DIRECTION('',(0.,0.,-1.));
#6753=DIRECTION('',(0.,1.,0.));
#6754=DIRECTION('',(0.,0.,1.));
#6755=DIRECTION('',(0.,0.,-1.));
#6756=DIRECTION('',(-1.,0.,0.));
#6757=DIRECTION('',(0.,1.,0.));
#6758=DIRECTION('',(-1.,0.,0.));
#6759=DIRECTION('',(0.,1.,0.));
#6760=DIRECTION('',(-1.,0.,0.));
#6761=DIRECTION('',(0.,0.,1.));
#6762=DIRECTION('',(0.,1.,0.));
#6763=DIRECTION('',(0.,0.,1.));
#6764=DIRECTION('',(0.,0.,1.));
#6765=DIRECTION('',(1.,0.,0.));
#6766=DIRECTION('',(0.,1.,0.));
#6767=DIRECTION('',(1.,0.,0.));
#6768=DIRECTION('',(1.,0.,0.));
#6769=DIRECTION('',(0.,0.,-1.));
#6770=DIRECTION('',(0.,0.,-1.));
#6771=DIRECTION('',(0.,1.,0.));
#6772=DIRECTION('',(0.,0.,1.));
#6773=DIRECTION('',(0.,0.,-1.));
#6774=DIRECTION('',(-1.,0.,0.));
#6775=DIRECTION('',(0.,1.,0.));
#6776=DIRECTION('',(-1.,0.,0.));
#6777=DIRECTION('',(0.,1.,0.));
#6778=DIRECTION('',(-1.,0.,0.));
#6779=DIRECTION('',(0.,0.,1.));
#6780=DIRECTION('',(0.,1.,0.));
#6781=DIRECTION('',(0.,0.,1.));
#6782=DIRECTION('',(0.,0.,1.));
#6783=DIRECTION('',(1.,0.,0.));
#6784=DIRECTION('',(0.,1.,0.));
#6785=DIRECTION('',(1.,0.,0.));
#6786=DIRECTION('',(1.,0.,0.));
#6787=DIRECTION('',(0.,0.,-1.));
#6788=DIRECTION('',(0.,0.,-1.));
#6789=DIRECTION('',(0.,1.,0.));
#6790=DIRECTION('',(0.,0.,1.));
#6791=DIRECTION('',(0.,0.,-1.));
#6792=DIRECTION('',(-1.,0.,0.));
#6793=DIRECTION('',(0.,1.,0.));
#6794=DIRECTION('',(-1.,0.,0.));
#6795=DIRECTION('',(0.,1.,0.));
#6796=DIRECTION('',(-1.,0.,0.));
#6797=DIRECTION('',(0.,0.,1.));
#6798=DIRECTION('',(0.,1.,0.));
#6799=DIRECTION('',(0.,0.,1.));
#6800=DIRECTION('',(0.,0.,1.));
#6801=DIRECTION('',(1.,0.,0.));
#6802=DIRECTION('',(0.,1.,0.));
#6803=DIRECTION('',(1.,0.,0.));
#6804=DIRECTION('',(1.,0.,0.));
#6805=DIRECTION('',(0.,0.,-1.));
#6806=DIRECTION('',(0.,0.,-1.));
#6807=DIRECTION('',(0.,1.,0.));
#6808=DIRECTION('',(0.,0.,1.));
#6809=DIRECTION('',(0.,0.,-1.));
#6810=DIRECTION('',(-1.,0.,0.));
#6811=DIRECTION('',(0.,1.,0.));
#6812=DIRECTION('',(-1.,0.,0.));
#6813=DIRECTION('',(0.,1.,0.));
#6814=DIRECTION('',(-1.,0.,0.));
#6815=DIRECTION('',(0.,0.,1.));
#6816=DIRECTION('',(0.,1.,0.));
#6817=DIRECTION('',(0.,0.,1.));
#6818=DIRECTION('',(0.,0.,1.));
#6819=DIRECTION('',(1.,0.,0.));
#6820=DIRECTION('',(0.,1.,0.));
#6821=DIRECTION('',(1.,0.,0.));
#6822=DIRECTION('',(1.,0.,0.));
#6823=DIRECTION('',(0.,0.,-1.));
#6824=DIRECTION('',(0.,0.,-1.));
#6825=DIRECTION('',(0.,1.,0.));
#6826=DIRECTION('',(0.,0.,1.));
#6827=DIRECTION('',(0.,0.,-1.));
#6828=DIRECTION('',(-1.,0.,0.));
#6829=DIRECTION('',(0.,1.,0.));
#6830=DIRECTION('',(-1.,0.,0.));
#6831=DIRECTION('',(0.,1.,0.));
#6832=DIRECTION('',(-1.,0.,0.));
#6833=DIRECTION('',(0.,0.,1.));
#6834=DIRECTION('',(0.,1.,0.));
#6835=DIRECTION('',(0.,0.,1.));
#6836=DIRECTION('',(0.,0.,1.));
#6837=DIRECTION('',(1.,0.,0.));
#6838=DIRECTION('',(0.,1.,0.));
#6839=DIRECTION('',(1.,0.,0.));
#6840=DIRECTION('',(1.,0.,0.));
#6841=DIRECTION('',(0.,0.,-1.));
#6842=DIRECTION('',(0.,0.,-1.));
#6843=DIRECTION('',(0.,1.,0.));
#6844=DIRECTION('',(0.,0.,1.));
#6845=DIRECTION('',(0.,0.,-1.));
#6846=DIRECTION('',(-1.,0.,0.));
#6847=DIRECTION('',(0.,1.,0.));
#6848=DIRECTION('',(-1.,0.,0.));
#6849=DIRECTION('',(0.,1.,0.));
#6850=DIRECTION('',(-1.,0.,0.));
#6851=DIRECTION('',(0.,0.,1.));
#6852=DIRECTION('',(0.,1.,0.));
#6853=DIRECTION('',(0.,0.,1.));
#6854=DIRECTION('',(0.,0.,1.));
#6855=DIRECTION('',(1.,0.,0.));
#6856=DIRECTION('',(0.,1.,0.));
#6857=DIRECTION('',(1.,0.,0.));
#6858=DIRECTION('',(1.,0.,0.));
#6859=DIRECTION('',(0.,0.,-1.));
#6860=DIRECTION('',(0.,0.,-1.));
#6861=DIRECTION('',(0.,1.,0.));
#6862=DIRECTION('',(0.,0.,1.));
#6863=DIRECTION('',(0.,0.,-1.));
#6864=DIRECTION('',(-1.,0.,0.));
#6865=DIRECTION('',(0.,1.,0.));
#6866=DIRECTION('',(-1.,0.,0.));
#6867=DIRECTION('',(0.,1.,0.));
#6868=DIRECTION('',(-1.,0.,0.));
#6869=DIRECTION('',(0.,0.,1.));
#6870=DIRECTION('',(0.,1.,0.));
#6871=DIRECTION('',(0.,0.,1.));
#6872=DIRECTION('',(0.,0.,1.));
#6873=DIRECTION('',(1.,0.,0.));
#6874=DIRECTION('',(0.,1.,0.));
#6875=DIRECTION('',(1.,0.,0.));
#6876=DIRECTION('',(1.,0.,0.));
#6877=DIRECTION('',(0.,0.,-1.));
#6878=DIRECTION('',(0.,0.,-1.));
#6879=DIRECTION('',(0.,1.,0.));
#6880=DIRECTION('',(0.,0.,1.));
#6881=DIRECTION('',(0.,0.,-1.));
#6882=DIRECTION('',(-1.,0.,0.));
#6883=DIRECTION('',(0.,1.,0.));
#6884=DIRECTION('',(-1.,0.,0.));
#6885=DIRECTION('',(0.,1.,0.));
#6886=DIRECTION('',(-1.,0.,0.));
#6887=DIRECTION('',(0.,0.,1.));
#6888=DIRECTION('',(0.,1.,0.));
#6889=DIRECTION('',(0.,0.,1.));
#6890=DIRECTION('',(0.,0.,1.));
#6891=DIRECTION('',(1.,0.,0.));
#6892=DIRECTION('',(0.,1.,0.));
#6893=DIRECTION('',(1.,0.,0.));
#6894=DIRECTION('',(1.,0.,0.));
#6895=DIRECTION('',(0.,0.,-1.));
#6896=DIRECTION('',(0.,0.,-1.));
#6897=DIRECTION('',(0.,1.,0.));
#6898=DIRECTION('',(0.,0.,1.));
#6899=DIRECTION('',(0.,0.,-1.));
#6900=DIRECTION('',(-1.,0.,0.));
#6901=DIRECTION('',(0.,1.,0.));
#6902=DIRECTION('',(-1.,0.,0.));
#6903=DIRECTION('',(0.,1.,0.));
#6904=DIRECTION('',(-1.,0.,0.));
#6905=DIRECTION('',(0.,0.,1.));
#6906=DIRECTION('',(0.,1.,0.));
#6907=DIRECTION('',(0.,0.,1.));
#6908=DIRECTION('',(0.,0.,1.));
#6909=DIRECTION('',(1.,0.,0.));
#6910=DIRECTION('',(0.,1.,0.));
#6911=DIRECTION('',(1.,0.,0.));
#6912=DIRECTION('',(1.,0.,0.));
#6913=DIRECTION('',(0.,0.,-1.));
#6914=DIRECTION('',(0.,0.,-1.));
#6915=DIRECTION('',(0.,1.,0.));
#6916=DIRECTION('',(0.,0.,1.));
#6917=DIRECTION('',(0.,0.,-1.));
#6918=DIRECTION('',(-1.,0.,0.));
#6919=DIRECTION('',(0.,1.,0.));
#6920=DIRECTION('',(-1.,0.,0.));
#6921=DIRECTION('',(0.,1.,0.));
#6922=DIRECTION('',(-1.,0.,0.));
#6923=DIRECTION('',(0.,0.,1.));
#6924=DIRECTION('',(0.,1.,0.));
#6925=DIRECTION('',(0.,0.,1.));
#6926=DIRECTION('',(0.,0.,1.));
#6927=DIRECTION('',(1.,0.,0.));
#6928=DIRECTION('',(0.,1.,0.));
#6929=DIRECTION('',(1.,0.,0.));
#6930=DIRECTION('',(1.,0.,0.));
#6931=DIRECTION('',(0.,0.,-1.));
#6932=DIRECTION('',(0.,0.,-1.));
#6933=DIRECTION('',(0.,1.,0.));
#6934=DIRECTION('',(0.,0.,1.));
#6935=DIRECTION('',(0.,0.,-1.));
#6936=DIRECTION('',(-1.,0.,0.));
#6937=DIRECTION('',(0.,1.,0.));
#6938=DIRECTION('',(-1.,0.,0.));
#6939=DIRECTION('',(0.,1.,0.));
#6940=DIRECTION('',(-1.,0.,0.));
#6941=DIRECTION('',(0.,0.,1.));
#6942=DIRECTION('',(0.,1.,0.));
#6943=DIRECTION('',(0.,0.,1.));
#6944=DIRECTION('',(0.,0.,1.));
#6945=DIRECTION('',(1.,0.,0.));
#6946=DIRECTION('',(0.,1.,0.));
#6947=DIRECTION('',(1.,0.,0.));
#6948=DIRECTION('',(1.,0.,0.));
#6949=DIRECTION('',(0.,0.,-1.));
#6950=DIRECTION('',(0.,0.,-1.));
#6951=DIRECTION('',(0.,1.,0.));
#6952=DIRECTION('',(0.,0.,1.));
#6953=DIRECTION('',(0.,0.,-1.));
#6954=DIRECTION('',(-1.,0.,0.));
#6955=DIRECTION('',(0.,1.,0.));
#6956=DIRECTION('',(-1.,0.,0.));
#6957=DIRECTION('',(0.,1.,0.));
#6958=DIRECTION('',(-1.,0.,0.));
#6959=DIRECTION('',(0.,0.,1.));
#6960=DIRECTION('',(0.,1.,0.));
#6961=DIRECTION('',(0.,0.,1.));
#6962=DIRECTION('',(0.,0.,1.));
#6963=DIRECTION('',(1.,0.,0.));
#6964=DIRECTION('',(0.,1.,0.));
#6965=DIRECTION('',(1.,0.,0.));
#6966=DIRECTION('',(1.,0.,0.));
#6967=DIRECTION('',(0.,0.,-1.));
#6968=DIRECTION('',(0.,0.,-1.));
#6969=DIRECTION('',(0.,1.,0.));
#6970=DIRECTION('',(0.,0.,1.));
#6971=DIRECTION('',(0.,0.,-1.));
#6972=DIRECTION('',(-1.,0.,0.));
#6973=DIRECTION('',(0.,1.,0.));
#6974=DIRECTION('',(-1.,0.,0.));
#6975=DIRECTION('',(0.,1.,0.));
#6976=DIRECTION('',(-1.,0.,0.));
#6977=DIRECTION('',(0.,0.,1.));
#6978=DIRECTION('',(0.,1.,0.));
#6979=DIRECTION('',(0.,0.,1.));
#6980=DIRECTION('',(0.,0.,1.));
#6981=DIRECTION('',(1.,0.,0.));
#6982=DIRECTION('',(0.,1.,0.));
#6983=DIRECTION('',(1.,0.,0.));
#6984=DIRECTION('',(1.,0.,0.));
#6985=DIRECTION('',(0.,0.,-1.));
#6986=DIRECTION('',(0.,0.,-1.));
#6987=DIRECTION('',(0.,1.,0.));
#6988=DIRECTION('',(0.,0.,1.));
#6989=DIRECTION('',(0.,0.,1.));
#6990=DIRECTION('',(1.,0.,0.));
#6991=DIRECTION('',(0.,-1.,0.));
#6992=DIRECTION('',(0.,0.,-1.));
#6993=DIRECTION('',(0.,0.,1.));
#6994=DIRECTION('',(-1.,0.,0.));
#6995=DIRECTION('',(0.,0.,-1.));
#6996=DIRECTION('',(-1.,0.,0.));
#6997=DIRECTION('',(0.,-1.,0.));
#6998=DIRECTION('',(0.,0.,-1.));
#6999=DIRECTION('',(0.,0.,1.));
#7000=DIRECTION('',(-1.,0.,0.));
#7001=DIRECTION('',(0.,0.,-1.));
#7002=DIRECTION('',(-1.,0.,0.));
#7003=DIRECTION('',(0.,-1.,0.));
#7004=DIRECTION('',(0.,0.,-1.));
#7005=DIRECTION('',(0.,0.,1.));
#7006=DIRECTION('',(-1.,0.,0.));
#7007=DIRECTION('',(0.,0.,-1.));
#7008=DIRECTION('',(-1.,0.,0.));
#7009=DIRECTION('',(0.,-1.,0.));
#7010=DIRECTION('',(0.,0.,-1.));
#7011=DIRECTION('',(0.,0.,1.));
#7012=DIRECTION('',(-1.,0.,0.));
#7013=DIRECTION('',(0.,0.,-1.));
#7014=DIRECTION('',(-1.,0.,0.));
#7015=DIRECTION('',(0.,-1.,0.));
#7016=DIRECTION('',(0.,0.,-1.));
#7017=DIRECTION('',(0.,0.,1.));
#7018=DIRECTION('',(-1.,0.,0.));
#7019=DIRECTION('',(0.,0.,-1.));
#7020=DIRECTION('',(-1.,0.,0.));
#7021=DIRECTION('',(0.,-1.,0.));
#7022=DIRECTION('',(0.,0.,-1.));
#7023=DIRECTION('',(0.,0.,1.));
#7024=DIRECTION('',(-1.,0.,0.));
#7025=DIRECTION('',(0.,0.,-1.));
#7026=DIRECTION('',(-1.,0.,0.));
#7027=DIRECTION('',(0.,-1.,0.));
#7028=DIRECTION('',(0.,0.,-1.));
#7029=DIRECTION('',(0.,0.,1.));
#7030=DIRECTION('',(-1.,0.,0.));
#7031=DIRECTION('',(0.,0.,-1.));
#7032=DIRECTION('',(-1.,0.,0.));
#7033=DIRECTION('',(0.,-1.,0.));
#7034=DIRECTION('',(0.,0.,-1.));
#7035=DIRECTION('',(0.,0.,1.));
#7036=DIRECTION('',(-1.,0.,0.));
#7037=DIRECTION('',(0.,0.,-1.));
#7038=DIRECTION('',(-1.,0.,0.));
#7039=DIRECTION('',(0.,-1.,0.));
#7040=DIRECTION('',(0.,0.,-1.));
#7041=DIRECTION('',(0.,0.,1.));
#7042=DIRECTION('',(-1.,0.,0.));
#7043=DIRECTION('',(0.,0.,-1.));
#7044=DIRECTION('',(-1.,0.,0.));
#7045=DIRECTION('',(0.,-1.,0.));
#7046=DIRECTION('',(0.,0.,-1.));
#7047=DIRECTION('',(0.,0.,1.));
#7048=DIRECTION('',(-1.,0.,0.));
#7049=DIRECTION('',(0.,0.,-1.));
#7050=DIRECTION('',(-1.,0.,0.));
#7051=DIRECTION('',(0.,0.,-1.));
#7052=DIRECTION('',(-1.,0.,0.));
#7053=DIRECTION('',(0.,-1.,0.));
#7054=DIRECTION('',(0.,1.,0.));
#7055=DIRECTION('',(-1.,0.,0.));
#7056=DIRECTION('',(0.,0.,-1.));
#7057=DIRECTION('',(-1.,0.,0.));
#7058=DIRECTION('',(0.,-1.,0.));
#7059=DIRECTION('',(0.,1.,0.));
#7060=DIRECTION('',(-1.,0.,0.));
#7061=DIRECTION('',(0.,0.,-1.));
#7062=DIRECTION('',(-1.,0.,0.));
#7063=DIRECTION('',(0.,-1.,0.));
#7064=DIRECTION('',(0.,1.,0.));
#7065=DIRECTION('',(-1.,0.,0.));
#7066=DIRECTION('',(0.,0.,-1.));
#7067=DIRECTION('',(-1.,0.,0.));
#7068=DIRECTION('',(0.,-1.,0.));
#7069=DIRECTION('',(0.,1.,0.));
#7070=DIRECTION('',(-1.,0.,0.));
#7071=DIRECTION('',(0.,0.,-1.));
#7072=DIRECTION('',(-1.,0.,0.));
#7073=DIRECTION('',(0.,-1.,0.));
#7074=DIRECTION('',(0.,1.,0.));
#7075=DIRECTION('',(-1.,0.,0.));
#7076=DIRECTION('',(0.,0.,-1.));
#7077=DIRECTION('',(-1.,0.,0.));
#7078=DIRECTION('',(0.,-1.,0.));
#7079=DIRECTION('',(0.,1.,0.));
#7080=DIRECTION('',(-1.,0.,0.));
#7081=DIRECTION('',(0.,0.,-1.));
#7082=DIRECTION('',(-1.,0.,0.));
#7083=DIRECTION('',(0.,-1.,0.));
#7084=DIRECTION('',(0.,1.,0.));
#7085=DIRECTION('',(-1.,0.,0.));
#7086=DIRECTION('',(0.,0.,-1.));
#7087=DIRECTION('',(-1.,0.,0.));
#7088=DIRECTION('',(0.,-1.,0.));
#7089=DIRECTION('',(0.,1.,0.));
#7090=DIRECTION('',(-1.,0.,0.));
#7091=DIRECTION('',(0.,0.,-1.));
#7092=DIRECTION('',(-1.,0.,0.));
#7093=DIRECTION('',(0.,-1.,0.));
#7094=DIRECTION('',(0.,1.,0.));
#7095=DIRECTION('',(-1.,0.,0.));
#7096=DIRECTION('',(0.,0.,-1.));
#7097=DIRECTION('',(-1.,0.,0.));
#7098=DIRECTION('',(0.,-1.,0.));
#7099=DIRECTION('',(0.,1.,0.));
#7100=DIRECTION('',(-1.,0.,0.));
#7101=DIRECTION('',(0.,1.,0.));
#7102=DIRECTION('',(0.,0.,1.));
#7103=DIRECTION('',(0.,0.,-1.));
#7104=DIRECTION('',(0.,0.,1.));
#7105=DIRECTION('',(-1.,0.,0.));
#7106=DIRECTION('',(0.,1.,0.));
#7107=DIRECTION('',(0.,0.,1.));
#7108=DIRECTION('',(0.,0.,-1.));
#7109=DIRECTION('',(0.,0.,1.));
#7110=DIRECTION('',(-1.,0.,0.));
#7111=DIRECTION('',(0.,1.,0.));
#7112=DIRECTION('',(0.,0.,1.));
#7113=DIRECTION('',(0.,0.,-1.));
#7114=DIRECTION('',(0.,0.,1.));
#7115=DIRECTION('',(-1.,0.,0.));
#7116=DIRECTION('',(0.,1.,0.));
#7117=DIRECTION('',(0.,0.,1.));
#7118=DIRECTION('',(0.,0.,-1.));
#7119=DIRECTION('',(0.,0.,1.));
#7120=DIRECTION('',(-1.,0.,0.));
#7121=DIRECTION('',(0.,1.,0.));
#7122=DIRECTION('',(0.,0.,1.));
#7123=DIRECTION('',(0.,0.,-1.));
#7124=DIRECTION('',(0.,0.,1.));
#7125=DIRECTION('',(-1.,0.,0.));
#7126=DIRECTION('',(0.,1.,0.));
#7127=DIRECTION('',(0.,0.,1.));
#7128=DIRECTION('',(0.,0.,-1.));
#7129=DIRECTION('',(0.,0.,1.));
#7130=DIRECTION('',(-1.,0.,0.));
#7131=DIRECTION('',(0.,1.,0.));
#7132=DIRECTION('',(0.,0.,1.));
#7133=DIRECTION('',(0.,0.,-1.));
#7134=DIRECTION('',(0.,0.,1.));
#7135=DIRECTION('',(-1.,0.,0.));
#7136=DIRECTION('',(0.,1.,0.));
#7137=DIRECTION('',(0.,0.,1.));
#7138=DIRECTION('',(0.,0.,-1.));
#7139=DIRECTION('',(0.,0.,1.));
#7140=DIRECTION('',(-1.,0.,0.));
#7141=DIRECTION('',(0.,1.,0.));
#7142=DIRECTION('',(0.,0.,1.));
#7143=DIRECTION('',(0.,0.,-1.));
#7144=DIRECTION('',(0.,0.,1.));
#7145=DIRECTION('',(-1.,0.,0.));
#7146=DIRECTION('',(0.,1.,0.));
#7147=DIRECTION('',(0.,0.,1.));
#7148=DIRECTION('',(0.,0.,-1.));
#7149=DIRECTION('',(0.,0.,1.));
#7150=DIRECTION('',(-1.,0.,0.));
#7151=DIRECTION('',(-1.,0.,0.));
#7152=DIRECTION('',(0.,0.,1.));
#7153=DIRECTION('',(1.,0.,0.));
#7154=DIRECTION('',(0.,0.,-1.));
#7155=DIRECTION('',(-1.,0.,0.));
#7156=DIRECTION('',(0.,0.,1.));
#7157=DIRECTION('',(-1.,0.,0.));
#7158=DIRECTION('',(-1.,0.,0.));
#7159=DIRECTION('',(0.,0.,1.));
#7160=DIRECTION('',(1.,0.,0.));
#7161=DIRECTION('',(0.,0.,-1.));
#7162=DIRECTION('',(-1.,0.,0.));
#7163=DIRECTION('',(0.,0.,1.));
#7164=DIRECTION('',(-1.,0.,0.));
#7165=DIRECTION('',(-1.,0.,0.));
#7166=DIRECTION('',(0.,0.,1.));
#7167=DIRECTION('',(1.,0.,0.));
#7168=DIRECTION('',(0.,0.,-1.));
#7169=DIRECTION('',(-1.,0.,0.));
#7170=DIRECTION('',(0.,0.,1.));
#7171=DIRECTION('',(-1.,0.,0.));
#7172=DIRECTION('',(-1.,0.,0.));
#7173=DIRECTION('',(0.,0.,1.));
#7174=DIRECTION('',(1.,0.,0.));
#7175=DIRECTION('',(0.,0.,-1.));
#7176=DIRECTION('',(-1.,0.,0.));
#7177=DIRECTION('',(0.,0.,1.));
#7178=DIRECTION('',(-1.,0.,0.));
#7179=DIRECTION('',(-1.,0.,0.));
#7180=DIRECTION('',(0.,0.,1.));
#7181=DIRECTION('',(1.,0.,0.));
#7182=DIRECTION('',(0.,0.,-1.));
#7183=DIRECTION('',(-1.,0.,0.));
#7184=DIRECTION('',(0.,0.,1.));
#7185=DIRECTION('',(-1.,0.,0.));
#7186=DIRECTION('',(-1.,0.,0.));
#7187=DIRECTION('',(0.,0.,1.));
#7188=DIRECTION('',(1.,0.,0.));
#7189=DIRECTION('',(0.,0.,-1.));
#7190=DIRECTION('',(-1.,0.,0.));
#7191=DIRECTION('',(0.,0.,1.));
#7192=DIRECTION('',(-1.,0.,0.));
#7193=DIRECTION('',(-1.,0.,0.));
#7194=DIRECTION('',(0.,0.,1.));
#7195=DIRECTION('',(1.,0.,0.));
#7196=DIRECTION('',(0.,0.,-1.));
#7197=DIRECTION('',(-1.,0.,0.));
#7198=DIRECTION('',(0.,0.,1.));
#7199=DIRECTION('',(-1.,0.,0.));
#7200=DIRECTION('',(-1.,0.,0.));
#7201=DIRECTION('',(0.,0.,1.));
#7202=DIRECTION('',(1.,0.,0.));
#7203=DIRECTION('',(0.,0.,-1.));
#7204=DIRECTION('',(-1.,0.,0.));
#7205=DIRECTION('',(0.,0.,1.));
#7206=DIRECTION('',(-1.,0.,0.));
#7207=DIRECTION('',(-1.,0.,0.));
#7208=DIRECTION('',(0.,0.,1.));
#7209=DIRECTION('',(1.,0.,0.));
#7210=DIRECTION('',(0.,0.,-1.));
#7211=DIRECTION('',(-1.,0.,0.));
#7212=DIRECTION('',(0.,0.,1.));
#7213=DIRECTION('',(-1.,0.,0.));
#7214=DIRECTION('',(-1.,0.,0.));
#7215=DIRECTION('',(0.,0.,1.));
#7216=DIRECTION('',(1.,0.,0.));
#7217=DIRECTION('',(0.,0.,-1.));
#7218=DIRECTION('',(-1.,0.,0.));
#7219=DIRECTION('',(0.,0.,1.));
#7220=DIRECTION('',(-1.,0.,0.));
#7221=DIRECTION('',(0.,0.,1.));
#7222=DIRECTION('',(1.,0.,0.));
#7223=DIRECTION('',(0.,1.,0.));
#7224=DIRECTION('',(0.,-1.,0.));
#7225=DIRECTION('',(-1.,0.,0.));
#7226=DIRECTION('',(0.,0.,1.));
#7227=DIRECTION('',(1.,0.,0.));
#7228=DIRECTION('',(0.,1.,0.));
#7229=DIRECTION('',(0.,-1.,0.));
#7230=DIRECTION('',(-1.,0.,0.));
#7231=DIRECTION('',(0.,0.,1.));
#7232=DIRECTION('',(1.,0.,0.));
#7233=DIRECTION('',(0.,1.,0.));
#7234=DIRECTION('',(0.,-1.,0.));
#7235=DIRECTION('',(-1.,0.,0.));
#7236=DIRECTION('',(0.,0.,1.));
#7237=DIRECTION('',(1.,0.,0.));
#7238=DIRECTION('',(0.,1.,0.));
#7239=DIRECTION('',(0.,-1.,0.));
#7240=DIRECTION('',(-1.,0.,0.));
#7241=DIRECTION('',(0.,0.,1.));
#7242=DIRECTION('',(1.,0.,0.));
#7243=DIRECTION('',(0.,1.,0.));
#7244=DIRECTION('',(0.,-1.,0.));
#7245=DIRECTION('',(-1.,0.,0.));
#7246=DIRECTION('',(0.,0.,1.));
#7247=DIRECTION('',(1.,0.,0.));
#7248=DIRECTION('',(0.,1.,0.));
#7249=DIRECTION('',(0.,-1.,0.));
#7250=DIRECTION('',(-1.,0.,0.));
#7251=DIRECTION('',(0.,0.,1.));
#7252=DIRECTION('',(1.,0.,0.));
#7253=DIRECTION('',(0.,1.,0.));
#7254=DIRECTION('',(0.,-1.,0.));
#7255=DIRECTION('',(-1.,0.,0.));
#7256=DIRECTION('',(0.,0.,1.));
#7257=DIRECTION('',(1.,0.,0.));
#7258=DIRECTION('',(0.,1.,0.));
#7259=DIRECTION('',(0.,-1.,0.));
#7260=DIRECTION('',(-1.,0.,0.));
#7261=DIRECTION('',(0.,0.,1.));
#7262=DIRECTION('',(1.,0.,0.));
#7263=DIRECTION('',(0.,1.,0.));
#7264=DIRECTION('',(0.,-1.,0.));
#7265=DIRECTION('',(-1.,0.,0.));
#7266=DIRECTION('',(0.,0.,1.));
#7267=DIRECTION('',(1.,0.,0.));
#7268=DIRECTION('',(0.,1.,0.));
#7269=DIRECTION('',(0.,-1.,0.));
#7270=DIRECTION('',(-1.,0.,0.));
#7271=DIRECTION('',(0.,0.,-1.));
#7272=DIRECTION('',(-1.,0.,0.));
#7273=DIRECTION('',(0.,-1.,0.));
#7274=DIRECTION('',(-1.,0.,0.));
#7275=DIRECTION('',(0.,1.,0.));
#7276=DIRECTION('',(-1.,0.,0.));
#7277=DIRECTION('',(0.,0.,-1.));
#7278=DIRECTION('',(-1.,0.,0.));
#7279=DIRECTION('',(0.,-1.,0.));
#7280=DIRECTION('',(-1.,0.,0.));
#7281=DIRECTION('',(0.,1.,0.));
#7282=DIRECTION('',(-1.,0.,0.));
#7283=DIRECTION('',(0.,0.,-1.));
#7284=DIRECTION('',(-1.,0.,0.));
#7285=DIRECTION('',(0.,-1.,0.));
#7286=DIRECTION('',(-1.,0.,0.));
#7287=DIRECTION('',(0.,1.,0.));
#7288=DIRECTION('',(-1.,0.,0.));
#7289=DIRECTION('',(0.,0.,-1.));
#7290=DIRECTION('',(-1.,0.,0.));
#7291=DIRECTION('',(0.,-1.,0.));
#7292=DIRECTION('',(-1.,0.,0.));
#7293=DIRECTION('',(0.,1.,0.));
#7294=DIRECTION('',(-1.,0.,0.));
#7295=DIRECTION('',(0.,0.,-1.));
#7296=DIRECTION('',(-1.,0.,0.));
#7297=DIRECTION('',(0.,-1.,0.));
#7298=DIRECTION('',(-1.,0.,0.));
#7299=DIRECTION('',(0.,1.,0.));
#7300=DIRECTION('',(-1.,0.,0.));
#7301=DIRECTION('',(0.,0.,-1.));
#7302=DIRECTION('',(-1.,0.,0.));
#7303=DIRECTION('',(0.,-1.,0.));
#7304=DIRECTION('',(-1.,0.,0.));
#7305=DIRECTION('',(0.,1.,0.));
#7306=DIRECTION('',(-1.,0.,0.));
#7307=DIRECTION('',(0.,0.,-1.));
#7308=DIRECTION('',(-1.,0.,0.));
#7309=DIRECTION('',(0.,-1.,0.));
#7310=DIRECTION('',(-1.,0.,0.));
#7311=DIRECTION('',(0.,1.,0.));
#7312=DIRECTION('',(-1.,0.,0.));
#7313=DIRECTION('',(0.,0.,-1.));
#7314=DIRECTION('',(-1.,0.,0.));
#7315=DIRECTION('',(0.,-1.,0.));
#7316=DIRECTION('',(-1.,0.,0.));
#7317=DIRECTION('',(0.,1.,0.));
#7318=DIRECTION('',(-1.,0.,0.));
#7319=DIRECTION('',(0.,0.,-1.));
#7320=DIRECTION('',(-1.,0.,0.));
#7321=DIRECTION('',(0.,-1.,0.));
#7322=DIRECTION('',(-1.,0.,0.));
#7323=DIRECTION('',(0.,1.,0.));
#7324=DIRECTION('',(-1.,0.,0.));
#7325=DIRECTION('',(0.,0.,-1.));
#7326=DIRECTION('',(-1.,0.,0.));
#7327=DIRECTION('',(0.,-1.,0.));
#7328=DIRECTION('',(-1.,0.,0.));
#7329=DIRECTION('',(0.,1.,0.));
#7330=DIRECTION('',(-1.,0.,0.));
#7331=DIRECTION('',(-1.,0.,0.));
#7332=DIRECTION('',(0.,0.,1.));
#7333=DIRECTION('',(1.,0.,0.));
#7334=DIRECTION('',(0.,0.,-1.));
#7335=DIRECTION('',(-1.,0.,0.));
#7336=DIRECTION('',(0.,0.,1.));
#7337=DIRECTION('',(-1.,0.,0.));
#7338=DIRECTION('',(-1.,0.,0.));
#7339=DIRECTION('',(0.,0.,1.));
#7340=DIRECTION('',(1.,0.,0.));
#7341=DIRECTION('',(0.,0.,-1.));
#7342=DIRECTION('',(-1.,0.,0.));
#7343=DIRECTION('',(0.,0.,1.));
#7344=DIRECTION('',(-1.,0.,0.));
#7345=DIRECTION('',(-1.,0.,0.));
#7346=DIRECTION('',(0.,0.,1.));
#7347=DIRECTION('',(1.,0.,0.));
#7348=DIRECTION('',(0.,0.,-1.));
#7349=DIRECTION('',(-1.,0.,0.));
#7350=DIRECTION('',(0.,0.,1.));
#7351=DIRECTION('',(-1.,0.,0.));
#7352=DIRECTION('',(-1.,0.,0.));
#7353=DIRECTION('',(0.,0.,1.));
#7354=DIRECTION('',(1.,0.,0.));
#7355=DIRECTION('',(0.,0.,-1.));
#7356=DIRECTION('',(-1.,0.,0.));
#7357=DIRECTION('',(0.,0.,1.));
#7358=DIRECTION('',(-1.,0.,0.));
#7359=DIRECTION('',(-1.,0.,0.));
#7360=DIRECTION('',(0.,0.,1.));
#7361=DIRECTION('',(1.,0.,0.));
#7362=DIRECTION('',(0.,0.,-1.));
#7363=DIRECTION('',(-1.,0.,0.));
#7364=DIRECTION('',(0.,0.,1.));
#7365=DIRECTION('',(-1.,0.,0.));
#7366=DIRECTION('',(-1.,0.,0.));
#7367=DIRECTION('',(0.,0.,1.));
#7368=DIRECTION('',(1.,0.,0.));
#7369=DIRECTION('',(0.,0.,-1.));
#7370=DIRECTION('',(-1.,0.,0.));
#7371=DIRECTION('',(0.,0.,1.));
#7372=DIRECTION('',(-1.,0.,0.));
#7373=DIRECTION('',(-1.,0.,0.));
#7374=DIRECTION('',(0.,0.,1.));
#7375=DIRECTION('',(1.,0.,0.));
#7376=DIRECTION('',(0.,0.,-1.));
#7377=DIRECTION('',(-1.,0.,0.));
#7378=DIRECTION('',(0.,0.,1.));
#7379=DIRECTION('',(-1.,0.,0.));
#7380=DIRECTION('',(-1.,0.,0.));
#7381=DIRECTION('',(0.,0.,1.));
#7382=DIRECTION('',(1.,0.,0.));
#7383=DIRECTION('',(0.,0.,-1.));
#7384=DIRECTION('',(-1.,0.,0.));
#7385=DIRECTION('',(0.,0.,1.));
#7386=DIRECTION('',(-1.,0.,0.));
#7387=DIRECTION('',(-1.,0.,0.));
#7388=DIRECTION('',(0.,0.,1.));
#7389=DIRECTION('',(1.,0.,0.));
#7390=DIRECTION('',(0.,0.,-1.));
#7391=DIRECTION('',(-1.,0.,0.));
#7392=DIRECTION('',(0.,0.,1.));
#7393=DIRECTION('',(-1.,0.,0.));
#7394=DIRECTION('',(-1.,0.,0.));
#7395=DIRECTION('',(0.,0.,1.));
#7396=DIRECTION('',(1.,0.,0.));
#7397=DIRECTION('',(0.,0.,-1.));
#7398=DIRECTION('',(-1.,0.,0.));
#7399=DIRECTION('',(0.,0.,1.));
#7400=DIRECTION('',(-1.,0.,0.));
#7401=DIRECTION('',(0.,1.,0.));
#7402=DIRECTION('',(0.,0.,1.));
#7403=DIRECTION('',(0.,0.,-1.));
#7404=DIRECTION('',(0.,0.,1.));
#7405=DIRECTION('',(-1.,0.,0.));
#7406=DIRECTION('',(0.,1.,0.));
#7407=DIRECTION('',(0.,0.,1.));
#7408=DIRECTION('',(0.,0.,-1.));
#7409=DIRECTION('',(0.,0.,1.));
#7410=DIRECTION('',(-1.,0.,0.));
#7411=DIRECTION('',(0.,1.,0.));
#7412=DIRECTION('',(0.,0.,1.));
#7413=DIRECTION('',(0.,0.,-1.));
#7414=DIRECTION('',(0.,0.,1.));
#7415=DIRECTION('',(-1.,0.,0.));
#7416=DIRECTION('',(0.,1.,0.));
#7417=DIRECTION('',(0.,0.,1.));
#7418=DIRECTION('',(0.,0.,-1.));
#7419=DIRECTION('',(0.,0.,1.));
#7420=DIRECTION('',(-1.,0.,0.));
#7421=DIRECTION('',(0.,1.,0.));
#7422=DIRECTION('',(0.,0.,1.));
#7423=DIRECTION('',(0.,0.,-1.));
#7424=DIRECTION('',(0.,0.,1.));
#7425=DIRECTION('',(-1.,0.,0.));
#7426=DIRECTION('',(0.,1.,0.));
#7427=DIRECTION('',(0.,0.,1.));
#7428=DIRECTION('',(0.,0.,-1.));
#7429=DIRECTION('',(0.,0.,1.));
#7430=DIRECTION('',(-1.,0.,0.));
#7431=DIRECTION('',(0.,1.,0.));
#7432=DIRECTION('',(0.,0.,1.));
#7433=DIRECTION('',(0.,0.,-1.));
#7434=DIRECTION('',(0.,0.,1.));
#7435=DIRECTION('',(-1.,0.,0.));
#7436=DIRECTION('',(0.,1.,0.));
#7437=DIRECTION('',(0.,0.,1.));
#7438=DIRECTION('',(0.,0.,-1.));
#7439=DIRECTION('',(0.,0.,1.));
#7440=DIRECTION('',(-1.,0.,0.));
#7441=DIRECTION('',(0.,1.,0.));
#7442=DIRECTION('',(0.,0.,1.));
#7443=DIRECTION('',(0.,0.,-1.));
#7444=DIRECTION('',(0.,0.,1.));
#7445=DIRECTION('',(-1.,0.,0.));
#7446=DIRECTION('',(0.,1.,0.));
#7447=DIRECTION('',(0.,0.,1.));
#7448=DIRECTION('',(0.,0.,-1.));
#7449=DIRECTION('',(0.,0.,1.));
#7450=DIRECTION('',(-1.,0.,0.));
#7451=DIRECTION('',(0.,0.,1.));
#7452=DIRECTION('',(1.,0.,0.));
#7453=DIRECTION('',(0.,1.,0.));
#7454=DIRECTION('',(0.,-1.,0.));
#7455=DIRECTION('',(-1.,0.,0.));
#7456=DIRECTION('',(0.,0.,1.));
#7457=DIRECTION('',(1.,0.,0.));
#7458=DIRECTION('',(0.,1.,0.));
#7459=DIRECTION('',(0.,-1.,0.));
#7460=DIRECTION('',(-1.,0.,0.));
#7461=DIRECTION('',(0.,0.,1.));
#7462=DIRECTION('',(1.,0.,0.));
#7463=DIRECTION('',(0.,1.,0.));
#7464=DIRECTION('',(0.,-1.,0.));
#7465=DIRECTION('',(-1.,0.,0.));
#7466=DIRECTION('',(0.,0.,1.));
#7467=DIRECTION('',(1.,0.,0.));
#7468=DIRECTION('',(0.,1.,0.));
#7469=DIRECTION('',(0.,-1.,0.));
#7470=DIRECTION('',(-1.,0.,0.));
#7471=DIRECTION('',(0.,0.,1.));
#7472=DIRECTION('',(1.,0.,0.));
#7473=DIRECTION('',(0.,1.,0.));
#7474=DIRECTION('',(0.,-1.,0.));
#7475=DIRECTION('',(-1.,0.,0.));
#7476=DIRECTION('',(0.,0.,1.));
#7477=DIRECTION('',(1.,0.,0.));
#7478=DIRECTION('',(0.,1.,0.));
#7479=DIRECTION('',(0.,-1.,0.));
#7480=DIRECTION('',(-1.,0.,0.));
#7481=DIRECTION('',(0.,0.,1.));
#7482=DIRECTION('',(1.,0.,0.));
#7483=DIRECTION('',(0.,1.,0.));
#7484=DIRECTION('',(0.,-1.,0.));
#7485=DIRECTION('',(-1.,0.,0.));
#7486=DIRECTION('',(0.,0.,1.));
#7487=DIRECTION('',(1.,0.,0.));
#7488=DIRECTION('',(0.,1.,0.));
#7489=DIRECTION('',(0.,-1.,0.));
#7490=DIRECTION('',(-1.,0.,0.));
#7491=DIRECTION('',(0.,0.,1.));
#7492=DIRECTION('',(1.,0.,0.));
#7493=DIRECTION('',(0.,1.,0.));
#7494=DIRECTION('',(0.,-1.,0.));
#7495=DIRECTION('',(-1.,0.,0.));
#7496=DIRECTION('',(0.,0.,1.));
#7497=DIRECTION('',(1.,0.,0.));
#7498=DIRECTION('',(0.,1.,0.));
#7499=DIRECTION('',(0.,-1.,0.));
#7500=DIRECTION('',(-1.,0.,0.));
#7501=DIRECTION('',(0.,-1.,0.));
#7502=DIRECTION('',(0.,0.,-1.));
#7503=DIRECTION('',(0.,0.,1.));
#7504=DIRECTION('',(0.,0.,-1.));
#7505=DIRECTION('',(-1.,0.,0.));
#7506=DIRECTION('',(0.,-1.,0.));
#7507=DIRECTION('',(0.,0.,-1.));
#7508=DIRECTION('',(0.,0.,1.));
#7509=DIRECTION('',(0.,0.,-1.));
#7510=DIRECTION('',(-1.,0.,0.));
#7511=DIRECTION('',(0.,-1.,0.));
#7512=DIRECTION('',(0.,0.,-1.));
#7513=DIRECTION('',(0.,0.,1.));
#7514=DIRECTION('',(0.,0.,-1.));
#7515=DIRECTION('',(-1.,0.,0.));
#7516=DIRECTION('',(0.,-1.,0.));
#7517=DIRECTION('',(0.,0.,-1.));
#7518=DIRECTION('',(0.,0.,1.));
#7519=DIRECTION('',(0.,0.,-1.));
#7520=DIRECTION('',(-1.,0.,0.));
#7521=DIRECTION('',(0.,-1.,0.));
#7522=DIRECTION('',(0.,0.,-1.));
#7523=DIRECTION('',(0.,0.,1.));
#7524=DIRECTION('',(0.,0.,-1.));
#7525=DIRECTION('',(-1.,0.,0.));
#7526=DIRECTION('',(0.,-1.,0.));
#7527=DIRECTION('',(0.,0.,-1.));
#7528=DIRECTION('',(0.,0.,1.));
#7529=DIRECTION('',(0.,0.,-1.));
#7530=DIRECTION('',(-1.,0.,0.));
#7531=DIRECTION('',(0.,-1.,0.));
#7532=DIRECTION('',(0.,0.,-1.));
#7533=DIRECTION('',(0.,0.,1.));
#7534=DIRECTION('',(0.,0.,-1.));
#7535=DIRECTION('',(-1.,0.,0.));
#7536=DIRECTION('',(0.,-1.,0.));
#7537=DIRECTION('',(0.,0.,-1.));
#7538=DIRECTION('',(0.,0.,1.));
#7539=DIRECTION('',(0.,0.,-1.));
#7540=DIRECTION('',(-1.,0.,0.));
#7541=DIRECTION('',(0.,-1.,0.));
#7542=DIRECTION('',(0.,0.,-1.));
#7543=DIRECTION('',(0.,0.,1.));
#7544=DIRECTION('',(0.,0.,-1.));
#7545=DIRECTION('',(-1.,0.,0.));
#7546=DIRECTION('',(0.,-1.,0.));
#7547=DIRECTION('',(0.,0.,-1.));
#7548=DIRECTION('',(0.,0.,1.));
#7549=DIRECTION('',(0.,0.,-1.));
#7550=DIRECTION('',(-1.,0.,0.));
#7551=DIRECTION('',(-1.,0.,0.));
#7552=DIRECTION('',(0.,0.,1.));
#7553=DIRECTION('',(-1.,0.,0.));
#7554=DIRECTION('',(1.,0.,0.));
#7555=DIRECTION('',(0.,0.,-1.));
#7556=DIRECTION('',(-1.,0.,0.));
#7557=DIRECTION('',(0.,0.,1.));
#7558=DIRECTION('',(-1.,0.,0.));
#7559=DIRECTION('',(0.,0.,1.));
#7560=DIRECTION('',(-1.,0.,0.));
#7561=DIRECTION('',(1.,0.,0.));
#7562=DIRECTION('',(0.,0.,-1.));
#7563=DIRECTION('',(-1.,0.,0.));
#7564=DIRECTION('',(0.,0.,1.));
#7565=DIRECTION('',(-1.,0.,0.));
#7566=DIRECTION('',(0.,0.,1.));
#7567=DIRECTION('',(-1.,0.,0.));
#7568=DIRECTION('',(1.,0.,0.));
#7569=DIRECTION('',(0.,0.,-1.));
#7570=DIRECTION('',(-1.,0.,0.));
#7571=DIRECTION('',(0.,0.,1.));
#7572=DIRECTION('',(-1.,0.,0.));
#7573=DIRECTION('',(0.,0.,1.));
#7574=DIRECTION('',(-1.,0.,0.));
#7575=DIRECTION('',(1.,0.,0.));
#7576=DIRECTION('',(0.,0.,-1.));
#7577=DIRECTION('',(-1.,0.,0.));
#7578=DIRECTION('',(0.,0.,1.));
#7579=DIRECTION('',(-1.,0.,0.));
#7580=DIRECTION('',(0.,0.,1.));
#7581=DIRECTION('',(-1.,0.,0.));
#7582=DIRECTION('',(1.,0.,0.));
#7583=DIRECTION('',(0.,0.,-1.));
#7584=DIRECTION('',(-1.,0.,0.));
#7585=DIRECTION('',(0.,0.,1.));
#7586=DIRECTION('',(-1.,0.,0.));
#7587=DIRECTION('',(0.,0.,1.));
#7588=DIRECTION('',(-1.,0.,0.));
#7589=DIRECTION('',(1.,0.,0.));
#7590=DIRECTION('',(0.,0.,-1.));
#7591=DIRECTION('',(-1.,0.,0.));
#7592=DIRECTION('',(0.,0.,1.));
#7593=DIRECTION('',(-1.,0.,0.));
#7594=DIRECTION('',(0.,0.,1.));
#7595=DIRECTION('',(-1.,0.,0.));
#7596=DIRECTION('',(1.,0.,0.));
#7597=DIRECTION('',(0.,0.,-1.));
#7598=DIRECTION('',(-1.,0.,0.));
#7599=DIRECTION('',(0.,0.,1.));
#7600=DIRECTION('',(-1.,0.,0.));
#7601=DIRECTION('',(0.,0.,1.));
#7602=DIRECTION('',(-1.,0.,0.));
#7603=DIRECTION('',(1.,0.,0.));
#7604=DIRECTION('',(0.,0.,-1.));
#7605=DIRECTION('',(-1.,0.,0.));
#7606=DIRECTION('',(0.,0.,1.));
#7607=DIRECTION('',(-1.,0.,0.));
#7608=DIRECTION('',(0.,0.,1.));
#7609=DIRECTION('',(-1.,0.,0.));
#7610=DIRECTION('',(1.,0.,0.));
#7611=DIRECTION('',(0.,0.,-1.));
#7612=DIRECTION('',(-1.,0.,0.));
#7613=DIRECTION('',(0.,0.,1.));
#7614=DIRECTION('',(-1.,0.,0.));
#7615=DIRECTION('',(0.,0.,1.));
#7616=DIRECTION('',(-1.,0.,0.));
#7617=DIRECTION('',(1.,0.,0.));
#7618=DIRECTION('',(0.,0.,-1.));
#7619=DIRECTION('',(-1.,0.,0.));
#7620=DIRECTION('',(0.,0.,1.));
#7621=DIRECTION('',(0.,0.,1.));
#7622=DIRECTION('',(1.,0.,0.));
#7623=DIRECTION('',(0.,1.,0.));
#7624=DIRECTION('',(0.,-1.,0.));
#7625=DIRECTION('',(-1.,0.,0.));
#7626=DIRECTION('',(0.,0.,1.));
#7627=DIRECTION('',(1.,0.,0.));
#7628=DIRECTION('',(0.,1.,0.));
#7629=DIRECTION('',(0.,-1.,0.));
#7630=DIRECTION('',(-1.,0.,0.));
#7631=DIRECTION('',(0.,0.,1.));
#7632=DIRECTION('',(1.,0.,0.));
#7633=DIRECTION('',(0.,1.,0.));
#7634=DIRECTION('',(0.,-1.,0.));
#7635=DIRECTION('',(-1.,0.,0.));
#7636=DIRECTION('',(0.,0.,1.));
#7637=DIRECTION('',(1.,0.,0.));
#7638=DIRECTION('',(0.,1.,0.));
#7639=DIRECTION('',(0.,-1.,0.));
#7640=DIRECTION('',(-1.,0.,0.));
#7641=DIRECTION('',(0.,0.,1.));
#7642=DIRECTION('',(1.,0.,0.));
#7643=DIRECTION('',(0.,1.,0.));
#7644=DIRECTION('',(0.,-1.,0.));
#7645=DIRECTION('',(-1.,0.,0.));
#7646=DIRECTION('',(0.,0.,1.));
#7647=DIRECTION('',(1.,0.,0.));
#7648=DIRECTION('',(0.,1.,0.));
#7649=DIRECTION('',(0.,-1.,0.));
#7650=DIRECTION('',(-1.,0.,0.));
#7651=DIRECTION('',(0.,0.,1.));
#7652=DIRECTION('',(1.,0.,0.));
#7653=DIRECTION('',(0.,1.,0.));
#7654=DIRECTION('',(0.,-1.,0.));
#7655=DIRECTION('',(-1.,0.,0.));
#7656=DIRECTION('',(0.,0.,1.));
#7657=DIRECTION('',(1.,0.,0.));
#7658=DIRECTION('',(0.,1.,0.));
#7659=DIRECTION('',(0.,-1.,0.));
#7660=DIRECTION('',(-1.,0.,0.));
#7661=DIRECTION('',(0.,0.,1.));
#7662=DIRECTION('',(1.,0.,0.));
#7663=DIRECTION('',(0.,1.,0.));
#7664=DIRECTION('',(0.,-1.,0.));
#7665=DIRECTION('',(-1.,0.,0.));
#7666=DIRECTION('',(0.,0.,1.));
#7667=DIRECTION('',(1.,0.,0.));
#7668=DIRECTION('',(0.,1.,0.));
#7669=DIRECTION('',(0.,-1.,0.));
#7670=DIRECTION('',(-1.,0.,0.));
#7671=DIRECTION('',(0.,0.,-1.));
#7672=DIRECTION('',(-1.,0.,0.));
#7673=DIRECTION('',(0.,-1.,0.));
#7674=DIRECTION('',(-1.,0.,0.));
#7675=DIRECTION('',(0.,1.,0.));
#7676=DIRECTION('',(-1.,0.,0.));
#7677=DIRECTION('',(0.,0.,-1.));
#7678=DIRECTION('',(-1.,0.,0.));
#7679=DIRECTION('',(0.,-1.,0.));
#7680=DIRECTION('',(-1.,0.,0.));
#7681=DIRECTION('',(0.,1.,0.));
#7682=DIRECTION('',(-1.,0.,0.));
#7683=DIRECTION('',(0.,0.,-1.));
#7684=DIRECTION('',(-1.,0.,0.));
#7685=DIRECTION('',(0.,-1.,0.));
#7686=DIRECTION('',(-1.,0.,0.));
#7687=DIRECTION('',(0.,1.,0.));
#7688=DIRECTION('',(-1.,0.,0.));
#7689=DIRECTION('',(0.,0.,-1.));
#7690=DIRECTION('',(-1.,0.,0.));
#7691=DIRECTION('',(0.,-1.,0.));
#7692=DIRECTION('',(-1.,0.,0.));
#7693=DIRECTION('',(0.,1.,0.));
#7694=DIRECTION('',(-1.,0.,0.));
#7695=DIRECTION('',(0.,0.,-1.));
#7696=DIRECTION('',(-1.,0.,0.));
#7697=DIRECTION('',(0.,-1.,0.));
#7698=DIRECTION('',(-1.,0.,0.));
#7699=DIRECTION('',(0.,1.,0.));
#7700=DIRECTION('',(-1.,0.,0.));
#7701=DIRECTION('',(0.,0.,-1.));
#7702=DIRECTION('',(-1.,0.,0.));
#7703=DIRECTION('',(0.,-1.,0.));
#7704=DIRECTION('',(-1.,0.,0.));
#7705=DIRECTION('',(0.,1.,0.));
#7706=DIRECTION('',(-1.,0.,0.));
#7707=DIRECTION('',(0.,0.,-1.));
#7708=DIRECTION('',(-1.,0.,0.));
#7709=DIRECTION('',(0.,-1.,0.));
#7710=DIRECTION('',(-1.,0.,0.));
#7711=DIRECTION('',(0.,1.,0.));
#7712=DIRECTION('',(-1.,0.,0.));
#7713=DIRECTION('',(0.,0.,-1.));
#7714=DIRECTION('',(-1.,0.,0.));
#7715=DIRECTION('',(0.,-1.,0.));
#7716=DIRECTION('',(-1.,0.,0.));
#7717=DIRECTION('',(0.,1.,0.));
#7718=DIRECTION('',(-1.,0.,0.));
#7719=DIRECTION('',(0.,0.,-1.));
#7720=DIRECTION('',(-1.,0.,0.));
#7721=DIRECTION('',(0.,-1.,0.));
#7722=DIRECTION('',(-1.,0.,0.));
#7723=DIRECTION('',(0.,1.,0.));
#7724=DIRECTION('',(-1.,0.,0.));
#7725=DIRECTION('',(0.,0.,-1.));
#7726=DIRECTION('',(-1.,0.,0.));
#7727=DIRECTION('',(0.,-1.,0.));
#7728=DIRECTION('',(-1.,0.,0.));
#7729=DIRECTION('',(0.,1.,0.));
#7730=DIRECTION('',(-1.,0.,0.));
#7731=DIRECTION('',(-1.,0.,0.));
#7732=DIRECTION('',(0.,0.,1.));
#7733=DIRECTION('',(1.,0.,0.));
#7734=DIRECTION('',(0.,0.,-1.));
#7735=DIRECTION('',(-1.,0.,0.));
#7736=DIRECTION('',(0.,0.,1.));
#7737=DIRECTION('',(-1.,0.,0.));
#7738=DIRECTION('',(0.,0.,1.));
#7739=DIRECTION('',(1.,0.,0.));
#7740=DIRECTION('',(0.,0.,-1.));
#7741=DIRECTION('',(-1.,0.,0.));
#7742=DIRECTION('',(0.,0.,1.));
#7743=DIRECTION('',(-1.,0.,0.));
#7744=DIRECTION('',(0.,0.,1.));
#7745=DIRECTION('',(1.,0.,0.));
#7746=DIRECTION('',(0.,0.,-1.));
#7747=DIRECTION('',(-1.,0.,0.));
#7748=DIRECTION('',(0.,0.,1.));
#7749=DIRECTION('',(-1.,0.,0.));
#7750=DIRECTION('',(0.,0.,1.));
#7751=DIRECTION('',(1.,0.,0.));
#7752=DIRECTION('',(0.,0.,-1.));
#7753=DIRECTION('',(-1.,0.,0.));
#7754=DIRECTION('',(0.,0.,1.));
#7755=DIRECTION('',(-1.,0.,0.));
#7756=DIRECTION('',(0.,0.,1.));
#7757=DIRECTION('',(1.,0.,0.));
#7758=DIRECTION('',(0.,0.,-1.));
#7759=DIRECTION('',(-1.,0.,0.));
#7760=DIRECTION('',(0.,0.,1.));
#7761=DIRECTION('',(-1.,0.,0.));
#7762=DIRECTION('',(0.,0.,1.));
#7763=DIRECTION('',(1.,0.,0.));
#7764=DIRECTION('',(0.,0.,-1.));
#7765=DIRECTION('',(-1.,0.,0.));
#7766=DIRECTION('',(0.,0.,1.));
#7767=DIRECTION('',(-1.,0.,0.));
#7768=DIRECTION('',(0.,0.,1.));
#7769=DIRECTION('',(1.,0.,0.));
#7770=DIRECTION('',(0.,0.,-1.));
#7771=DIRECTION('',(-1.,0.,0.));
#7772=DIRECTION('',(0.,0.,1.));
#7773=DIRECTION('',(-1.,0.,0.));
#7774=DIRECTION('',(0.,0.,1.));
#7775=DIRECTION('',(1.,0.,0.));
#7776=DIRECTION('',(0.,0.,-1.));
#7777=DIRECTION('',(-1.,0.,0.));
#7778=DIRECTION('',(0.,0.,1.));
#7779=DIRECTION('',(-1.,0.,0.));
#7780=DIRECTION('',(0.,0.,1.));
#7781=DIRECTION('',(1.,0.,0.));
#7782=DIRECTION('',(0.,0.,-1.));
#7783=DIRECTION('',(-1.,0.,0.));
#7784=DIRECTION('',(0.,0.,1.));
#7785=DIRECTION('',(-1.,0.,0.));
#7786=DIRECTION('',(0.,0.,1.));
#7787=DIRECTION('',(1.,0.,0.));
#7788=DIRECTION('',(0.,0.,-1.));
#7789=DIRECTION('',(-1.,0.,0.));
#7790=DIRECTION('',(0.,0.,1.));
#7791=DIRECTION('',(1.,0.,0.));
#7792=DIRECTION('',(0.,0.,-1.));
#7793=DIRECTION('',(0.,-1.,0.));
#7794=DIRECTION('',(0.,2.13425624505021E-16,-1.));
#7795=DIRECTION('',(0.,1.,0.));
#7796=DIRECTION('',(0.,0.,1.));
#7797=DIRECTION('',(1.,0.,0.));
#7798=DIRECTION('',(0.,0.,-1.));
#7799=DIRECTION('',(0.,1.,0.));
#7800=DIRECTION('',(0.,0.,-1.));
#7801=DIRECTION('',(0.,-1.,0.));
#7802=DIRECTION('',(0.,0.,1.));
#7803=DIRECTION('',(0.,0.,1.));
#7804=DIRECTION('',(1.,0.,0.));
#7805=DIRECTION('',(-1.,0.,0.));
#7806=DIRECTION('',(-1.,0.,0.));
#7807=DIRECTION('',(0.,-1.,0.));
#7808=DIRECTION('',(0.,0.,-1.));
#7809=DIRECTION('',(-1.,0.,0.));
#7810=DIRECTION('',(0.,0.,-1.));
#7811=DIRECTION('',(-1.,0.,0.));
#7812=DIRECTION('',(-1.,0.,0.));
#7813=DIRECTION('',(0.,1.,0.));
#7814=DIRECTION('',(0.,0.,1.));
#7815=DIRECTION('',(0.,0.,-1.));
#7816=DIRECTION('',(0.,0.,-1.));
#7817=DIRECTION('',(0.,0.,-1.));
#7818=DIRECTION('',(0.,0.,-1.));
#7819=DIRECTION('',(0.,0.,-1.));
#7820=DIRECTION('',(0.,0.,-1.));
#7821=DIRECTION('',(0.,0.,-1.));
#7822=DIRECTION('',(0.,0.,-1.));
#7823=DIRECTION('',(0.,0.,-1.));
#7824=DIRECTION('',(0.,0.,-1.));
#7825=DIRECTION('',(0.,0.,-1.));
#7826=DIRECTION('',(0.,0.,-1.));
#7827=DIRECTION('',(0.,0.,-1.));
#7828=DIRECTION('',(0.,0.,-1.));
#7829=DIRECTION('',(0.,0.,-1.));
#7830=DIRECTION('',(0.,0.,-1.));
#7831=DIRECTION('',(0.,0.,-1.));
#7832=DIRECTION('',(0.,0.,-1.));
#7833=DIRECTION('',(0.,0.,-1.));
#7834=DIRECTION('',(0.,0.,-1.));
#7835=DIRECTION('',(0.,0.,-1.));
#7836=DIRECTION('',(0.,0.,-1.));
#7837=DIRECTION('',(0.,0.,-1.));
#7838=DIRECTION('',(0.,0.,-1.));
#7839=DIRECTION('',(0.,0.,-1.));
#7840=DIRECTION('',(0.,0.,-1.));
#7841=DIRECTION('',(0.,0.,-1.));
#7842=DIRECTION('',(0.,0.,-1.));
#7843=DIRECTION('',(0.,0.,-1.));
#7844=DIRECTION('',(0.,0.,-1.));
#7845=DIRECTION('',(0.,0.,-1.));
#7846=DIRECTION('',(0.,0.,-1.));
#7847=DIRECTION('',(0.,0.,-1.));
#7848=DIRECTION('',(0.,0.,-1.));
#7849=DIRECTION('',(0.,0.,-1.));
#7850=DIRECTION('',(0.,0.,-1.));
#7851=DIRECTION('',(0.,0.,-1.));
#7852=DIRECTION('',(0.,0.,-1.));
#7853=DIRECTION('',(0.,0.,-1.));
#7854=DIRECTION('',(0.,0.,-1.));
#7855=DIRECTION('',(-1.,0.,0.));
#7856=DIRECTION('',(0.,0.,1.));
#7857=DIRECTION('',(-1.,0.,0.));
#7858=DIRECTION('',(0.,0.,1.));
#7859=DIRECTION('',(1.,0.,0.));
#7860=DIRECTION('',(0.,0.,-1.));
#7861=DIRECTION('',(1.,0.,0.));
#7862=DIRECTION('',(0.,0.,-1.));
#7863=DIRECTION('',(-1.,0.,0.));
#7864=DIRECTION('',(0.,0.,1.));
#7865=DIRECTION('',(1.,0.,0.));
#7866=DIRECTION('',(0.,0.,-1.));
#7867=DIRECTION('',(-1.,0.,0.));
#7868=DIRECTION('',(0.,0.,1.));
#7869=DIRECTION('',(1.,0.,0.));
#7870=DIRECTION('',(0.,0.,-1.));
#7871=DIRECTION('',(-1.,0.,0.));
#7872=DIRECTION('',(0.,0.,1.));
#7873=DIRECTION('',(1.,0.,0.));
#7874=DIRECTION('',(0.,0.,-1.));
#7875=DIRECTION('',(-1.,0.,0.));
#7876=DIRECTION('',(0.,0.,1.));
#7877=DIRECTION('',(1.,0.,0.));
#7878=DIRECTION('',(0.,0.,-1.));
#7879=DIRECTION('',(-1.,0.,0.));
#7880=DIRECTION('',(0.,0.,1.));
#7881=DIRECTION('',(1.,0.,0.));
#7882=DIRECTION('',(0.,0.,-1.));
#7883=DIRECTION('',(-1.,0.,0.));
#7884=DIRECTION('',(0.,0.,1.));
#7885=DIRECTION('',(1.,0.,0.));
#7886=DIRECTION('',(0.,0.,-1.));
#7887=DIRECTION('',(-1.,0.,0.));
#7888=DIRECTION('',(0.,0.,1.));
#7889=DIRECTION('',(1.,0.,0.));
#7890=DIRECTION('',(0.,0.,-1.));
#7891=DIRECTION('',(-1.,0.,0.));
#7892=DIRECTION('',(0.,0.,1.));
#7893=DIRECTION('',(1.,0.,0.));
#7894=DIRECTION('',(0.,0.,-1.));
#7895=DIRECTION('',(-1.,0.,0.));
#7896=DIRECTION('',(0.,0.,1.));
#7897=DIRECTION('',(1.,0.,0.));
#7898=DIRECTION('',(0.,0.,-1.));
#7899=DIRECTION('',(1.,0.,0.));
#7900=DIRECTION('',(0.,0.,-1.));
#7901=DIRECTION('',(-1.,0.,0.));
#7902=DIRECTION('',(0.,0.,1.));
#7903=DIRECTION('',(1.,0.,0.));
#7904=DIRECTION('',(0.,0.,-1.));
#7905=DIRECTION('',(-1.,0.,0.));
#7906=DIRECTION('',(0.,0.,1.));
#7907=DIRECTION('',(1.,0.,0.));
#7908=DIRECTION('',(0.,0.,-1.));
#7909=DIRECTION('',(-1.,0.,0.));
#7910=DIRECTION('',(0.,0.,1.));
#7911=DIRECTION('',(1.,0.,0.));
#7912=DIRECTION('',(0.,0.,-1.));
#7913=DIRECTION('',(-1.,0.,0.));
#7914=DIRECTION('',(0.,0.,1.));
#7915=DIRECTION('',(1.,0.,0.));
#7916=DIRECTION('',(0.,0.,-1.));
#7917=DIRECTION('',(-1.,0.,0.));
#7918=DIRECTION('',(0.,0.,1.));
#7919=DIRECTION('',(1.,0.,0.));
#7920=DIRECTION('',(0.,0.,-1.));
#7921=DIRECTION('',(-1.,0.,0.));
#7922=DIRECTION('',(0.,0.,1.));
#7923=DIRECTION('',(1.,0.,0.));
#7924=DIRECTION('',(0.,0.,-1.));
#7925=DIRECTION('',(-1.,0.,0.));
#7926=DIRECTION('',(0.,0.,1.));
#7927=DIRECTION('',(1.,0.,0.));
#7928=DIRECTION('',(0.,0.,-1.));
#7929=DIRECTION('',(-1.,0.,0.));
#7930=DIRECTION('',(0.,0.,1.));
#7931=DIRECTION('',(-1.,0.,0.));
#7932=DIRECTION('',(0.,0.,1.));
#7933=DIRECTION('',(1.,0.,0.));
#7934=DIRECTION('',(0.,0.,-1.));
#7935=DIRECTION('',(0.,0.,1.));
#7936=DIRECTION('',(1.,0.,0.));
#7937=CARTESIAN_POINT('',(0.,0.,0.));
#7938=CARTESIAN_POINT('',(0.,0.,0.));
#7939=CARTESIAN_POINT('',(0.2875,0.,0.));
#7940=CARTESIAN_POINT('',(0.2875,0.,0.025));
#7941=CARTESIAN_POINT('',(0.2875,0.,-0.025));
#7942=CARTESIAN_POINT('',(0.2575,0.,0.025));
#7943=CARTESIAN_POINT('',(0.2575,0.,0.025));
#7944=CARTESIAN_POINT('',(0.2575,0.,0.06));
#7945=CARTESIAN_POINT('',(0.2575,0.,0.06));
#7946=CARTESIAN_POINT('',(-0.3125,0.,0.06));
#7947=CARTESIAN_POINT('',(0.25,0.,0.06));
#7948=CARTESIAN_POINT('',(0.25,0.,0.));
#7949=CARTESIAN_POINT('',(0.25,0.,-0.06));
#7950=CARTESIAN_POINT('',(0.3125,0.,-0.06));
#7951=CARTESIAN_POINT('',(0.2575,0.,-0.06));
#7952=CARTESIAN_POINT('',(0.2575,0.,-0.025));
#7953=CARTESIAN_POINT('',(0.2575,0.,-0.025));
#7954=CARTESIAN_POINT('',(0.2925,0.,-0.025));
#7955=CARTESIAN_POINT('',(0.,0.,0.));
#7956=CARTESIAN_POINT('',(0.2875,0.,0.));
#7957=CARTESIAN_POINT('',(0.3125,0.,1.70740499604016E-17));
#7958=CARTESIAN_POINT('',(0.2925,0.,-0.025));
#7959=CARTESIAN_POINT('',(0.2925,0.,-0.025));
#7960=CARTESIAN_POINT('',(0.2925,0.,-0.00499999999999997));
#7961=CARTESIAN_POINT('',(0.3125,0.,-0.00499999999999998));
#7962=CARTESIAN_POINT('',(0.3125,0.,0.06));
#7963=CARTESIAN_POINT('',(0.,0.,0.));
#7964=CARTESIAN_POINT('',(-0.2875,0.,0.));
#7965=CARTESIAN_POINT('',(-0.2875,0.,0.025));
#7966=CARTESIAN_POINT('',(-0.3125,0.,-1.70740499604016E-17));
#7967=CARTESIAN_POINT('',(-0.2925,0.,0.025));
#7968=CARTESIAN_POINT('',(-0.2925,0.,0.025));
#7969=CARTESIAN_POINT('',(-0.2925,0.,0.00499999999999997));
#7970=CARTESIAN_POINT('',(-0.3125,0.,0.00499999999999997));
#7971=CARTESIAN_POINT('',(-0.3125,0.,-0.06));
#7972=CARTESIAN_POINT('',(0.,0.,0.));
#7973=CARTESIAN_POINT('',(-0.2875,0.,0.));
#7974=CARTESIAN_POINT('',(-0.2875,0.,-0.025));
#7975=CARTESIAN_POINT('',(-0.3125,0.,-0.06));
#7976=CARTESIAN_POINT('',(-0.3125,0.,-0.00500000000000001));
#7977=CARTESIAN_POINT('',(-0.2925,0.,-0.00499999999999999));
#7978=CARTESIAN_POINT('',(-0.2925,0.,-0.025));
#7979=CARTESIAN_POINT('',(-0.2575,0.,-0.025));
#7980=CARTESIAN_POINT('',(0.3125,0.18,-0.06));
#7981=CARTESIAN_POINT('',(-0.25,0.18,-0.06));
#7982=CARTESIAN_POINT('',(-0.25,2.13425624505021E-18,-0.0599999999999999));
#7983=CARTESIAN_POINT('',(-0.25,0.015,-0.0599999999999999));
#7984=CARTESIAN_POINT('',(0.3125,0.,-0.06));
#7985=CARTESIAN_POINT('',(-0.2575,0.,-0.06));
#7986=CARTESIAN_POINT('',(-0.2575,0.,-0.06));
#7987=CARTESIAN_POINT('',(-0.2575,0.18,-0.06));
#7988=CARTESIAN_POINT('',(0.3125,0.18,-0.06));
#7989=CARTESIAN_POINT('',(-0.2375,0.18,-0.06));
#7990=CARTESIAN_POINT('',(-0.2375,0.18,-0.06));
#7991=CARTESIAN_POINT('',(-0.2375,0.115,-0.06));
#7992=CARTESIAN_POINT('',(-0.1775,0.115,-0.06));
#7993=CARTESIAN_POINT('',(-0.1775,0.115,-0.06));
#7994=CARTESIAN_POINT('',(-0.1775,0.18,-0.06));
#7995=CARTESIAN_POINT('',(-0.1775,0.18,-0.06));
#7996=CARTESIAN_POINT('',(0.3125,0.18,-0.06));
#7997=CARTESIAN_POINT('',(0.2575,0.18,-0.06));
#7998=CARTESIAN_POINT('',(0.2575,0.,-0.06));
#7999=CARTESIAN_POINT('',(0.25,0.18,-0.06));
#8000=CARTESIAN_POINT('',(0.25,0.015,-0.0599999999999999));
#8001=CARTESIAN_POINT('',(0.3125,0.015,-0.06));
#8002=CARTESIAN_POINT('',(-0.3125,0.18,0.06));
#8003=CARTESIAN_POINT('',(-0.25,0.18,0.06));
#8004=CARTESIAN_POINT('',(-0.25,0.015,0.06));
#8005=CARTESIAN_POINT('',(-0.25,2.13425624505021E-18,0.06));
#8006=CARTESIAN_POINT('',(-0.3125,0.015,0.06));
#8007=CARTESIAN_POINT('',(0.25,0.015,0.06));
#8008=CARTESIAN_POINT('',(0.25,0.18,0.06));
#8009=CARTESIAN_POINT('',(0.2575,0.,0.06));
#8010=CARTESIAN_POINT('',(0.2575,0.18,0.06));
#8011=CARTESIAN_POINT('',(-0.3125,0.18,0.06));
#8012=CARTESIAN_POINT('',(-0.2575,0.18,0.06));
#8013=CARTESIAN_POINT('',(-0.2575,0.,0.06));
#8014=CARTESIAN_POINT('',(-0.2575,0.,0.06));
#8015=CARTESIAN_POINT('',(-0.3125,0.,0.06));
#8016=CARTESIAN_POINT('',(0.,0.,0.));
#8017=CARTESIAN_POINT('',(-0.2875,0.,0.));
#8018=CARTESIAN_POINT('',(-0.2575,0.,-0.025));
#8019=CARTESIAN_POINT('',(-0.2575,0.,-0.025));
#8020=CARTESIAN_POINT('',(-0.2575,0.,-0.06));
#8021=CARTESIAN_POINT('',(-0.25,0.,0.));
#8022=CARTESIAN_POINT('',(-0.2575,0.,0.025));
#8023=CARTESIAN_POINT('',(-0.2575,0.,0.025));
#8024=CARTESIAN_POINT('',(-0.2925,0.,0.025));
#8025=CARTESIAN_POINT('',(0.,0.,0.));
#8026=CARTESIAN_POINT('',(0.2875,0.,0.));
#8027=CARTESIAN_POINT('',(0.3125,0.,0.06));
#8028=CARTESIAN_POINT('',(0.3125,0.,0.00500000000000001));
#8029=CARTESIAN_POINT('',(0.2925,0.,0.00499999999999999));
#8030=CARTESIAN_POINT('',(0.2925,0.,0.025));
#8031=CARTESIAN_POINT('',(0.2575,0.,0.025));
#8032=CARTESIAN_POINT('',(-0.3125,0.18,-0.06));
#8033=CARTESIAN_POINT('',(-0.3125,0.109,0.12));
#8034=CARTESIAN_POINT('',(-0.3125,0.109,0.00499999999999997));
#8035=CARTESIAN_POINT('',(-0.3125,0.109,-0.00499999999999999));
#8036=CARTESIAN_POINT('',(-0.3125,0.,-0.00500000000000001));
#8037=CARTESIAN_POINT('',(-0.3125,0.,0.00500000000000001));
#8038=CARTESIAN_POINT('',(0.3125,0.18,0.06));
#8039=CARTESIAN_POINT('',(0.3125,0.109,0.12));
#8040=CARTESIAN_POINT('',(0.3125,0.109,0.00500000000000003));
#8041=CARTESIAN_POINT('',(0.3125,0.109,-0.00499999999999993));
#8042=CARTESIAN_POINT('',(0.3125,0.,0.00500000000000001));
#8043=CARTESIAN_POINT('',(0.3125,0.,-0.005));
#8044=CARTESIAN_POINT('',(0.,0.18,0.));
#8045=CARTESIAN_POINT('',(-0.115,0.18,0.015));
#8046=CARTESIAN_POINT('',(-0.115,0.18,0.015));
#8047=CARTESIAN_POINT('',(-0.135,0.18,0.015));
#8048=CARTESIAN_POINT('',(-0.115,0.18,0.035));
#8049=CARTESIAN_POINT('',(-0.115,0.18,0.035));
#8050=CARTESIAN_POINT('',(-0.135,0.18,0.035));
#8051=CARTESIAN_POINT('',(-0.135,0.18,0.035));
#8052=CARTESIAN_POINT('',(-0.135,0.18,0.015));
#8053=CARTESIAN_POINT('',(-0.065,0.18,0.015));
#8054=CARTESIAN_POINT('',(-0.065,0.18,0.015));
#8055=CARTESIAN_POINT('',(-0.085,0.18,0.015));
#8056=CARTESIAN_POINT('',(-0.065,0.18,0.035));
#8057=CARTESIAN_POINT('',(-0.065,0.18,0.035));
#8058=CARTESIAN_POINT('',(-0.085,0.18,0.035));
#8059=CARTESIAN_POINT('',(-0.085,0.18,0.035));
#8060=CARTESIAN_POINT('',(-0.085,0.18,0.015));
#8061=CARTESIAN_POINT('',(-0.015,0.18,0.015));
#8062=CARTESIAN_POINT('',(-0.015,0.18,0.015));
#8063=CARTESIAN_POINT('',(-0.035,0.18,0.015));
#8064=CARTESIAN_POINT('',(-0.015,0.18,0.035));
#8065=CARTESIAN_POINT('',(-0.015,0.18,0.035));
#8066=CARTESIAN_POINT('',(-0.035,0.18,0.035));
#8067=CARTESIAN_POINT('',(-0.035,0.18,0.035));
#8068=CARTESIAN_POINT('',(-0.035,0.18,0.015));
#8069=CARTESIAN_POINT('',(0.035,0.18,0.015));
#8070=CARTESIAN_POINT('',(0.035,0.18,0.015));
#8071=CARTESIAN_POINT('',(0.015,0.18,0.015));
#8072=CARTESIAN_POINT('',(0.035,0.18,0.035));
#8073=CARTESIAN_POINT('',(0.035,0.18,0.035));
#8074=CARTESIAN_POINT('',(0.015,0.18,0.035));
#8075=CARTESIAN_POINT('',(0.015,0.18,0.035));
#8076=CARTESIAN_POINT('',(0.015,0.18,0.015));
#8077=CARTESIAN_POINT('',(0.085,0.18,0.015));
#8078=CARTESIAN_POINT('',(0.085,0.18,0.015));
#8079=CARTESIAN_POINT('',(0.065,0.18,0.015));
#8080=CARTESIAN_POINT('',(0.085,0.18,0.035));
#8081=CARTESIAN_POINT('',(0.085,0.18,0.035));
#8082=CARTESIAN_POINT('',(0.065,0.18,0.035));
#8083=CARTESIAN_POINT('',(0.065,0.18,0.035));
#8084=CARTESIAN_POINT('',(0.065,0.18,0.015));
#8085=CARTESIAN_POINT('',(0.135,0.18,0.015));
#8086=CARTESIAN_POINT('',(0.135,0.18,0.015));
#8087=CARTESIAN_POINT('',(0.115,0.18,0.015));
#8088=CARTESIAN_POINT('',(0.135,0.18,0.035));
#8089=CARTESIAN_POINT('',(0.135,0.18,0.035));
#8090=CARTESIAN_POINT('',(0.115,0.18,0.035));
#8091=CARTESIAN_POINT('',(0.115,0.18,0.035));
#8092=CARTESIAN_POINT('',(0.115,0.18,0.015));
#8093=CARTESIAN_POINT('',(0.185,0.18,0.015));
#8094=CARTESIAN_POINT('',(0.185,0.18,0.015));
#8095=CARTESIAN_POINT('',(0.165,0.18,0.015));
#8096=CARTESIAN_POINT('',(0.185,0.18,0.035));
#8097=CARTESIAN_POINT('',(0.185,0.18,0.035));
#8098=CARTESIAN_POINT('',(0.165,0.18,0.035));
#8099=CARTESIAN_POINT('',(0.165,0.18,0.035));
#8100=CARTESIAN_POINT('',(0.165,0.18,0.015));
#8101=CARTESIAN_POINT('',(0.235,0.18,0.015));
#8102=CARTESIAN_POINT('',(0.235,0.18,0.015));
#8103=CARTESIAN_POINT('',(0.215,0.18,0.015));
#8104=CARTESIAN_POINT('',(0.235,0.18,0.035));
#8105=CARTESIAN_POINT('',(0.235,0.18,0.035));
#8106=CARTESIAN_POINT('',(0.215,0.18,0.035));
#8107=CARTESIAN_POINT('',(0.215,0.18,0.035));
#8108=CARTESIAN_POINT('',(0.215,0.18,0.015));
#8109=CARTESIAN_POINT('',(-0.215,0.18,-0.035));
#8110=CARTESIAN_POINT('',(-0.215,0.18,-0.035));
#8111=CARTESIAN_POINT('',(-0.235,0.18,-0.035));
#8112=CARTESIAN_POINT('',(-0.215,0.18,-0.015));
#8113=CARTESIAN_POINT('',(-0.215,0.18,-0.015));
#8114=CARTESIAN_POINT('',(-0.235,0.18,-0.015));
#8115=CARTESIAN_POINT('',(-0.235,0.18,-0.015));
#8116=CARTESIAN_POINT('',(-0.235,0.18,-0.035));
#8117=CARTESIAN_POINT('',(-0.165,0.18,-0.035));
#8118=CARTESIAN_POINT('',(-0.165,0.18,-0.035));
#8119=CARTESIAN_POINT('',(-0.185,0.18,-0.035));
#8120=CARTESIAN_POINT('',(-0.165,0.18,-0.015));
#8121=CARTESIAN_POINT('',(-0.165,0.18,-0.015));
#8122=CARTESIAN_POINT('',(-0.185,0.18,-0.015));
#8123=CARTESIAN_POINT('',(-0.185,0.18,-0.015));
#8124=CARTESIAN_POINT('',(-0.185,0.18,-0.035));
#8125=CARTESIAN_POINT('',(-0.115,0.18,-0.035));
#8126=CARTESIAN_POINT('',(-0.115,0.18,-0.035));
#8127=CARTESIAN_POINT('',(-0.135,0.18,-0.035));
#8128=CARTESIAN_POINT('',(-0.115,0.18,-0.015));
#8129=CARTESIAN_POINT('',(-0.115,0.18,-0.015));
#8130=CARTESIAN_POINT('',(-0.135,0.18,-0.015));
#8131=CARTESIAN_POINT('',(-0.135,0.18,-0.015));
#8132=CARTESIAN_POINT('',(-0.135,0.18,-0.035));
#8133=CARTESIAN_POINT('',(-0.065,0.18,-0.035));
#8134=CARTESIAN_POINT('',(-0.065,0.18,-0.035));
#8135=CARTESIAN_POINT('',(-0.085,0.18,-0.035));
#8136=CARTESIAN_POINT('',(-0.065,0.18,-0.015));
#8137=CARTESIAN_POINT('',(-0.065,0.18,-0.015));
#8138=CARTESIAN_POINT('',(-0.085,0.18,-0.015));
#8139=CARTESIAN_POINT('',(-0.085,0.18,-0.015));
#8140=CARTESIAN_POINT('',(-0.085,0.18,-0.035));
#8141=CARTESIAN_POINT('',(-0.015,0.18,-0.035));
#8142=CARTESIAN_POINT('',(-0.015,0.18,-0.035));
#8143=CARTESIAN_POINT('',(-0.035,0.18,-0.035));
#8144=CARTESIAN_POINT('',(-0.015,0.18,-0.015));
#8145=CARTESIAN_POINT('',(-0.015,0.18,-0.015));
#8146=CARTESIAN_POINT('',(-0.035,0.18,-0.015));
#8147=CARTESIAN_POINT('',(-0.035,0.18,-0.015));
#8148=CARTESIAN_POINT('',(-0.035,0.18,-0.035));
#8149=CARTESIAN_POINT('',(0.035,0.18,-0.035));
#8150=CARTESIAN_POINT('',(0.035,0.18,-0.035));
#8151=CARTESIAN_POINT('',(0.015,0.18,-0.035));
#8152=CARTESIAN_POINT('',(0.035,0.18,-0.015));
#8153=CARTESIAN_POINT('',(0.035,0.18,-0.015));
#8154=CARTESIAN_POINT('',(0.015,0.18,-0.015));
#8155=CARTESIAN_POINT('',(0.015,0.18,-0.015));
#8156=CARTESIAN_POINT('',(0.015,0.18,-0.035));
#8157=CARTESIAN_POINT('',(0.085,0.18,-0.035));
#8158=CARTESIAN_POINT('',(0.085,0.18,-0.035));
#8159=CARTESIAN_POINT('',(0.065,0.18,-0.035));
#8160=CARTESIAN_POINT('',(0.085,0.18,-0.015));
#8161=CARTESIAN_POINT('',(0.085,0.18,-0.015));
#8162=CARTESIAN_POINT('',(0.065,0.18,-0.015));
#8163=CARTESIAN_POINT('',(0.065,0.18,-0.015));
#8164=CARTESIAN_POINT('',(0.065,0.18,-0.035));
#8165=CARTESIAN_POINT('',(0.135,0.18,-0.035));
#8166=CARTESIAN_POINT('',(0.135,0.18,-0.035));
#8167=CARTESIAN_POINT('',(0.115,0.18,-0.035));
#8168=CARTESIAN_POINT('',(0.135,0.18,-0.015));
#8169=CARTESIAN_POINT('',(0.135,0.18,-0.015));
#8170=CARTESIAN_POINT('',(0.115,0.18,-0.015));
#8171=CARTESIAN_POINT('',(0.115,0.18,-0.015));
#8172=CARTESIAN_POINT('',(0.115,0.18,-0.035));
#8173=CARTESIAN_POINT('',(0.185,0.18,-0.035));
#8174=CARTESIAN_POINT('',(0.185,0.18,-0.035));
#8175=CARTESIAN_POINT('',(0.165,0.18,-0.035));
#8176=CARTESIAN_POINT('',(0.185,0.18,-0.015));
#8177=CARTESIAN_POINT('',(0.185,0.18,-0.015));
#8178=CARTESIAN_POINT('',(0.165,0.18,-0.015));
#8179=CARTESIAN_POINT('',(0.165,0.18,-0.015));
#8180=CARTESIAN_POINT('',(0.165,0.18,-0.035));
#8181=CARTESIAN_POINT('',(0.235,0.18,-0.035));
#8182=CARTESIAN_POINT('',(0.235,0.18,-0.035));
#8183=CARTESIAN_POINT('',(0.215,0.18,-0.035));
#8184=CARTESIAN_POINT('',(0.235,0.18,-0.015));
#8185=CARTESIAN_POINT('',(0.235,0.18,-0.015));
#8186=CARTESIAN_POINT('',(0.215,0.18,-0.015));
#8187=CARTESIAN_POINT('',(0.215,0.18,-0.015));
#8188=CARTESIAN_POINT('',(0.215,0.18,-0.035));
#8189=CARTESIAN_POINT('',(-0.165,0.18,0.015));
#8190=CARTESIAN_POINT('',(-0.165,0.18,0.015));
#8191=CARTESIAN_POINT('',(-0.185,0.18,0.015));
#8192=CARTESIAN_POINT('',(-0.165,0.18,0.035));
#8193=CARTESIAN_POINT('',(-0.165,0.18,0.035));
#8194=CARTESIAN_POINT('',(-0.185,0.18,0.035));
#8195=CARTESIAN_POINT('',(-0.185,0.18,0.035));
#8196=CARTESIAN_POINT('',(-0.185,0.18,0.015));
#8197=CARTESIAN_POINT('',(-0.215,0.18,0.015));
#8198=CARTESIAN_POINT('',(-0.215,0.18,0.015));
#8199=CARTESIAN_POINT('',(-0.235,0.18,0.015));
#8200=CARTESIAN_POINT('',(-0.215,0.18,0.035));
#8201=CARTESIAN_POINT('',(-0.215,0.18,0.035));
#8202=CARTESIAN_POINT('',(-0.235,0.18,0.035));
#8203=CARTESIAN_POINT('',(-0.235,0.18,0.035));
#8204=CARTESIAN_POINT('',(-0.235,0.18,0.015));
#8205=CARTESIAN_POINT('',(-0.2575,0.18,-0.06));
#8206=CARTESIAN_POINT('',(0.2575,0.18,-0.025));
#8207=CARTESIAN_POINT('',(-0.1775,0.18,-0.085));
#8208=CARTESIAN_POINT('',(-0.1775,0.18,-0.085));
#8209=CARTESIAN_POINT('',(-0.1775,0.18,-0.085));
#8210=CARTESIAN_POINT('',(-0.2375,0.18,-0.085));
#8211=CARTESIAN_POINT('',(-0.2375,0.18,-0.085));
#8212=CARTESIAN_POINT('',(-0.2925,0.,0.00499999999999997));
#8213=CARTESIAN_POINT('',(-0.2925,0.,0.025));
#8214=CARTESIAN_POINT('',(-0.2925,0.109,0.025));
#8215=CARTESIAN_POINT('',(-0.2925,0.109,0.00499999999999997));
#8216=CARTESIAN_POINT('',(-0.2925,0.,0.025));
#8217=CARTESIAN_POINT('',(-0.2575,0.,0.025));
#8218=CARTESIAN_POINT('',(-0.2575,0.109,0.025));
#8219=CARTESIAN_POINT('',(-0.2925,0.109,0.025));
#8220=CARTESIAN_POINT('',(0.2575,0.,0.025));
#8221=CARTESIAN_POINT('',(0.2925,0.,0.025));
#8222=CARTESIAN_POINT('',(0.2925,0.109,0.025));
#8223=CARTESIAN_POINT('',(0.2575,0.109,0.025));
#8224=CARTESIAN_POINT('',(0.2575,0.109,0.025));
#8225=CARTESIAN_POINT('',(0.2575,0.,0.025));
#8226=CARTESIAN_POINT('',(0.2925,0.,0.00499999999999999));
#8227=CARTESIAN_POINT('',(0.2925,0.109,0.00499999999999999));
#8228=CARTESIAN_POINT('',(0.2925,0.,-0.00499999999999997));
#8229=CARTESIAN_POINT('',(0.2925,0.,-0.025));
#8230=CARTESIAN_POINT('',(0.2925,0.109,-0.025));
#8231=CARTESIAN_POINT('',(0.2925,0.109,-0.00499999999999997));
#8232=CARTESIAN_POINT('',(0.2925,0.,-0.025));
#8233=CARTESIAN_POINT('',(0.2575,0.,-0.025));
#8234=CARTESIAN_POINT('',(0.2575,0.109,-0.025));
#8235=CARTESIAN_POINT('',(0.2925,0.109,-0.025));
#8236=CARTESIAN_POINT('',(-0.2925,0.,-0.00499999999999999));
#8237=CARTESIAN_POINT('',(-0.2925,0.109,-0.00499999999999999));
#8238=CARTESIAN_POINT('',(-0.2925,0.109,-0.025));
#8239=CARTESIAN_POINT('',(-0.2925,0.,-0.025));
#8240=CARTESIAN_POINT('',(-0.2575,0.,-0.025));
#8241=CARTESIAN_POINT('',(-0.2575,0.109,-0.025));
#8242=CARTESIAN_POINT('',(-0.2575,0.109,-0.025));
#8243=CARTESIAN_POINT('',(-0.2575,0.,-0.025));
#8244=CARTESIAN_POINT('',(0.2575,0.,-0.025));
#8245=CARTESIAN_POINT('',(0.2575,0.109,0.12));
#8246=CARTESIAN_POINT('',(-0.2575,0.,-0.06));
#8247=CARTESIAN_POINT('',(-0.2575,0.109,0.12));
#8248=CARTESIAN_POINT('',(-0.1775,0.115,-0.06));
#8249=CARTESIAN_POINT('',(-0.2375,0.115,-0.06));
#8250=CARTESIAN_POINT('',(-0.2375,0.115,-0.085));
#8251=CARTESIAN_POINT('',(-0.1775,0.115,-0.085));
#8252=CARTESIAN_POINT('',(-0.1775,0.115,-0.085));
#8253=CARTESIAN_POINT('',(-0.1775,0.115,-0.06));
#8254=CARTESIAN_POINT('',(-0.1775,0.115,-0.085));
#8255=CARTESIAN_POINT('',(-0.2375,0.115,-0.085));
#8256=CARTESIAN_POINT('',(-0.1775,0.115,-0.085));
#8257=CARTESIAN_POINT('',(-0.1775,0.,0.));
#8258=CARTESIAN_POINT('',(-0.2375,0.,0.));
#8259=CARTESIAN_POINT('',(-0.3125,0.109,0.12));
#8260=CARTESIAN_POINT('',(0.2575,0.109,0.12));
#8261=CARTESIAN_POINT('',(0.25,0.015,0.12));
#8262=CARTESIAN_POINT('',(0.25,0.015,0.12));
#8263=CARTESIAN_POINT('',(-0.25,0.015,0.12));
#8264=CARTESIAN_POINT('',(-0.25,0.015,0.12));
#8265=CARTESIAN_POINT('',(0.25,0.,0.12));
#8266=CARTESIAN_POINT('',(-0.2875,-0.05,0.));
#8267=CARTESIAN_POINT('',(-0.2875,-0.025,0.));
#8268=CARTESIAN_POINT('',(-0.2875,-0.025,-0.025));
#8269=CARTESIAN_POINT('',(-0.2875,-0.025,0.));
#8270=CARTESIAN_POINT('',(0.2875,-0.05,0.));
#8271=CARTESIAN_POINT('',(0.2875,-0.025,0.));
#8272=CARTESIAN_POINT('',(0.2875,-0.025,-0.025));
#8273=CARTESIAN_POINT('',(0.2875,-0.0249999999999999,0.));
#8274=CARTESIAN_POINT('',(-0.215,0.05,0.015));
#8275=CARTESIAN_POINT('',(-0.235,0.05,0.015));
#8276=CARTESIAN_POINT('',(-0.235,0.05,0.015));
#8277=CARTESIAN_POINT('',(-0.215,0.05,0.015));
#8278=CARTESIAN_POINT('',(-0.215,0.05,0.015));
#8279=CARTESIAN_POINT('',(-0.215,0.05,0.015));
#8280=CARTESIAN_POINT('',(-0.235,0.05,0.015));
#8281=CARTESIAN_POINT('',(-0.235,0.05,0.035));
#8282=CARTESIAN_POINT('',(-0.235,0.05,0.035));
#8283=CARTESIAN_POINT('',(-0.235,0.05,0.015));
#8284=CARTESIAN_POINT('',(-0.235,0.05,0.035));
#8285=CARTESIAN_POINT('',(-0.215,0.05,0.035));
#8286=CARTESIAN_POINT('',(-0.215,0.05,0.035));
#8287=CARTESIAN_POINT('',(-0.235,0.05,0.035));
#8288=CARTESIAN_POINT('',(-0.215,0.05,0.035));
#8289=CARTESIAN_POINT('',(-0.215,0.05,0.035));
#8290=CARTESIAN_POINT('',(0.,0.05,0.));
#8291=CARTESIAN_POINT('',(-0.165,0.05,0.015));
#8292=CARTESIAN_POINT('',(-0.185,0.05,0.015));
#8293=CARTESIAN_POINT('',(-0.185,0.05,0.015));
#8294=CARTESIAN_POINT('',(-0.165,0.05,0.015));
#8295=CARTESIAN_POINT('',(-0.165,0.05,0.015));
#8296=CARTESIAN_POINT('',(-0.165,0.05,0.015));
#8297=CARTESIAN_POINT('',(-0.185,0.05,0.015));
#8298=CARTESIAN_POINT('',(-0.185,0.05,0.035));
#8299=CARTESIAN_POINT('',(-0.185,0.05,0.035));
#8300=CARTESIAN_POINT('',(-0.185,0.05,0.015));
#8301=CARTESIAN_POINT('',(-0.185,0.05,0.035));
#8302=CARTESIAN_POINT('',(-0.165,0.05,0.035));
#8303=CARTESIAN_POINT('',(-0.165,0.05,0.035));
#8304=CARTESIAN_POINT('',(-0.185,0.05,0.035));
#8305=CARTESIAN_POINT('',(-0.165,0.05,0.035));
#8306=CARTESIAN_POINT('',(-0.165,0.05,0.035));
#8307=CARTESIAN_POINT('',(0.05,0.05,0.));
#8308=CARTESIAN_POINT('',(0.235,0.05,-0.035));
#8309=CARTESIAN_POINT('',(0.215,0.05,-0.035));
#8310=CARTESIAN_POINT('',(0.215,0.05,-0.035));
#8311=CARTESIAN_POINT('',(0.235,0.05,-0.035));
#8312=CARTESIAN_POINT('',(0.235,0.05,-0.035));
#8313=CARTESIAN_POINT('',(0.235,0.05,-0.035));
#8314=CARTESIAN_POINT('',(0.215,0.05,-0.035));
#8315=CARTESIAN_POINT('',(0.215,0.05,-0.015));
#8316=CARTESIAN_POINT('',(0.215,0.05,-0.015));
#8317=CARTESIAN_POINT('',(0.215,0.05,-0.035));
#8318=CARTESIAN_POINT('',(0.215,0.05,-0.015));
#8319=CARTESIAN_POINT('',(0.235,0.05,-0.015));
#8320=CARTESIAN_POINT('',(0.235,0.05,-0.015));
#8321=CARTESIAN_POINT('',(0.215,0.05,-0.015));
#8322=CARTESIAN_POINT('',(0.235,0.05,-0.015));
#8323=CARTESIAN_POINT('',(0.235,0.05,-0.015));
#8324=CARTESIAN_POINT('',(0.45,0.05,-0.05));
#8325=CARTESIAN_POINT('',(0.185,0.05,-0.035));
#8326=CARTESIAN_POINT('',(0.165,0.05,-0.035));
#8327=CARTESIAN_POINT('',(0.165,0.05,-0.035));
#8328=CARTESIAN_POINT('',(0.185,0.05,-0.035));
#8329=CARTESIAN_POINT('',(0.185,0.05,-0.035));
#8330=CARTESIAN_POINT('',(0.185,0.05,-0.035));
#8331=CARTESIAN_POINT('',(0.165,0.05,-0.035));
#8332=CARTESIAN_POINT('',(0.165,0.05,-0.015));
#8333=CARTESIAN_POINT('',(0.165,0.05,-0.015));
#8334=CARTESIAN_POINT('',(0.165,0.05,-0.035));
#8335=CARTESIAN_POINT('',(0.165,0.05,-0.015));
#8336=CARTESIAN_POINT('',(0.185,0.05,-0.015));
#8337=CARTESIAN_POINT('',(0.185,0.05,-0.015));
#8338=CARTESIAN_POINT('',(0.165,0.05,-0.015));
#8339=CARTESIAN_POINT('',(0.185,0.05,-0.015));
#8340=CARTESIAN_POINT('',(0.185,0.05,-0.015));
#8341=CARTESIAN_POINT('',(0.4,0.05,-0.05));
#8342=CARTESIAN_POINT('',(0.135,0.05,-0.035));
#8343=CARTESIAN_POINT('',(0.115,0.05,-0.035));
#8344=CARTESIAN_POINT('',(0.115,0.05,-0.035));
#8345=CARTESIAN_POINT('',(0.135,0.05,-0.035));
#8346=CARTESIAN_POINT('',(0.135,0.05,-0.035));
#8347=CARTESIAN_POINT('',(0.135,0.05,-0.035));
#8348=CARTESIAN_POINT('',(0.115,0.05,-0.035));
#8349=CARTESIAN_POINT('',(0.115,0.05,-0.015));
#8350=CARTESIAN_POINT('',(0.115,0.05,-0.015));
#8351=CARTESIAN_POINT('',(0.115,0.05,-0.035));
#8352=CARTESIAN_POINT('',(0.115,0.05,-0.015));
#8353=CARTESIAN_POINT('',(0.135,0.05,-0.015));
#8354=CARTESIAN_POINT('',(0.135,0.05,-0.015));
#8355=CARTESIAN_POINT('',(0.115,0.05,-0.015));
#8356=CARTESIAN_POINT('',(0.135,0.05,-0.015));
#8357=CARTESIAN_POINT('',(0.135,0.05,-0.015));
#8358=CARTESIAN_POINT('',(0.35,0.05,-0.05));
#8359=CARTESIAN_POINT('',(0.085,0.05,-0.035));
#8360=CARTESIAN_POINT('',(0.065,0.05,-0.035));
#8361=CARTESIAN_POINT('',(0.065,0.05,-0.035));
#8362=CARTESIAN_POINT('',(0.085,0.05,-0.035));
#8363=CARTESIAN_POINT('',(0.085,0.05,-0.035));
#8364=CARTESIAN_POINT('',(0.085,0.05,-0.035));
#8365=CARTESIAN_POINT('',(0.065,0.05,-0.035));
#8366=CARTESIAN_POINT('',(0.065,0.05,-0.015));
#8367=CARTESIAN_POINT('',(0.065,0.05,-0.015));
#8368=CARTESIAN_POINT('',(0.065,0.05,-0.035));
#8369=CARTESIAN_POINT('',(0.065,0.05,-0.015));
#8370=CARTESIAN_POINT('',(0.085,0.05,-0.015));
#8371=CARTESIAN_POINT('',(0.085,0.05,-0.015));
#8372=CARTESIAN_POINT('',(0.065,0.05,-0.015));
#8373=CARTESIAN_POINT('',(0.085,0.05,-0.015));
#8374=CARTESIAN_POINT('',(0.085,0.05,-0.015));
#8375=CARTESIAN_POINT('',(0.3,0.05,-0.05));
#8376=CARTESIAN_POINT('',(0.035,0.05,-0.035));
#8377=CARTESIAN_POINT('',(0.015,0.05,-0.035));
#8378=CARTESIAN_POINT('',(0.015,0.05,-0.035));
#8379=CARTESIAN_POINT('',(0.035,0.05,-0.035));
#8380=CARTESIAN_POINT('',(0.035,0.05,-0.035));
#8381=CARTESIAN_POINT('',(0.035,0.05,-0.035));
#8382=CARTESIAN_POINT('',(0.015,0.05,-0.035));
#8383=CARTESIAN_POINT('',(0.015,0.05,-0.015));
#8384=CARTESIAN_POINT('',(0.015,0.05,-0.015));
#8385=CARTESIAN_POINT('',(0.015,0.05,-0.035));
#8386=CARTESIAN_POINT('',(0.015,0.05,-0.015));
#8387=CARTESIAN_POINT('',(0.035,0.05,-0.015));
#8388=CARTESIAN_POINT('',(0.035,0.05,-0.015));
#8389=CARTESIAN_POINT('',(0.015,0.05,-0.015));
#8390=CARTESIAN_POINT('',(0.035,0.05,-0.015));
#8391=CARTESIAN_POINT('',(0.035,0.05,-0.015));
#8392=CARTESIAN_POINT('',(0.25,0.05,-0.05));
#8393=CARTESIAN_POINT('',(-0.015,0.05,-0.035));
#8394=CARTESIAN_POINT('',(-0.035,0.05,-0.035));
#8395=CARTESIAN_POINT('',(-0.035,0.05,-0.035));
#8396=CARTESIAN_POINT('',(-0.015,0.05,-0.035));
#8397=CARTESIAN_POINT('',(-0.015,0.05,-0.035));
#8398=CARTESIAN_POINT('',(-0.015,0.05,-0.035));
#8399=CARTESIAN_POINT('',(-0.035,0.05,-0.035));
#8400=CARTESIAN_POINT('',(-0.035,0.05,-0.015));
#8401=CARTESIAN_POINT('',(-0.035,0.05,-0.015));
#8402=CARTESIAN_POINT('',(-0.035,0.05,-0.035));
#8403=CARTESIAN_POINT('',(-0.035,0.05,-0.015));
#8404=CARTESIAN_POINT('',(-0.015,0.05,-0.015));
#8405=CARTESIAN_POINT('',(-0.015,0.05,-0.015));
#8406=CARTESIAN_POINT('',(-0.035,0.05,-0.015));
#8407=CARTESIAN_POINT('',(-0.015,0.05,-0.015));
#8408=CARTESIAN_POINT('',(-0.015,0.05,-0.015));
#8409=CARTESIAN_POINT('',(0.2,0.05,-0.05));
#8410=CARTESIAN_POINT('',(-0.065,0.05,-0.035));
#8411=CARTESIAN_POINT('',(-0.085,0.05,-0.035));
#8412=CARTESIAN_POINT('',(-0.085,0.05,-0.035));
#8413=CARTESIAN_POINT('',(-0.065,0.05,-0.035));
#8414=CARTESIAN_POINT('',(-0.065,0.05,-0.035));
#8415=CARTESIAN_POINT('',(-0.065,0.05,-0.035));
#8416=CARTESIAN_POINT('',(-0.085,0.05,-0.035));
#8417=CARTESIAN_POINT('',(-0.085,0.05,-0.015));
#8418=CARTESIAN_POINT('',(-0.085,0.05,-0.015));
#8419=CARTESIAN_POINT('',(-0.085,0.05,-0.035));
#8420=CARTESIAN_POINT('',(-0.085,0.05,-0.015));
#8421=CARTESIAN_POINT('',(-0.065,0.05,-0.015));
#8422=CARTESIAN_POINT('',(-0.065,0.05,-0.015));
#8423=CARTESIAN_POINT('',(-0.085,0.05,-0.015));
#8424=CARTESIAN_POINT('',(-0.065,0.05,-0.015));
#8425=CARTESIAN_POINT('',(-0.065,0.05,-0.015));
#8426=CARTESIAN_POINT('',(0.15,0.05,-0.05));
#8427=CARTESIAN_POINT('',(-0.115,0.05,-0.035));
#8428=CARTESIAN_POINT('',(-0.135,0.05,-0.035));
#8429=CARTESIAN_POINT('',(-0.135,0.05,-0.035));
#8430=CARTESIAN_POINT('',(-0.115,0.05,-0.035));
#8431=CARTESIAN_POINT('',(-0.115,0.05,-0.035));
#8432=CARTESIAN_POINT('',(-0.115,0.05,-0.035));
#8433=CARTESIAN_POINT('',(-0.135,0.05,-0.035));
#8434=CARTESIAN_POINT('',(-0.135,0.05,-0.015));
#8435=CARTESIAN_POINT('',(-0.135,0.05,-0.015));
#8436=CARTESIAN_POINT('',(-0.135,0.05,-0.035));
#8437=CARTESIAN_POINT('',(-0.135,0.05,-0.015));
#8438=CARTESIAN_POINT('',(-0.115,0.05,-0.015));
#8439=CARTESIAN_POINT('',(-0.115,0.05,-0.015));
#8440=CARTESIAN_POINT('',(-0.135,0.05,-0.015));
#8441=CARTESIAN_POINT('',(-0.115,0.05,-0.015));
#8442=CARTESIAN_POINT('',(-0.115,0.05,-0.015));
#8443=CARTESIAN_POINT('',(0.1,0.05,-0.05));
#8444=CARTESIAN_POINT('',(-0.165,0.05,-0.035));
#8445=CARTESIAN_POINT('',(-0.185,0.05,-0.035));
#8446=CARTESIAN_POINT('',(-0.185,0.05,-0.035));
#8447=CARTESIAN_POINT('',(-0.165,0.05,-0.035));
#8448=CARTESIAN_POINT('',(-0.165,0.05,-0.035));
#8449=CARTESIAN_POINT('',(-0.165,0.05,-0.035));
#8450=CARTESIAN_POINT('',(-0.185,0.05,-0.035));
#8451=CARTESIAN_POINT('',(-0.185,0.05,-0.015));
#8452=CARTESIAN_POINT('',(-0.185,0.05,-0.015));
#8453=CARTESIAN_POINT('',(-0.185,0.05,-0.035));
#8454=CARTESIAN_POINT('',(-0.185,0.05,-0.015));
#8455=CARTESIAN_POINT('',(-0.165,0.05,-0.015));
#8456=CARTESIAN_POINT('',(-0.165,0.05,-0.015));
#8457=CARTESIAN_POINT('',(-0.185,0.05,-0.015));
#8458=CARTESIAN_POINT('',(-0.165,0.05,-0.015));
#8459=CARTESIAN_POINT('',(-0.165,0.05,-0.015));
#8460=CARTESIAN_POINT('',(0.05,0.05,-0.05));
#8461=CARTESIAN_POINT('',(-0.215,0.05,-0.035));
#8462=CARTESIAN_POINT('',(-0.235,0.05,-0.035));
#8463=CARTESIAN_POINT('',(-0.235,0.05,-0.035));
#8464=CARTESIAN_POINT('',(-0.215,0.05,-0.035));
#8465=CARTESIAN_POINT('',(-0.215,0.05,-0.035));
#8466=CARTESIAN_POINT('',(-0.215,0.05,-0.035));
#8467=CARTESIAN_POINT('',(-0.235,0.05,-0.035));
#8468=CARTESIAN_POINT('',(-0.235,0.05,-0.015));
#8469=CARTESIAN_POINT('',(-0.235,0.05,-0.015));
#8470=CARTESIAN_POINT('',(-0.235,0.05,-0.035));
#8471=CARTESIAN_POINT('',(-0.235,0.05,-0.015));
#8472=CARTESIAN_POINT('',(-0.215,0.05,-0.015));
#8473=CARTESIAN_POINT('',(-0.215,0.05,-0.015));
#8474=CARTESIAN_POINT('',(-0.235,0.05,-0.015));
#8475=CARTESIAN_POINT('',(-0.215,0.05,-0.015));
#8476=CARTESIAN_POINT('',(-0.215,0.05,-0.015));
#8477=CARTESIAN_POINT('',(0.,0.05,-0.05));
#8478=CARTESIAN_POINT('',(0.235,0.05,0.015));
#8479=CARTESIAN_POINT('',(0.215,0.05,0.015));
#8480=CARTESIAN_POINT('',(0.215,0.05,0.015));
#8481=CARTESIAN_POINT('',(0.235,0.05,0.015));
#8482=CARTESIAN_POINT('',(0.235,0.05,0.015));
#8483=CARTESIAN_POINT('',(0.235,0.05,0.015));
#8484=CARTESIAN_POINT('',(0.215,0.05,0.015));
#8485=CARTESIAN_POINT('',(0.215,0.05,0.035));
#8486=CARTESIAN_POINT('',(0.215,0.05,0.035));
#8487=CARTESIAN_POINT('',(0.215,0.05,0.015));
#8488=CARTESIAN_POINT('',(0.215,0.05,0.035));
#8489=CARTESIAN_POINT('',(0.235,0.05,0.035));
#8490=CARTESIAN_POINT('',(0.235,0.05,0.035));
#8491=CARTESIAN_POINT('',(0.215,0.05,0.035));
#8492=CARTESIAN_POINT('',(0.235,0.05,0.035));
#8493=CARTESIAN_POINT('',(0.235,0.05,0.035));
#8494=CARTESIAN_POINT('',(0.45,0.05,0.));
#8495=CARTESIAN_POINT('',(0.185,0.05,0.015));
#8496=CARTESIAN_POINT('',(0.165,0.05,0.015));
#8497=CARTESIAN_POINT('',(0.165,0.05,0.015));
#8498=CARTESIAN_POINT('',(0.185,0.05,0.015));
#8499=CARTESIAN_POINT('',(0.185,0.05,0.015));
#8500=CARTESIAN_POINT('',(0.185,0.05,0.015));
#8501=CARTESIAN_POINT('',(0.165,0.05,0.015));
#8502=CARTESIAN_POINT('',(0.165,0.05,0.035));
#8503=CARTESIAN_POINT('',(0.165,0.05,0.035));
#8504=CARTESIAN_POINT('',(0.165,0.05,0.015));
#8505=CARTESIAN_POINT('',(0.165,0.05,0.035));
#8506=CARTESIAN_POINT('',(0.185,0.05,0.035));
#8507=CARTESIAN_POINT('',(0.185,0.05,0.035));
#8508=CARTESIAN_POINT('',(0.165,0.05,0.035));
#8509=CARTESIAN_POINT('',(0.185,0.05,0.035));
#8510=CARTESIAN_POINT('',(0.185,0.05,0.035));
#8511=CARTESIAN_POINT('',(0.4,0.05,0.));
#8512=CARTESIAN_POINT('',(0.135,0.05,0.015));
#8513=CARTESIAN_POINT('',(0.115,0.05,0.015));
#8514=CARTESIAN_POINT('',(0.115,0.05,0.015));
#8515=CARTESIAN_POINT('',(0.135,0.05,0.015));
#8516=CARTESIAN_POINT('',(0.135,0.05,0.015));
#8517=CARTESIAN_POINT('',(0.135,0.05,0.015));
#8518=CARTESIAN_POINT('',(0.115,0.05,0.015));
#8519=CARTESIAN_POINT('',(0.115,0.05,0.035));
#8520=CARTESIAN_POINT('',(0.115,0.05,0.035));
#8521=CARTESIAN_POINT('',(0.115,0.05,0.015));
#8522=CARTESIAN_POINT('',(0.115,0.05,0.035));
#8523=CARTESIAN_POINT('',(0.135,0.05,0.035));
#8524=CARTESIAN_POINT('',(0.135,0.05,0.035));
#8525=CARTESIAN_POINT('',(0.115,0.05,0.035));
#8526=CARTESIAN_POINT('',(0.135,0.05,0.035));
#8527=CARTESIAN_POINT('',(0.135,0.05,0.035));
#8528=CARTESIAN_POINT('',(0.35,0.05,0.));
#8529=CARTESIAN_POINT('',(0.085,0.05,0.015));
#8530=CARTESIAN_POINT('',(0.065,0.05,0.015));
#8531=CARTESIAN_POINT('',(0.065,0.05,0.015));
#8532=CARTESIAN_POINT('',(0.085,0.05,0.015));
#8533=CARTESIAN_POINT('',(0.085,0.05,0.015));
#8534=CARTESIAN_POINT('',(0.085,0.05,0.015));
#8535=CARTESIAN_POINT('',(0.065,0.05,0.015));
#8536=CARTESIAN_POINT('',(0.065,0.05,0.035));
#8537=CARTESIAN_POINT('',(0.065,0.05,0.035));
#8538=CARTESIAN_POINT('',(0.065,0.05,0.015));
#8539=CARTESIAN_POINT('',(0.065,0.05,0.035));
#8540=CARTESIAN_POINT('',(0.085,0.05,0.035));
#8541=CARTESIAN_POINT('',(0.085,0.05,0.035));
#8542=CARTESIAN_POINT('',(0.065,0.05,0.035));
#8543=CARTESIAN_POINT('',(0.085,0.05,0.035));
#8544=CARTESIAN_POINT('',(0.085,0.05,0.035));
#8545=CARTESIAN_POINT('',(0.3,0.05,0.));
#8546=CARTESIAN_POINT('',(0.035,0.05,0.015));
#8547=CARTESIAN_POINT('',(0.015,0.05,0.015));
#8548=CARTESIAN_POINT('',(0.015,0.05,0.015));
#8549=CARTESIAN_POINT('',(0.035,0.05,0.015));
#8550=CARTESIAN_POINT('',(0.035,0.05,0.015));
#8551=CARTESIAN_POINT('',(0.035,0.05,0.015));
#8552=CARTESIAN_POINT('',(0.015,0.05,0.015));
#8553=CARTESIAN_POINT('',(0.015,0.05,0.035));
#8554=CARTESIAN_POINT('',(0.015,0.05,0.035));
#8555=CARTESIAN_POINT('',(0.015,0.05,0.015));
#8556=CARTESIAN_POINT('',(0.015,0.05,0.035));
#8557=CARTESIAN_POINT('',(0.035,0.05,0.035));
#8558=CARTESIAN_POINT('',(0.035,0.05,0.035));
#8559=CARTESIAN_POINT('',(0.015,0.05,0.035));
#8560=CARTESIAN_POINT('',(0.035,0.05,0.035));
#8561=CARTESIAN_POINT('',(0.035,0.05,0.035));
#8562=CARTESIAN_POINT('',(0.25,0.05,0.));
#8563=CARTESIAN_POINT('',(-0.015,0.05,0.015));
#8564=CARTESIAN_POINT('',(-0.035,0.05,0.015));
#8565=CARTESIAN_POINT('',(-0.035,0.05,0.015));
#8566=CARTESIAN_POINT('',(-0.015,0.05,0.015));
#8567=CARTESIAN_POINT('',(-0.015,0.05,0.015));
#8568=CARTESIAN_POINT('',(-0.015,0.05,0.015));
#8569=CARTESIAN_POINT('',(-0.035,0.05,0.015));
#8570=CARTESIAN_POINT('',(-0.035,0.05,0.035));
#8571=CARTESIAN_POINT('',(-0.035,0.05,0.035));
#8572=CARTESIAN_POINT('',(-0.035,0.05,0.015));
#8573=CARTESIAN_POINT('',(-0.035,0.05,0.035));
#8574=CARTESIAN_POINT('',(-0.015,0.05,0.035));
#8575=CARTESIAN_POINT('',(-0.015,0.05,0.035));
#8576=CARTESIAN_POINT('',(-0.035,0.05,0.035));
#8577=CARTESIAN_POINT('',(-0.015,0.05,0.035));
#8578=CARTESIAN_POINT('',(-0.015,0.05,0.035));
#8579=CARTESIAN_POINT('',(0.2,0.05,0.));
#8580=CARTESIAN_POINT('',(-0.065,0.05,0.015));
#8581=CARTESIAN_POINT('',(-0.085,0.05,0.015));
#8582=CARTESIAN_POINT('',(-0.085,0.05,0.015));
#8583=CARTESIAN_POINT('',(-0.065,0.05,0.015));
#8584=CARTESIAN_POINT('',(-0.065,0.05,0.015));
#8585=CARTESIAN_POINT('',(-0.065,0.05,0.015));
#8586=CARTESIAN_POINT('',(-0.085,0.05,0.015));
#8587=CARTESIAN_POINT('',(-0.085,0.05,0.035));
#8588=CARTESIAN_POINT('',(-0.085,0.05,0.035));
#8589=CARTESIAN_POINT('',(-0.085,0.05,0.015));
#8590=CARTESIAN_POINT('',(-0.085,0.05,0.035));
#8591=CARTESIAN_POINT('',(-0.065,0.05,0.035));
#8592=CARTESIAN_POINT('',(-0.065,0.05,0.035));
#8593=CARTESIAN_POINT('',(-0.085,0.05,0.035));
#8594=CARTESIAN_POINT('',(-0.065,0.05,0.035));
#8595=CARTESIAN_POINT('',(-0.065,0.05,0.035));
#8596=CARTESIAN_POINT('',(0.15,0.05,0.));
#8597=CARTESIAN_POINT('',(-0.115,0.05,0.015));
#8598=CARTESIAN_POINT('',(-0.135,0.05,0.015));
#8599=CARTESIAN_POINT('',(-0.135,0.05,0.015));
#8600=CARTESIAN_POINT('',(-0.115,0.05,0.015));
#8601=CARTESIAN_POINT('',(-0.115,0.05,0.015));
#8602=CARTESIAN_POINT('',(-0.115,0.05,0.015));
#8603=CARTESIAN_POINT('',(-0.135,0.05,0.015));
#8604=CARTESIAN_POINT('',(-0.135,0.05,0.035));
#8605=CARTESIAN_POINT('',(-0.135,0.05,0.035));
#8606=CARTESIAN_POINT('',(-0.135,0.05,0.015));
#8607=CARTESIAN_POINT('',(-0.135,0.05,0.035));
#8608=CARTESIAN_POINT('',(-0.115,0.05,0.035));
#8609=CARTESIAN_POINT('',(-0.115,0.05,0.035));
#8610=CARTESIAN_POINT('',(-0.135,0.05,0.035));
#8611=CARTESIAN_POINT('',(-0.115,0.05,0.035));
#8612=CARTESIAN_POINT('',(-0.115,0.05,0.035));
#8613=CARTESIAN_POINT('',(0.1,0.05,0.));
#8614=CARTESIAN_POINT('',(0.,0.,0.));
#8615=CARTESIAN_POINT('',(0.25,-2.34187669256869E-17,0.02));
#8616=CARTESIAN_POINT('',(0.235,-2.34187669256869E-17,0.02));
#8617=CARTESIAN_POINT('',(0.235,-2.24096905730272E-17,0.02));
#8618=CARTESIAN_POINT('',(0.235,-2.34187669256869E-17,0.0805));
#8619=CARTESIAN_POINT('',(0.25,-2.24096905730272E-17,0.02));
#8620=CARTESIAN_POINT('',(0.215,-2.24096905730272E-17,0.02));
#8621=CARTESIAN_POINT('',(0.215,-2.34187669256869E-17,0.02));
#8622=CARTESIAN_POINT('',(0.215,-2.34187669256869E-17,0.0805));
#8623=CARTESIAN_POINT('',(0.25,-2.34187669256869E-17,0.0805));
#8624=CARTESIAN_POINT('',(0.25,-2.34187669256869E-17,0.02));
#8625=CARTESIAN_POINT('',(0.185,-2.34187669256869E-17,0.02));
#8626=CARTESIAN_POINT('',(0.185,-2.24096905730272E-17,0.02));
#8627=CARTESIAN_POINT('',(0.185,-2.34187669256869E-17,0.0805));
#8628=CARTESIAN_POINT('',(0.25,-2.24096905730272E-17,0.02));
#8629=CARTESIAN_POINT('',(0.165,-2.24096905730272E-17,0.02));
#8630=CARTESIAN_POINT('',(0.165,-2.34187669256869E-17,0.02));
#8631=CARTESIAN_POINT('',(0.165,-2.34187669256869E-17,0.0805));
#8632=CARTESIAN_POINT('',(0.25,-2.34187669256869E-17,0.0805));
#8633=CARTESIAN_POINT('',(0.25,-2.34187669256869E-17,0.02));
#8634=CARTESIAN_POINT('',(0.135,-2.34187669256869E-17,0.02));
#8635=CARTESIAN_POINT('',(0.135,-2.24096905730272E-17,0.02));
#8636=CARTESIAN_POINT('',(0.135,-2.34187669256869E-17,0.0805));
#8637=CARTESIAN_POINT('',(0.25,-2.24096905730272E-17,0.02));
#8638=CARTESIAN_POINT('',(0.115,-2.24096905730272E-17,0.02));
#8639=CARTESIAN_POINT('',(0.115,-2.34187669256869E-17,0.02));
#8640=CARTESIAN_POINT('',(0.115,-2.34187669256869E-17,0.0805));
#8641=CARTESIAN_POINT('',(0.25,-2.34187669256869E-17,0.0805));
#8642=CARTESIAN_POINT('',(0.25,-2.34187669256869E-17,0.02));
#8643=CARTESIAN_POINT('',(0.085,-2.34187669256869E-17,0.02));
#8644=CARTESIAN_POINT('',(0.085,-2.24096905730272E-17,0.02));
#8645=CARTESIAN_POINT('',(0.085,-2.34187669256869E-17,0.0805));
#8646=CARTESIAN_POINT('',(0.25,-2.24096905730272E-17,0.02));
#8647=CARTESIAN_POINT('',(0.065,-2.24096905730272E-17,0.02));
#8648=CARTESIAN_POINT('',(0.065,-2.34187669256869E-17,0.02));
#8649=CARTESIAN_POINT('',(0.065,-2.34187669256869E-17,0.0805));
#8650=CARTESIAN_POINT('',(0.25,-2.34187669256869E-17,0.0805));
#8651=CARTESIAN_POINT('',(0.25,-2.34187669256869E-17,0.02));
#8652=CARTESIAN_POINT('',(0.035,-2.34187669256869E-17,0.02));
#8653=CARTESIAN_POINT('',(0.035,-2.24096905730272E-17,0.02));
#8654=CARTESIAN_POINT('',(0.035,-2.34187669256869E-17,0.0805));
#8655=CARTESIAN_POINT('',(0.25,-2.24096905730272E-17,0.02));
#8656=CARTESIAN_POINT('',(0.015,-2.24096905730272E-17,0.02));
#8657=CARTESIAN_POINT('',(0.015,-2.34187669256869E-17,0.02));
#8658=CARTESIAN_POINT('',(0.015,-2.34187669256869E-17,0.0805));
#8659=CARTESIAN_POINT('',(0.25,-2.34187669256869E-17,0.0805));
#8660=CARTESIAN_POINT('',(0.25,-2.34187669256869E-17,0.02));
#8661=CARTESIAN_POINT('',(-0.015,-2.34187669256869E-17,0.02));
#8662=CARTESIAN_POINT('',(-0.015,-2.24096905730272E-17,0.02));
#8663=CARTESIAN_POINT('',(-0.015,-2.34187669256869E-17,0.0805));
#8664=CARTESIAN_POINT('',(0.25,-2.24096905730272E-17,0.02));
#8665=CARTESIAN_POINT('',(-0.035,-2.24096905730272E-17,0.02));
#8666=CARTESIAN_POINT('',(-0.035,-2.34187669256869E-17,0.02));
#8667=CARTESIAN_POINT('',(-0.035,-2.34187669256869E-17,0.0805));
#8668=CARTESIAN_POINT('',(0.25,-2.34187669256869E-17,0.0805));
#8669=CARTESIAN_POINT('',(0.25,-2.34187669256869E-17,0.02));
#8670=CARTESIAN_POINT('',(-0.0650000000000001,-2.34187669256869E-17,0.02));
#8671=CARTESIAN_POINT('',(-0.0650000000000001,-2.24096905730272E-17,0.02));
#8672=CARTESIAN_POINT('',(-0.0650000000000001,-2.34187669256869E-17,0.0805));
#8673=CARTESIAN_POINT('',(0.25,-2.24096905730272E-17,0.02));
#8674=CARTESIAN_POINT('',(-0.085,-2.24096905730272E-17,0.02));
#8675=CARTESIAN_POINT('',(-0.085,-2.34187669256869E-17,0.02));
#8676=CARTESIAN_POINT('',(-0.085,-2.34187669256869E-17,0.0805));
#8677=CARTESIAN_POINT('',(0.25,-2.34187669256869E-17,0.0805));
#8678=CARTESIAN_POINT('',(0.25,-2.34187669256869E-17,0.02));
#8679=CARTESIAN_POINT('',(-0.115,-2.34187669256869E-17,0.02));
#8680=CARTESIAN_POINT('',(-0.115,-2.24096905730272E-17,0.02));
#8681=CARTESIAN_POINT('',(-0.115,-2.34187669256869E-17,0.0805));
#8682=CARTESIAN_POINT('',(0.25,-2.24096905730272E-17,0.02));
#8683=CARTESIAN_POINT('',(-0.135,-2.24096905730272E-17,0.02));
#8684=CARTESIAN_POINT('',(-0.135,-2.34187669256869E-17,0.02));
#8685=CARTESIAN_POINT('',(-0.135,-2.34187669256869E-17,0.0805));
#8686=CARTESIAN_POINT('',(0.25,-2.34187669256869E-17,0.0805));
#8687=CARTESIAN_POINT('',(0.25,-2.34187669256869E-17,0.02));
#8688=CARTESIAN_POINT('',(-0.165,-2.34187669256869E-17,0.02));
#8689=CARTESIAN_POINT('',(-0.165,-2.24096905730272E-17,0.02));
#8690=CARTESIAN_POINT('',(-0.165,-2.34187669256869E-17,0.0805));
#8691=CARTESIAN_POINT('',(0.25,-2.24096905730272E-17,0.02));
#8692=CARTESIAN_POINT('',(-0.185,-2.24096905730272E-17,0.02));
#8693=CARTESIAN_POINT('',(-0.185,-2.34187669256869E-17,0.02));
#8694=CARTESIAN_POINT('',(-0.185,-2.34187669256869E-17,0.0805));
#8695=CARTESIAN_POINT('',(0.25,-2.34187669256869E-17,0.0805));
#8696=CARTESIAN_POINT('',(0.25,-2.34187669256869E-17,0.02));
#8697=CARTESIAN_POINT('',(-0.215,-2.34187669256869E-17,0.02));
#8698=CARTESIAN_POINT('',(-0.215,-2.24096905730272E-17,0.02));
#8699=CARTESIAN_POINT('',(-0.215,-2.34187669256869E-17,0.0805));
#8700=CARTESIAN_POINT('',(0.25,-2.24096905730272E-17,0.02));
#8701=CARTESIAN_POINT('',(-0.235,-2.24096905730272E-17,0.02));
#8702=CARTESIAN_POINT('',(-0.235,-2.34187669256869E-17,0.02));
#8703=CARTESIAN_POINT('',(-0.235,-2.34187669256869E-17,0.0805));
#8704=CARTESIAN_POINT('',(0.25,-2.34187669256869E-17,0.0805));
#8705=CARTESIAN_POINT('',(0.25,-2.34187669256869E-17,0.0805));
#8706=CARTESIAN_POINT('',(0.235,-2.34187669256869E-17,0.0805));
#8707=CARTESIAN_POINT('',(0.235,-0.00500000000000002,0.0805));
#8708=CARTESIAN_POINT('',(0.215,-2.34187669256869E-17,0.0805));
#8709=CARTESIAN_POINT('',(0.215,-0.00500000000000002,0.0805));
#8710=CARTESIAN_POINT('',(0.25,-0.00500000000000002,0.0805));
#8711=CARTESIAN_POINT('',(0.25,-2.34187669256869E-17,0.0805));
#8712=CARTESIAN_POINT('',(0.185,-2.34187669256869E-17,0.0805));
#8713=CARTESIAN_POINT('',(0.185,-0.00500000000000002,0.0805));
#8714=CARTESIAN_POINT('',(0.165,-2.34187669256869E-17,0.0805));
#8715=CARTESIAN_POINT('',(0.165,-0.00500000000000002,0.0805));
#8716=CARTESIAN_POINT('',(0.25,-0.00500000000000002,0.0805));
#8717=CARTESIAN_POINT('',(0.25,-2.34187669256869E-17,0.0805));
#8718=CARTESIAN_POINT('',(0.135,-2.34187669256869E-17,0.0805));
#8719=CARTESIAN_POINT('',(0.135,-0.00500000000000002,0.0805));
#8720=CARTESIAN_POINT('',(0.115,-2.34187669256869E-17,0.0805));
#8721=CARTESIAN_POINT('',(0.115,-0.00500000000000002,0.0805));
#8722=CARTESIAN_POINT('',(0.25,-0.00500000000000002,0.0805));
#8723=CARTESIAN_POINT('',(0.25,-2.34187669256869E-17,0.0805));
#8724=CARTESIAN_POINT('',(0.085,-2.34187669256869E-17,0.0805));
#8725=CARTESIAN_POINT('',(0.085,-0.00500000000000002,0.0805));
#8726=CARTESIAN_POINT('',(0.065,-2.34187669256869E-17,0.0805));
#8727=CARTESIAN_POINT('',(0.065,-0.00500000000000002,0.0805));
#8728=CARTESIAN_POINT('',(0.25,-0.00500000000000002,0.0805));
#8729=CARTESIAN_POINT('',(0.25,-2.34187669256869E-17,0.0805));
#8730=CARTESIAN_POINT('',(0.035,-2.34187669256869E-17,0.0805));
#8731=CARTESIAN_POINT('',(0.035,-0.00500000000000002,0.0805));
#8732=CARTESIAN_POINT('',(0.015,-2.34187669256869E-17,0.0805));
#8733=CARTESIAN_POINT('',(0.015,-0.00500000000000002,0.0805));
#8734=CARTESIAN_POINT('',(0.25,-0.00500000000000002,0.0805));
#8735=CARTESIAN_POINT('',(0.25,-2.34187669256869E-17,0.0805));
#8736=CARTESIAN_POINT('',(-0.015,-2.34187669256869E-17,0.0805));
#8737=CARTESIAN_POINT('',(-0.015,-0.00500000000000002,0.0805));
#8738=CARTESIAN_POINT('',(-0.035,-2.34187669256869E-17,0.0805));
#8739=CARTESIAN_POINT('',(-0.035,-0.00500000000000002,0.0805));
#8740=CARTESIAN_POINT('',(0.25,-0.00500000000000002,0.0805));
#8741=CARTESIAN_POINT('',(0.25,-2.34187669256869E-17,0.0805));
#8742=CARTESIAN_POINT('',(-0.0650000000000001,-2.34187669256869E-17,0.0805));
#8743=CARTESIAN_POINT('',(-0.0650000000000001,-0.00500000000000002,0.0805));
#8744=CARTESIAN_POINT('',(-0.085,-2.34187669256869E-17,0.0805));
#8745=CARTESIAN_POINT('',(-0.085,-0.00500000000000002,0.0805));
#8746=CARTESIAN_POINT('',(0.25,-0.00500000000000002,0.0805));
#8747=CARTESIAN_POINT('',(0.25,-2.34187669256869E-17,0.0805));
#8748=CARTESIAN_POINT('',(-0.115,-2.34187669256869E-17,0.0805));
#8749=CARTESIAN_POINT('',(-0.115,-0.00500000000000002,0.0805));
#8750=CARTESIAN_POINT('',(-0.135,-2.34187669256869E-17,0.0805));
#8751=CARTESIAN_POINT('',(-0.135,-0.00500000000000002,0.0805));
#8752=CARTESIAN_POINT('',(0.25,-0.00500000000000002,0.0805));
#8753=CARTESIAN_POINT('',(0.25,-2.34187669256869E-17,0.0805));
#8754=CARTESIAN_POINT('',(-0.165,-2.34187669256869E-17,0.0805));
#8755=CARTESIAN_POINT('',(-0.165,-0.00500000000000002,0.0805));
#8756=CARTESIAN_POINT('',(-0.185,-2.34187669256869E-17,0.0805));
#8757=CARTESIAN_POINT('',(-0.185,-0.00500000000000002,0.0805));
#8758=CARTESIAN_POINT('',(0.25,-0.00500000000000002,0.0805));
#8759=CARTESIAN_POINT('',(0.25,-2.34187669256869E-17,0.0805));
#8760=CARTESIAN_POINT('',(-0.215,-2.34187669256869E-17,0.0805));
#8761=CARTESIAN_POINT('',(-0.215,-0.00500000000000002,0.0805));
#8762=CARTESIAN_POINT('',(-0.235,-2.34187669256869E-17,0.0805));
#8763=CARTESIAN_POINT('',(-0.235,-0.00500000000000002,0.0805));
#8764=CARTESIAN_POINT('',(0.25,-0.00500000000000002,0.0805));
#8765=CARTESIAN_POINT('',(0.25,-0.00500000000000002,0.0805));
#8766=CARTESIAN_POINT('',(0.235,-0.00500000000000002,0.0805));
#8767=CARTESIAN_POINT('',(0.235,-0.00500000000000002,0.02));
#8768=CARTESIAN_POINT('',(0.215,-0.00500000000000002,0.0805));
#8769=CARTESIAN_POINT('',(0.215,-0.00500000000000002,0.02));
#8770=CARTESIAN_POINT('',(0.25,-0.00500000000000002,0.02));
#8771=CARTESIAN_POINT('',(0.25,-0.00500000000000002,0.0805));
#8772=CARTESIAN_POINT('',(0.185,-0.00500000000000002,0.0805));
#8773=CARTESIAN_POINT('',(0.185,-0.00500000000000002,0.02));
#8774=CARTESIAN_POINT('',(0.165,-0.00500000000000002,0.0805));
#8775=CARTESIAN_POINT('',(0.165,-0.00500000000000002,0.02));
#8776=CARTESIAN_POINT('',(0.25,-0.00500000000000002,0.02));
#8777=CARTESIAN_POINT('',(0.25,-0.00500000000000002,0.0805));
#8778=CARTESIAN_POINT('',(0.135,-0.00500000000000002,0.0805));
#8779=CARTESIAN_POINT('',(0.135,-0.00500000000000002,0.02));
#8780=CARTESIAN_POINT('',(0.115,-0.00500000000000002,0.0805));
#8781=CARTESIAN_POINT('',(0.115,-0.00500000000000002,0.02));
#8782=CARTESIAN_POINT('',(0.25,-0.00500000000000002,0.02));
#8783=CARTESIAN_POINT('',(0.25,-0.00500000000000002,0.0805));
#8784=CARTESIAN_POINT('',(0.085,-0.00500000000000002,0.0805));
#8785=CARTESIAN_POINT('',(0.085,-0.00500000000000002,0.02));
#8786=CARTESIAN_POINT('',(0.065,-0.00500000000000002,0.0805));
#8787=CARTESIAN_POINT('',(0.065,-0.00500000000000002,0.02));
#8788=CARTESIAN_POINT('',(0.25,-0.00500000000000002,0.02));
#8789=CARTESIAN_POINT('',(0.25,-0.00500000000000002,0.0805));
#8790=CARTESIAN_POINT('',(0.035,-0.00500000000000002,0.0805));
#8791=CARTESIAN_POINT('',(0.035,-0.00500000000000002,0.02));
#8792=CARTESIAN_POINT('',(0.015,-0.00500000000000002,0.0805));
#8793=CARTESIAN_POINT('',(0.015,-0.00500000000000002,0.02));
#8794=CARTESIAN_POINT('',(0.25,-0.00500000000000002,0.02));
#8795=CARTESIAN_POINT('',(0.25,-0.00500000000000002,0.0805));
#8796=CARTESIAN_POINT('',(-0.015,-0.00500000000000002,0.0805));
#8797=CARTESIAN_POINT('',(-0.015,-0.00500000000000002,0.02));
#8798=CARTESIAN_POINT('',(-0.035,-0.00500000000000002,0.0805));
#8799=CARTESIAN_POINT('',(-0.035,-0.00500000000000002,0.02));
#8800=CARTESIAN_POINT('',(0.25,-0.00500000000000002,0.02));
#8801=CARTESIAN_POINT('',(0.25,-0.00500000000000002,0.0805));
#8802=CARTESIAN_POINT('',(-0.0650000000000001,-0.00500000000000002,0.0805));
#8803=CARTESIAN_POINT('',(-0.0650000000000001,-0.00500000000000002,0.02));
#8804=CARTESIAN_POINT('',(-0.085,-0.00500000000000002,0.0805));
#8805=CARTESIAN_POINT('',(-0.085,-0.00500000000000002,0.02));
#8806=CARTESIAN_POINT('',(0.25,-0.00500000000000002,0.02));
#8807=CARTESIAN_POINT('',(0.25,-0.00500000000000002,0.0805));
#8808=CARTESIAN_POINT('',(-0.115,-0.00500000000000002,0.0805));
#8809=CARTESIAN_POINT('',(-0.115,-0.00500000000000002,0.02));
#8810=CARTESIAN_POINT('',(-0.135,-0.00500000000000002,0.0805));
#8811=CARTESIAN_POINT('',(-0.135,-0.00500000000000002,0.02));
#8812=CARTESIAN_POINT('',(0.25,-0.00500000000000002,0.02));
#8813=CARTESIAN_POINT('',(0.25,-0.00500000000000002,0.0805));
#8814=CARTESIAN_POINT('',(-0.165,-0.00500000000000002,0.0805));
#8815=CARTESIAN_POINT('',(-0.165,-0.00500000000000002,0.02));
#8816=CARTESIAN_POINT('',(-0.185,-0.00500000000000002,0.0805));
#8817=CARTESIAN_POINT('',(-0.185,-0.00500000000000002,0.02));
#8818=CARTESIAN_POINT('',(0.25,-0.00500000000000002,0.02));
#8819=CARTESIAN_POINT('',(0.25,-0.00500000000000002,0.0805));
#8820=CARTESIAN_POINT('',(-0.215,-0.00500000000000002,0.0805));
#8821=CARTESIAN_POINT('',(-0.215,-0.00500000000000002,0.02));
#8822=CARTESIAN_POINT('',(-0.235,-0.00500000000000002,0.0805));
#8823=CARTESIAN_POINT('',(-0.235,-0.00500000000000002,0.02));
#8824=CARTESIAN_POINT('',(0.25,-0.00500000000000002,0.02));
#8825=CARTESIAN_POINT('',(0.25,0.00499999999999998,0.02));
#8826=CARTESIAN_POINT('',(0.235,0.00499999999999998,0.02));
#8827=CARTESIAN_POINT('',(0.235,0.00499999999999998,0.01));
#8828=CARTESIAN_POINT('',(0.215,0.00499999999999998,0.02));
#8829=CARTESIAN_POINT('',(0.215,0.00499999999999998,0.01));
#8830=CARTESIAN_POINT('',(0.25,0.00499999999999998,0.01));
#8831=CARTESIAN_POINT('',(0.25,0.00499999999999998,0.02));
#8832=CARTESIAN_POINT('',(0.185,0.00499999999999998,0.02));
#8833=CARTESIAN_POINT('',(0.185,0.00499999999999998,0.01));
#8834=CARTESIAN_POINT('',(0.165,0.00499999999999998,0.02));
#8835=CARTESIAN_POINT('',(0.165,0.00499999999999998,0.01));
#8836=CARTESIAN_POINT('',(0.25,0.00499999999999998,0.01));
#8837=CARTESIAN_POINT('',(0.25,0.00499999999999998,0.02));
#8838=CARTESIAN_POINT('',(0.135,0.00499999999999998,0.02));
#8839=CARTESIAN_POINT('',(0.135,0.00499999999999998,0.01));
#8840=CARTESIAN_POINT('',(0.115,0.00499999999999998,0.02));
#8841=CARTESIAN_POINT('',(0.115,0.00499999999999998,0.01));
#8842=CARTESIAN_POINT('',(0.25,0.00499999999999998,0.01));
#8843=CARTESIAN_POINT('',(0.25,0.00499999999999998,0.02));
#8844=CARTESIAN_POINT('',(0.085,0.00499999999999998,0.02));
#8845=CARTESIAN_POINT('',(0.085,0.00499999999999998,0.01));
#8846=CARTESIAN_POINT('',(0.065,0.00499999999999998,0.02));
#8847=CARTESIAN_POINT('',(0.065,0.00499999999999998,0.01));
#8848=CARTESIAN_POINT('',(0.25,0.00499999999999998,0.01));
#8849=CARTESIAN_POINT('',(0.25,0.00499999999999998,0.02));
#8850=CARTESIAN_POINT('',(0.035,0.00499999999999998,0.02));
#8851=CARTESIAN_POINT('',(0.035,0.00499999999999998,0.01));
#8852=CARTESIAN_POINT('',(0.015,0.00499999999999998,0.02));
#8853=CARTESIAN_POINT('',(0.015,0.00499999999999998,0.01));
#8854=CARTESIAN_POINT('',(0.25,0.00499999999999998,0.01));
#8855=CARTESIAN_POINT('',(0.25,0.00499999999999998,0.02));
#8856=CARTESIAN_POINT('',(-0.015,0.00499999999999998,0.02));
#8857=CARTESIAN_POINT('',(-0.015,0.00499999999999998,0.01));
#8858=CARTESIAN_POINT('',(-0.035,0.00499999999999998,0.02));
#8859=CARTESIAN_POINT('',(-0.035,0.00499999999999998,0.01));
#8860=CARTESIAN_POINT('',(0.25,0.00499999999999998,0.01));
#8861=CARTESIAN_POINT('',(0.25,0.00499999999999998,0.02));
#8862=CARTESIAN_POINT('',(-0.0650000000000001,0.00499999999999998,0.02));
#8863=CARTESIAN_POINT('',(-0.0650000000000001,0.00499999999999998,0.01));
#8864=CARTESIAN_POINT('',(-0.085,0.00499999999999998,0.02));
#8865=CARTESIAN_POINT('',(-0.085,0.00499999999999998,0.01));
#8866=CARTESIAN_POINT('',(0.25,0.00499999999999998,0.01));
#8867=CARTESIAN_POINT('',(0.25,0.00499999999999998,0.02));
#8868=CARTESIAN_POINT('',(-0.115,0.00499999999999998,0.02));
#8869=CARTESIAN_POINT('',(-0.115,0.00499999999999998,0.01));
#8870=CARTESIAN_POINT('',(-0.135,0.00499999999999998,0.02));
#8871=CARTESIAN_POINT('',(-0.135,0.00499999999999998,0.01));
#8872=CARTESIAN_POINT('',(0.25,0.00499999999999998,0.01));
#8873=CARTESIAN_POINT('',(0.25,0.00499999999999998,0.02));
#8874=CARTESIAN_POINT('',(-0.165,0.00499999999999998,0.02));
#8875=CARTESIAN_POINT('',(-0.165,0.00499999999999998,0.01));
#8876=CARTESIAN_POINT('',(-0.185,0.00499999999999998,0.02));
#8877=CARTESIAN_POINT('',(-0.185,0.00499999999999998,0.01));
#8878=CARTESIAN_POINT('',(0.25,0.00499999999999998,0.01));
#8879=CARTESIAN_POINT('',(0.25,0.00499999999999998,0.02));
#8880=CARTESIAN_POINT('',(-0.215,0.00499999999999998,0.02));
#8881=CARTESIAN_POINT('',(-0.215,0.00499999999999998,0.01));
#8882=CARTESIAN_POINT('',(-0.235,0.00499999999999998,0.02));
#8883=CARTESIAN_POINT('',(-0.235,0.00499999999999998,0.01));
#8884=CARTESIAN_POINT('',(0.25,0.00499999999999998,0.01));
#8885=CARTESIAN_POINT('',(0.25,0.00499999999999998,0.01));
#8886=CARTESIAN_POINT('',(0.235,0.00499999999999998,0.01));
#8887=CARTESIAN_POINT('',(0.235,0.03,0.01));
#8888=CARTESIAN_POINT('',(0.215,0.00499999999999998,0.01));
#8889=CARTESIAN_POINT('',(0.215,0.03,0.01));
#8890=CARTESIAN_POINT('',(0.25,0.03,0.01));
#8891=CARTESIAN_POINT('',(0.25,0.00499999999999998,0.01));
#8892=CARTESIAN_POINT('',(0.185,0.00499999999999998,0.01));
#8893=CARTESIAN_POINT('',(0.185,0.03,0.01));
#8894=CARTESIAN_POINT('',(0.165,0.00499999999999998,0.01));
#8895=CARTESIAN_POINT('',(0.165,0.03,0.01));
#8896=CARTESIAN_POINT('',(0.25,0.03,0.01));
#8897=CARTESIAN_POINT('',(0.25,0.00499999999999998,0.01));
#8898=CARTESIAN_POINT('',(0.135,0.00499999999999998,0.01));
#8899=CARTESIAN_POINT('',(0.135,0.03,0.01));
#8900=CARTESIAN_POINT('',(0.115,0.00499999999999998,0.01));
#8901=CARTESIAN_POINT('',(0.115,0.03,0.01));
#8902=CARTESIAN_POINT('',(0.25,0.03,0.01));
#8903=CARTESIAN_POINT('',(0.25,0.00499999999999998,0.01));
#8904=CARTESIAN_POINT('',(0.085,0.00499999999999998,0.01));
#8905=CARTESIAN_POINT('',(0.085,0.03,0.01));
#8906=CARTESIAN_POINT('',(0.065,0.00499999999999998,0.01));
#8907=CARTESIAN_POINT('',(0.065,0.03,0.01));
#8908=CARTESIAN_POINT('',(0.25,0.03,0.01));
#8909=CARTESIAN_POINT('',(0.25,0.00499999999999998,0.01));
#8910=CARTESIAN_POINT('',(0.035,0.00499999999999998,0.01));
#8911=CARTESIAN_POINT('',(0.035,0.03,0.01));
#8912=CARTESIAN_POINT('',(0.015,0.00499999999999998,0.01));
#8913=CARTESIAN_POINT('',(0.015,0.03,0.01));
#8914=CARTESIAN_POINT('',(0.25,0.03,0.01));
#8915=CARTESIAN_POINT('',(0.25,0.00499999999999998,0.01));
#8916=CARTESIAN_POINT('',(-0.015,0.00499999999999998,0.01));
#8917=CARTESIAN_POINT('',(-0.015,0.03,0.01));
#8918=CARTESIAN_POINT('',(-0.035,0.00499999999999998,0.01));
#8919=CARTESIAN_POINT('',(-0.035,0.03,0.01));
#8920=CARTESIAN_POINT('',(0.25,0.03,0.01));
#8921=CARTESIAN_POINT('',(0.25,0.00499999999999998,0.01));
#8922=CARTESIAN_POINT('',(-0.0650000000000001,0.00499999999999998,0.01));
#8923=CARTESIAN_POINT('',(-0.065,0.03,0.01));
#8924=CARTESIAN_POINT('',(-0.085,0.00499999999999998,0.01));
#8925=CARTESIAN_POINT('',(-0.085,0.03,0.01));
#8926=CARTESIAN_POINT('',(0.25,0.03,0.01));
#8927=CARTESIAN_POINT('',(0.25,0.00499999999999998,0.01));
#8928=CARTESIAN_POINT('',(-0.115,0.00499999999999998,0.01));
#8929=CARTESIAN_POINT('',(-0.115,0.03,0.01));
#8930=CARTESIAN_POINT('',(-0.135,0.00499999999999998,0.01));
#8931=CARTESIAN_POINT('',(-0.135,0.03,0.01));
#8932=CARTESIAN_POINT('',(0.25,0.03,0.01));
#8933=CARTESIAN_POINT('',(0.25,0.00499999999999998,0.01));
#8934=CARTESIAN_POINT('',(-0.165,0.00499999999999998,0.01));
#8935=CARTESIAN_POINT('',(-0.165,0.03,0.01));
#8936=CARTESIAN_POINT('',(-0.185,0.00499999999999998,0.01));
#8937=CARTESIAN_POINT('',(-0.185,0.03,0.01));
#8938=CARTESIAN_POINT('',(0.25,0.03,0.01));
#8939=CARTESIAN_POINT('',(0.25,0.00499999999999998,0.01));
#8940=CARTESIAN_POINT('',(-0.215,0.00499999999999998,0.01));
#8941=CARTESIAN_POINT('',(-0.215,0.03,0.01));
#8942=CARTESIAN_POINT('',(-0.235,0.00499999999999998,0.01));
#8943=CARTESIAN_POINT('',(-0.235,0.03,0.01));
#8944=CARTESIAN_POINT('',(0.25,0.03,0.01));
#8945=CARTESIAN_POINT('',(0.25,0.03,-0.01));
#8946=CARTESIAN_POINT('',(0.235,0.03,-0.01));
#8947=CARTESIAN_POINT('',(0.235,0.03,-0.00999999999999994));
#8948=CARTESIAN_POINT('',(0.235,0.005,-0.01));
#8949=CARTESIAN_POINT('',(0.25,0.03,-0.01));
#8950=CARTESIAN_POINT('',(0.215,0.03,-0.00999999999999994));
#8951=CARTESIAN_POINT('',(0.215,0.03,-0.01));
#8952=CARTESIAN_POINT('',(0.215,0.00499999999999999,-0.01));
#8953=CARTESIAN_POINT('',(0.25,0.005,-0.01));
#8954=CARTESIAN_POINT('',(0.25,0.03,-0.01));
#8955=CARTESIAN_POINT('',(0.185,0.03,-0.01));
#8956=CARTESIAN_POINT('',(0.185,0.03,-0.00999999999999994));
#8957=CARTESIAN_POINT('',(0.185,0.005,-0.01));
#8958=CARTESIAN_POINT('',(0.25,0.03,-0.01));
#8959=CARTESIAN_POINT('',(0.165,0.03,-0.00999999999999994));
#8960=CARTESIAN_POINT('',(0.165,0.03,-0.01));
#8961=CARTESIAN_POINT('',(0.165,0.00499999999999999,-0.01));
#8962=CARTESIAN_POINT('',(0.25,0.005,-0.01));
#8963=CARTESIAN_POINT('',(0.25,0.03,-0.01));
#8964=CARTESIAN_POINT('',(0.135,0.03,-0.01));
#8965=CARTESIAN_POINT('',(0.135,0.03,-0.00999999999999994));
#8966=CARTESIAN_POINT('',(0.135,0.005,-0.01));
#8967=CARTESIAN_POINT('',(0.25,0.03,-0.01));
#8968=CARTESIAN_POINT('',(0.115,0.03,-0.00999999999999994));
#8969=CARTESIAN_POINT('',(0.115,0.03,-0.01));
#8970=CARTESIAN_POINT('',(0.115,0.00499999999999999,-0.01));
#8971=CARTESIAN_POINT('',(0.25,0.005,-0.01));
#8972=CARTESIAN_POINT('',(0.25,0.03,-0.01));
#8973=CARTESIAN_POINT('',(0.085,0.03,-0.01));
#8974=CARTESIAN_POINT('',(0.085,0.03,-0.00999999999999994));
#8975=CARTESIAN_POINT('',(0.085,0.005,-0.01));
#8976=CARTESIAN_POINT('',(0.25,0.03,-0.01));
#8977=CARTESIAN_POINT('',(0.065,0.03,-0.00999999999999994));
#8978=CARTESIAN_POINT('',(0.065,0.03,-0.01));
#8979=CARTESIAN_POINT('',(0.065,0.00499999999999999,-0.01));
#8980=CARTESIAN_POINT('',(0.25,0.005,-0.01));
#8981=CARTESIAN_POINT('',(0.25,0.03,-0.01));
#8982=CARTESIAN_POINT('',(0.035,0.03,-0.01));
#8983=CARTESIAN_POINT('',(0.035,0.03,-0.00999999999999994));
#8984=CARTESIAN_POINT('',(0.035,0.005,-0.01));
#8985=CARTESIAN_POINT('',(0.25,0.03,-0.01));
#8986=CARTESIAN_POINT('',(0.015,0.03,-0.00999999999999994));
#8987=CARTESIAN_POINT('',(0.015,0.03,-0.01));
#8988=CARTESIAN_POINT('',(0.015,0.00499999999999999,-0.01));
#8989=CARTESIAN_POINT('',(0.25,0.005,-0.01));
#8990=CARTESIAN_POINT('',(0.25,0.03,-0.01));
#8991=CARTESIAN_POINT('',(-0.015,0.03,-0.01));
#8992=CARTESIAN_POINT('',(-0.015,0.03,-0.00999999999999994));
#8993=CARTESIAN_POINT('',(-0.015,0.005,-0.01));
#8994=CARTESIAN_POINT('',(0.25,0.03,-0.01));
#8995=CARTESIAN_POINT('',(-0.035,0.03,-0.00999999999999994));
#8996=CARTESIAN_POINT('',(-0.035,0.03,-0.01));
#8997=CARTESIAN_POINT('',(-0.035,0.00499999999999999,-0.01));
#8998=CARTESIAN_POINT('',(0.25,0.005,-0.01));
#8999=CARTESIAN_POINT('',(0.25,0.03,-0.01));
#9000=CARTESIAN_POINT('',(-0.0650000000000001,0.03,-0.01));
#9001=CARTESIAN_POINT('',(-0.065,0.03,-0.00999999999999994));
#9002=CARTESIAN_POINT('',(-0.0650000000000001,0.005,-0.01));
#9003=CARTESIAN_POINT('',(0.25,0.03,-0.01));
#9004=CARTESIAN_POINT('',(-0.085,0.03,-0.00999999999999994));
#9005=CARTESIAN_POINT('',(-0.085,0.03,-0.01));
#9006=CARTESIAN_POINT('',(-0.085,0.00499999999999999,-0.01));
#9007=CARTESIAN_POINT('',(0.25,0.005,-0.01));
#9008=CARTESIAN_POINT('',(0.25,0.03,-0.01));
#9009=CARTESIAN_POINT('',(-0.115,0.03,-0.01));
#9010=CARTESIAN_POINT('',(-0.115,0.03,-0.00999999999999994));
#9011=CARTESIAN_POINT('',(-0.115,0.005,-0.01));
#9012=CARTESIAN_POINT('',(0.25,0.03,-0.01));
#9013=CARTESIAN_POINT('',(-0.135,0.03,-0.00999999999999994));
#9014=CARTESIAN_POINT('',(-0.135,0.03,-0.01));
#9015=CARTESIAN_POINT('',(-0.135,0.00499999999999999,-0.01));
#9016=CARTESIAN_POINT('',(0.25,0.005,-0.01));
#9017=CARTESIAN_POINT('',(0.25,0.03,-0.01));
#9018=CARTESIAN_POINT('',(-0.165,0.03,-0.01));
#9019=CARTESIAN_POINT('',(-0.165,0.03,-0.00999999999999994));
#9020=CARTESIAN_POINT('',(-0.165,0.005,-0.01));
#9021=CARTESIAN_POINT('',(0.25,0.03,-0.01));
#9022=CARTESIAN_POINT('',(-0.185,0.03,-0.00999999999999994));
#9023=CARTESIAN_POINT('',(-0.185,0.03,-0.01));
#9024=CARTESIAN_POINT('',(-0.185,0.00499999999999999,-0.01));
#9025=CARTESIAN_POINT('',(0.25,0.005,-0.01));
#9026=CARTESIAN_POINT('',(0.25,0.03,-0.01));
#9027=CARTESIAN_POINT('',(-0.215,0.03,-0.01));
#9028=CARTESIAN_POINT('',(-0.215,0.03,-0.00999999999999994));
#9029=CARTESIAN_POINT('',(-0.215,0.005,-0.01));
#9030=CARTESIAN_POINT('',(0.25,0.03,-0.01));
#9031=CARTESIAN_POINT('',(-0.235,0.03,-0.00999999999999994));
#9032=CARTESIAN_POINT('',(-0.235,0.03,-0.01));
#9033=CARTESIAN_POINT('',(-0.235,0.00499999999999999,-0.01));
#9034=CARTESIAN_POINT('',(0.25,0.005,-0.01));
#9035=CARTESIAN_POINT('',(0.25,0.00499999999999999,-0.02));
#9036=CARTESIAN_POINT('',(0.235,0.00499999999999999,-0.02));
#9037=CARTESIAN_POINT('',(0.235,-0.005,-0.02));
#9038=CARTESIAN_POINT('',(0.215,0.00499999999999999,-0.02));
#9039=CARTESIAN_POINT('',(0.215,-0.005,-0.02));
#9040=CARTESIAN_POINT('',(0.25,-0.005,-0.02));
#9041=CARTESIAN_POINT('',(0.25,0.00499999999999999,-0.02));
#9042=CARTESIAN_POINT('',(0.185,0.00499999999999999,-0.02));
#9043=CARTESIAN_POINT('',(0.185,-0.005,-0.02));
#9044=CARTESIAN_POINT('',(0.165,0.00499999999999999,-0.02));
#9045=CARTESIAN_POINT('',(0.165,-0.005,-0.02));
#9046=CARTESIAN_POINT('',(0.25,-0.005,-0.02));
#9047=CARTESIAN_POINT('',(0.25,0.00499999999999999,-0.02));
#9048=CARTESIAN_POINT('',(0.135,0.00499999999999999,-0.02));
#9049=CARTESIAN_POINT('',(0.135,-0.005,-0.02));
#9050=CARTESIAN_POINT('',(0.115,0.00499999999999999,-0.02));
#9051=CARTESIAN_POINT('',(0.115,-0.005,-0.02));
#9052=CARTESIAN_POINT('',(0.25,-0.005,-0.02));
#9053=CARTESIAN_POINT('',(0.25,0.00499999999999999,-0.02));
#9054=CARTESIAN_POINT('',(0.085,0.00499999999999999,-0.02));
#9055=CARTESIAN_POINT('',(0.085,-0.005,-0.02));
#9056=CARTESIAN_POINT('',(0.065,0.00499999999999999,-0.02));
#9057=CARTESIAN_POINT('',(0.065,-0.005,-0.02));
#9058=CARTESIAN_POINT('',(0.25,-0.005,-0.02));
#9059=CARTESIAN_POINT('',(0.25,0.00499999999999999,-0.02));
#9060=CARTESIAN_POINT('',(0.035,0.00499999999999999,-0.02));
#9061=CARTESIAN_POINT('',(0.035,-0.005,-0.02));
#9062=CARTESIAN_POINT('',(0.015,0.00499999999999999,-0.02));
#9063=CARTESIAN_POINT('',(0.015,-0.005,-0.02));
#9064=CARTESIAN_POINT('',(0.25,-0.005,-0.02));
#9065=CARTESIAN_POINT('',(0.25,0.00499999999999999,-0.02));
#9066=CARTESIAN_POINT('',(-0.015,0.00499999999999999,-0.02));
#9067=CARTESIAN_POINT('',(-0.015,-0.005,-0.02));
#9068=CARTESIAN_POINT('',(-0.035,0.00499999999999999,-0.02));
#9069=CARTESIAN_POINT('',(-0.035,-0.005,-0.02));
#9070=CARTESIAN_POINT('',(0.25,-0.005,-0.02));
#9071=CARTESIAN_POINT('',(0.25,0.00499999999999999,-0.02));
#9072=CARTESIAN_POINT('',(-0.0650000000000001,0.00499999999999999,-0.02));
#9073=CARTESIAN_POINT('',(-0.0650000000000001,-0.005,-0.02));
#9074=CARTESIAN_POINT('',(-0.085,0.00499999999999999,-0.02));
#9075=CARTESIAN_POINT('',(-0.085,-0.005,-0.02));
#9076=CARTESIAN_POINT('',(0.25,-0.005,-0.02));
#9077=CARTESIAN_POINT('',(0.25,0.00499999999999999,-0.02));
#9078=CARTESIAN_POINT('',(-0.115,0.00499999999999999,-0.02));
#9079=CARTESIAN_POINT('',(-0.115,-0.005,-0.02));
#9080=CARTESIAN_POINT('',(-0.135,0.00499999999999999,-0.02));
#9081=CARTESIAN_POINT('',(-0.135,-0.005,-0.02));
#9082=CARTESIAN_POINT('',(0.25,-0.005,-0.02));
#9083=CARTESIAN_POINT('',(0.25,0.00499999999999999,-0.02));
#9084=CARTESIAN_POINT('',(-0.165,0.00499999999999999,-0.02));
#9085=CARTESIAN_POINT('',(-0.165,-0.005,-0.02));
#9086=CARTESIAN_POINT('',(-0.185,0.00499999999999999,-0.02));
#9087=CARTESIAN_POINT('',(-0.185,-0.005,-0.02));
#9088=CARTESIAN_POINT('',(0.25,-0.005,-0.02));
#9089=CARTESIAN_POINT('',(0.25,0.00499999999999999,-0.02));
#9090=CARTESIAN_POINT('',(-0.215,0.00499999999999999,-0.02));
#9091=CARTESIAN_POINT('',(-0.215,-0.005,-0.02));
#9092=CARTESIAN_POINT('',(-0.235,0.00499999999999999,-0.02));
#9093=CARTESIAN_POINT('',(-0.235,-0.005,-0.02));
#9094=CARTESIAN_POINT('',(0.25,-0.005,-0.02));
#9095=CARTESIAN_POINT('',(0.25,-0.005,-0.02));
#9096=CARTESIAN_POINT('',(0.235,-0.005,-0.02));
#9097=CARTESIAN_POINT('',(0.235,-0.005,-0.0805));
#9098=CARTESIAN_POINT('',(0.215,-0.005,-0.02));
#9099=CARTESIAN_POINT('',(0.215,-0.005,-0.0805));
#9100=CARTESIAN_POINT('',(0.25,-0.005,-0.0805));
#9101=CARTESIAN_POINT('',(0.25,-0.005,-0.02));
#9102=CARTESIAN_POINT('',(0.185,-0.005,-0.02));
#9103=CARTESIAN_POINT('',(0.185,-0.005,-0.0805));
#9104=CARTESIAN_POINT('',(0.165,-0.005,-0.02));
#9105=CARTESIAN_POINT('',(0.165,-0.005,-0.0805));
#9106=CARTESIAN_POINT('',(0.25,-0.005,-0.0805));
#9107=CARTESIAN_POINT('',(0.25,-0.005,-0.02));
#9108=CARTESIAN_POINT('',(0.135,-0.005,-0.02));
#9109=CARTESIAN_POINT('',(0.135,-0.005,-0.0805));
#9110=CARTESIAN_POINT('',(0.115,-0.005,-0.02));
#9111=CARTESIAN_POINT('',(0.115,-0.005,-0.0805));
#9112=CARTESIAN_POINT('',(0.25,-0.005,-0.0805));
#9113=CARTESIAN_POINT('',(0.25,-0.005,-0.02));
#9114=CARTESIAN_POINT('',(0.085,-0.005,-0.02));
#9115=CARTESIAN_POINT('',(0.085,-0.005,-0.0805));
#9116=CARTESIAN_POINT('',(0.065,-0.005,-0.02));
#9117=CARTESIAN_POINT('',(0.065,-0.005,-0.0805));
#9118=CARTESIAN_POINT('',(0.25,-0.005,-0.0805));
#9119=CARTESIAN_POINT('',(0.25,-0.005,-0.02));
#9120=CARTESIAN_POINT('',(0.035,-0.005,-0.02));
#9121=CARTESIAN_POINT('',(0.035,-0.005,-0.0805));
#9122=CARTESIAN_POINT('',(0.015,-0.005,-0.02));
#9123=CARTESIAN_POINT('',(0.015,-0.005,-0.0805));
#9124=CARTESIAN_POINT('',(0.25,-0.005,-0.0805));
#9125=CARTESIAN_POINT('',(0.25,-0.005,-0.02));
#9126=CARTESIAN_POINT('',(-0.015,-0.005,-0.02));
#9127=CARTESIAN_POINT('',(-0.015,-0.005,-0.0805));
#9128=CARTESIAN_POINT('',(-0.035,-0.005,-0.02));
#9129=CARTESIAN_POINT('',(-0.035,-0.005,-0.0805));
#9130=CARTESIAN_POINT('',(0.25,-0.005,-0.0805));
#9131=CARTESIAN_POINT('',(0.25,-0.005,-0.02));
#9132=CARTESIAN_POINT('',(-0.0650000000000001,-0.005,-0.02));
#9133=CARTESIAN_POINT('',(-0.0650000000000001,-0.005,-0.0805));
#9134=CARTESIAN_POINT('',(-0.085,-0.005,-0.02));
#9135=CARTESIAN_POINT('',(-0.085,-0.005,-0.0805));
#9136=CARTESIAN_POINT('',(0.25,-0.005,-0.0805));
#9137=CARTESIAN_POINT('',(0.25,-0.005,-0.02));
#9138=CARTESIAN_POINT('',(-0.115,-0.005,-0.02));
#9139=CARTESIAN_POINT('',(-0.115,-0.005,-0.0805));
#9140=CARTESIAN_POINT('',(-0.135,-0.005,-0.02));
#9141=CARTESIAN_POINT('',(-0.135,-0.005,-0.0805));
#9142=CARTESIAN_POINT('',(0.25,-0.005,-0.0805));
#9143=CARTESIAN_POINT('',(0.25,-0.005,-0.02));
#9144=CARTESIAN_POINT('',(-0.165,-0.005,-0.02));
#9145=CARTESIAN_POINT('',(-0.165,-0.005,-0.0805));
#9146=CARTESIAN_POINT('',(-0.185,-0.005,-0.02));
#9147=CARTESIAN_POINT('',(-0.185,-0.005,-0.0805));
#9148=CARTESIAN_POINT('',(0.25,-0.005,-0.0805));
#9149=CARTESIAN_POINT('',(0.25,-0.005,-0.02));
#9150=CARTESIAN_POINT('',(-0.215,-0.005,-0.02));
#9151=CARTESIAN_POINT('',(-0.215,-0.005,-0.0805));
#9152=CARTESIAN_POINT('',(-0.235,-0.005,-0.02));
#9153=CARTESIAN_POINT('',(-0.235,-0.005,-0.0805));
#9154=CARTESIAN_POINT('',(0.25,-0.005,-0.0805));
#9155=CARTESIAN_POINT('',(0.25,-0.005,-0.0805));
#9156=CARTESIAN_POINT('',(0.235,-0.005,-0.0805));
#9157=CARTESIAN_POINT('',(0.235,-4.33680868994202E-18,-0.0805));
#9158=CARTESIAN_POINT('',(0.215,-0.005,-0.0805));
#9159=CARTESIAN_POINT('',(0.215,-4.33680868994202E-18,-0.0805));
#9160=CARTESIAN_POINT('',(0.25,-4.26851249010041E-18,-0.0805));
#9161=CARTESIAN_POINT('',(0.25,-0.005,-0.0805));
#9162=CARTESIAN_POINT('',(0.185,-0.005,-0.0805));
#9163=CARTESIAN_POINT('',(0.185,-4.33680868994202E-18,-0.0805));
#9164=CARTESIAN_POINT('',(0.165,-0.005,-0.0805));
#9165=CARTESIAN_POINT('',(0.165,-4.33680868994202E-18,-0.0805));
#9166=CARTESIAN_POINT('',(0.25,-4.26851249010041E-18,-0.0805));
#9167=CARTESIAN_POINT('',(0.25,-0.005,-0.0805));
#9168=CARTESIAN_POINT('',(0.135,-0.005,-0.0805));
#9169=CARTESIAN_POINT('',(0.135,-4.33680868994202E-18,-0.0805));
#9170=CARTESIAN_POINT('',(0.115,-0.005,-0.0805));
#9171=CARTESIAN_POINT('',(0.115,-4.33680868994202E-18,-0.0805));
#9172=CARTESIAN_POINT('',(0.25,-4.26851249010041E-18,-0.0805));
#9173=CARTESIAN_POINT('',(0.25,-0.005,-0.0805));
#9174=CARTESIAN_POINT('',(0.085,-0.005,-0.0805));
#9175=CARTESIAN_POINT('',(0.085,-4.33680868994202E-18,-0.0805));
#9176=CARTESIAN_POINT('',(0.065,-0.005,-0.0805));
#9177=CARTESIAN_POINT('',(0.065,-4.33680868994202E-18,-0.0805));
#9178=CARTESIAN_POINT('',(0.25,-4.26851249010041E-18,-0.0805));
#9179=CARTESIAN_POINT('',(0.25,-0.005,-0.0805));
#9180=CARTESIAN_POINT('',(0.035,-0.005,-0.0805));
#9181=CARTESIAN_POINT('',(0.035,-4.33680868994202E-18,-0.0805));
#9182=CARTESIAN_POINT('',(0.015,-0.005,-0.0805));
#9183=CARTESIAN_POINT('',(0.015,-4.33680868994202E-18,-0.0805));
#9184=CARTESIAN_POINT('',(0.25,-4.26851249010041E-18,-0.0805));
#9185=CARTESIAN_POINT('',(0.25,-0.005,-0.0805));
#9186=CARTESIAN_POINT('',(-0.015,-0.005,-0.0805));
#9187=CARTESIAN_POINT('',(-0.015,-4.33680868994202E-18,-0.0805));
#9188=CARTESIAN_POINT('',(-0.035,-0.005,-0.0805));
#9189=CARTESIAN_POINT('',(-0.035,-4.33680868994202E-18,-0.0805));
#9190=CARTESIAN_POINT('',(0.25,-4.26851249010041E-18,-0.0805));
#9191=CARTESIAN_POINT('',(0.25,-0.005,-0.0805));
#9192=CARTESIAN_POINT('',(-0.0650000000000001,-0.005,-0.0805));
#9193=CARTESIAN_POINT('',(-0.0650000000000001,-4.33680868994202E-18,-0.0805));
#9194=CARTESIAN_POINT('',(-0.085,-0.005,-0.0805));
#9195=CARTESIAN_POINT('',(-0.085,-4.33680868994202E-18,-0.0805));
#9196=CARTESIAN_POINT('',(0.25,-4.26851249010041E-18,-0.0805));
#9197=CARTESIAN_POINT('',(0.25,-0.005,-0.0805));
#9198=CARTESIAN_POINT('',(-0.115,-0.005,-0.0805));
#9199=CARTESIAN_POINT('',(-0.115,-4.33680868994202E-18,-0.0805));
#9200=CARTESIAN_POINT('',(-0.135,-0.005,-0.0805));
#9201=CARTESIAN_POINT('',(-0.135,-4.33680868994202E-18,-0.0805));
#9202=CARTESIAN_POINT('',(0.25,-4.26851249010041E-18,-0.0805));
#9203=CARTESIAN_POINT('',(0.25,-0.005,-0.0805));
#9204=CARTESIAN_POINT('',(-0.165,-0.005,-0.0805));
#9205=CARTESIAN_POINT('',(-0.165,-4.33680868994202E-18,-0.0805));
#9206=CARTESIAN_POINT('',(-0.185,-0.005,-0.0805));
#9207=CARTESIAN_POINT('',(-0.185,-4.33680868994202E-18,-0.0805));
#9208=CARTESIAN_POINT('',(0.25,-4.26851249010041E-18,-0.0805));
#9209=CARTESIAN_POINT('',(0.25,-0.005,-0.0805));
#9210=CARTESIAN_POINT('',(-0.215,-0.005,-0.0805));
#9211=CARTESIAN_POINT('',(-0.215,-4.33680868994202E-18,-0.0805));
#9212=CARTESIAN_POINT('',(-0.235,-0.005,-0.0805));
#9213=CARTESIAN_POINT('',(-0.235,-4.33680868994202E-18,-0.0805));
#9214=CARTESIAN_POINT('',(0.25,-4.26851249010041E-18,-0.0805));
#9215=CARTESIAN_POINT('',(0.25,-4.33680868994202E-18,-0.0805));
#9216=CARTESIAN_POINT('',(0.235,-4.33680868994202E-18,-0.0805));
#9217=CARTESIAN_POINT('',(0.235,-4.26851249010041E-18,-0.02));
#9218=CARTESIAN_POINT('',(0.215,-4.33680868994202E-18,-0.0805));
#9219=CARTESIAN_POINT('',(0.215,-4.26851249010041E-18,-0.02));
#9220=CARTESIAN_POINT('',(0.25,-4.33680868994202E-18,-0.02));
#9221=CARTESIAN_POINT('',(0.25,-4.33680868994202E-18,-0.0805));
#9222=CARTESIAN_POINT('',(0.185,-4.33680868994202E-18,-0.0805));
#9223=CARTESIAN_POINT('',(0.185,-4.26851249010041E-18,-0.02));
#9224=CARTESIAN_POINT('',(0.165,-4.33680868994202E-18,-0.0805));
#9225=CARTESIAN_POINT('',(0.165,-4.26851249010041E-18,-0.02));
#9226=CARTESIAN_POINT('',(0.25,-4.33680868994202E-18,-0.02));
#9227=CARTESIAN_POINT('',(0.25,-4.33680868994202E-18,-0.0805));
#9228=CARTESIAN_POINT('',(0.135,-4.33680868994202E-18,-0.0805));
#9229=CARTESIAN_POINT('',(0.135,-4.26851249010041E-18,-0.02));
#9230=CARTESIAN_POINT('',(0.115,-4.33680868994202E-18,-0.0805));
#9231=CARTESIAN_POINT('',(0.115,-4.26851249010041E-18,-0.02));
#9232=CARTESIAN_POINT('',(0.25,-4.33680868994202E-18,-0.02));
#9233=CARTESIAN_POINT('',(0.25,-4.33680868994202E-18,-0.0805));
#9234=CARTESIAN_POINT('',(0.085,-4.33680868994202E-18,-0.0805));
#9235=CARTESIAN_POINT('',(0.085,-4.26851249010041E-18,-0.02));
#9236=CARTESIAN_POINT('',(0.065,-4.33680868994202E-18,-0.0805));
#9237=CARTESIAN_POINT('',(0.065,-4.26851249010041E-18,-0.02));
#9238=CARTESIAN_POINT('',(0.25,-4.33680868994202E-18,-0.02));
#9239=CARTESIAN_POINT('',(0.25,-4.33680868994202E-18,-0.0805));
#9240=CARTESIAN_POINT('',(0.035,-4.33680868994202E-18,-0.0805));
#9241=CARTESIAN_POINT('',(0.035,-4.26851249010041E-18,-0.02));
#9242=CARTESIAN_POINT('',(0.015,-4.33680868994202E-18,-0.0805));
#9243=CARTESIAN_POINT('',(0.015,-4.26851249010041E-18,-0.02));
#9244=CARTESIAN_POINT('',(0.25,-4.33680868994202E-18,-0.02));
#9245=CARTESIAN_POINT('',(0.25,-4.33680868994202E-18,-0.0805));
#9246=CARTESIAN_POINT('',(-0.015,-4.33680868994202E-18,-0.0805));
#9247=CARTESIAN_POINT('',(-0.015,-4.26851249010041E-18,-0.02));
#9248=CARTESIAN_POINT('',(-0.035,-4.33680868994202E-18,-0.0805));
#9249=CARTESIAN_POINT('',(-0.035,-4.26851249010041E-18,-0.02));
#9250=CARTESIAN_POINT('',(0.25,-4.33680868994202E-18,-0.02));
#9251=CARTESIAN_POINT('',(0.25,-4.33680868994202E-18,-0.0805));
#9252=CARTESIAN_POINT('',(-0.0650000000000001,-4.33680868994202E-18,-0.0805));
#9253=CARTESIAN_POINT('',(-0.0650000000000001,-4.26851249010041E-18,-0.02));
#9254=CARTESIAN_POINT('',(-0.085,-4.33680868994202E-18,-0.0805));
#9255=CARTESIAN_POINT('',(-0.085,-4.26851249010041E-18,-0.02));
#9256=CARTESIAN_POINT('',(0.25,-4.33680868994202E-18,-0.02));
#9257=CARTESIAN_POINT('',(0.25,-4.33680868994202E-18,-0.0805));
#9258=CARTESIAN_POINT('',(-0.115,-4.33680868994202E-18,-0.0805));
#9259=CARTESIAN_POINT('',(-0.115,-4.26851249010041E-18,-0.02));
#9260=CARTESIAN_POINT('',(-0.135,-4.33680868994202E-18,-0.0805));
#9261=CARTESIAN_POINT('',(-0.135,-4.26851249010041E-18,-0.02));
#9262=CARTESIAN_POINT('',(0.25,-4.33680868994202E-18,-0.02));
#9263=CARTESIAN_POINT('',(0.25,-4.33680868994202E-18,-0.0805));
#9264=CARTESIAN_POINT('',(-0.165,-4.33680868994202E-18,-0.0805));
#9265=CARTESIAN_POINT('',(-0.165,-4.26851249010041E-18,-0.02));
#9266=CARTESIAN_POINT('',(-0.185,-4.33680868994202E-18,-0.0805));
#9267=CARTESIAN_POINT('',(-0.185,-4.26851249010041E-18,-0.02));
#9268=CARTESIAN_POINT('',(0.25,-4.33680868994202E-18,-0.02));
#9269=CARTESIAN_POINT('',(0.25,-4.33680868994202E-18,-0.0805));
#9270=CARTESIAN_POINT('',(-0.215,-4.33680868994202E-18,-0.0805));
#9271=CARTESIAN_POINT('',(-0.215,-4.26851249010041E-18,-0.02));
#9272=CARTESIAN_POINT('',(-0.235,-4.33680868994202E-18,-0.0805));
#9273=CARTESIAN_POINT('',(-0.235,-4.26851249010041E-18,-0.02));
#9274=CARTESIAN_POINT('',(0.25,-4.33680868994202E-18,-0.02));
#9275=CARTESIAN_POINT('',(0.25,0.005,-0.02));
#9276=CARTESIAN_POINT('',(0.25,0.00499999999999999,-0.015));
#9277=CARTESIAN_POINT('',(0.235,0.00499999999999999,-0.015));
#9278=CARTESIAN_POINT('',(0.215,0.00499999999999999,-0.015));
#9279=CARTESIAN_POINT('',(0.235,0.005,-0.02));
#9280=CARTESIAN_POINT('',(0.215,0.005,-0.02));
#9281=CARTESIAN_POINT('',(0.25,0.005,-0.02));
#9282=CARTESIAN_POINT('',(0.25,0.00499999999999999,-0.015));
#9283=CARTESIAN_POINT('',(0.185,0.00499999999999999,-0.015));
#9284=CARTESIAN_POINT('',(0.165,0.00499999999999999,-0.015));
#9285=CARTESIAN_POINT('',(0.185,0.005,-0.02));
#9286=CARTESIAN_POINT('',(0.165,0.005,-0.02));
#9287=CARTESIAN_POINT('',(0.25,0.005,-0.02));
#9288=CARTESIAN_POINT('',(0.25,0.00499999999999999,-0.015));
#9289=CARTESIAN_POINT('',(0.135,0.00499999999999999,-0.015));
#9290=CARTESIAN_POINT('',(0.115,0.00499999999999999,-0.015));
#9291=CARTESIAN_POINT('',(0.135,0.005,-0.02));
#9292=CARTESIAN_POINT('',(0.115,0.005,-0.02));
#9293=CARTESIAN_POINT('',(0.25,0.005,-0.02));
#9294=CARTESIAN_POINT('',(0.25,0.00499999999999999,-0.015));
#9295=CARTESIAN_POINT('',(0.085,0.00499999999999999,-0.015));
#9296=CARTESIAN_POINT('',(0.065,0.00499999999999999,-0.015));
#9297=CARTESIAN_POINT('',(0.085,0.005,-0.02));
#9298=CARTESIAN_POINT('',(0.065,0.005,-0.02));
#9299=CARTESIAN_POINT('',(0.25,0.005,-0.02));
#9300=CARTESIAN_POINT('',(0.25,0.00499999999999999,-0.015));
#9301=CARTESIAN_POINT('',(0.035,0.00499999999999999,-0.015));
#9302=CARTESIAN_POINT('',(0.015,0.00499999999999999,-0.015));
#9303=CARTESIAN_POINT('',(0.035,0.005,-0.02));
#9304=CARTESIAN_POINT('',(0.015,0.005,-0.02));
#9305=CARTESIAN_POINT('',(0.25,0.005,-0.02));
#9306=CARTESIAN_POINT('',(0.25,0.00499999999999999,-0.015));
#9307=CARTESIAN_POINT('',(-0.015,0.00499999999999999,-0.015));
#9308=CARTESIAN_POINT('',(-0.035,0.00499999999999999,-0.015));
#9309=CARTESIAN_POINT('',(-0.015,0.005,-0.02));
#9310=CARTESIAN_POINT('',(-0.035,0.005,-0.02));
#9311=CARTESIAN_POINT('',(0.25,0.005,-0.02));
#9312=CARTESIAN_POINT('',(0.25,0.00499999999999999,-0.015));
#9313=CARTESIAN_POINT('',(-0.0650000000000001,0.00499999999999999,-0.015));
#9314=CARTESIAN_POINT('',(-0.085,0.00499999999999999,-0.015));
#9315=CARTESIAN_POINT('',(-0.0650000000000001,0.005,-0.02));
#9316=CARTESIAN_POINT('',(-0.085,0.005,-0.02));
#9317=CARTESIAN_POINT('',(0.25,0.005,-0.02));
#9318=CARTESIAN_POINT('',(0.25,0.00499999999999999,-0.015));
#9319=CARTESIAN_POINT('',(-0.115,0.00499999999999999,-0.015));
#9320=CARTESIAN_POINT('',(-0.135,0.00499999999999999,-0.015));
#9321=CARTESIAN_POINT('',(-0.115,0.005,-0.02));
#9322=CARTESIAN_POINT('',(-0.135,0.005,-0.02));
#9323=CARTESIAN_POINT('',(0.25,0.005,-0.02));
#9324=CARTESIAN_POINT('',(0.25,0.00499999999999999,-0.015));
#9325=CARTESIAN_POINT('',(-0.165,0.00499999999999999,-0.015));
#9326=CARTESIAN_POINT('',(-0.185,0.00499999999999999,-0.015));
#9327=CARTESIAN_POINT('',(-0.165,0.005,-0.02));
#9328=CARTESIAN_POINT('',(-0.185,0.005,-0.02));
#9329=CARTESIAN_POINT('',(0.25,0.005,-0.02));
#9330=CARTESIAN_POINT('',(0.25,0.00499999999999999,-0.015));
#9331=CARTESIAN_POINT('',(-0.215,0.00499999999999999,-0.015));
#9332=CARTESIAN_POINT('',(-0.235,0.00499999999999999,-0.015));
#9333=CARTESIAN_POINT('',(-0.215,0.005,-0.02));
#9334=CARTESIAN_POINT('',(-0.235,0.005,-0.02));
#9335=CARTESIAN_POINT('',(0.25,0.00499999999999999,-0.015));
#9336=CARTESIAN_POINT('',(0.235,0.00499999999999999,-0.015));
#9337=CARTESIAN_POINT('',(0.235,0.03,-0.0149999999999999));
#9338=CARTESIAN_POINT('',(0.215,0.00499999999999999,-0.015));
#9339=CARTESIAN_POINT('',(0.215,0.03,-0.0149999999999999));
#9340=CARTESIAN_POINT('',(0.25,0.03,-0.015));
#9341=CARTESIAN_POINT('',(0.25,0.00499999999999999,-0.015));
#9342=CARTESIAN_POINT('',(0.185,0.00499999999999999,-0.015));
#9343=CARTESIAN_POINT('',(0.185,0.03,-0.0149999999999999));
#9344=CARTESIAN_POINT('',(0.165,0.00499999999999999,-0.015));
#9345=CARTESIAN_POINT('',(0.165,0.03,-0.0149999999999999));
#9346=CARTESIAN_POINT('',(0.25,0.03,-0.015));
#9347=CARTESIAN_POINT('',(0.25,0.00499999999999999,-0.015));
#9348=CARTESIAN_POINT('',(0.135,0.00499999999999999,-0.015));
#9349=CARTESIAN_POINT('',(0.135,0.03,-0.0149999999999999));
#9350=CARTESIAN_POINT('',(0.115,0.00499999999999999,-0.015));
#9351=CARTESIAN_POINT('',(0.115,0.03,-0.0149999999999999));
#9352=CARTESIAN_POINT('',(0.25,0.03,-0.015));
#9353=CARTESIAN_POINT('',(0.25,0.00499999999999999,-0.015));
#9354=CARTESIAN_POINT('',(0.085,0.00499999999999999,-0.015));
#9355=CARTESIAN_POINT('',(0.085,0.03,-0.0149999999999999));
#9356=CARTESIAN_POINT('',(0.065,0.00499999999999999,-0.015));
#9357=CARTESIAN_POINT('',(0.065,0.03,-0.0149999999999999));
#9358=CARTESIAN_POINT('',(0.25,0.03,-0.015));
#9359=CARTESIAN_POINT('',(0.25,0.00499999999999999,-0.015));
#9360=CARTESIAN_POINT('',(0.035,0.00499999999999999,-0.015));
#9361=CARTESIAN_POINT('',(0.035,0.03,-0.0149999999999999));
#9362=CARTESIAN_POINT('',(0.015,0.00499999999999999,-0.015));
#9363=CARTESIAN_POINT('',(0.015,0.03,-0.0149999999999999));
#9364=CARTESIAN_POINT('',(0.25,0.03,-0.015));
#9365=CARTESIAN_POINT('',(0.25,0.00499999999999999,-0.015));
#9366=CARTESIAN_POINT('',(-0.015,0.00499999999999999,-0.015));
#9367=CARTESIAN_POINT('',(-0.015,0.03,-0.0149999999999999));
#9368=CARTESIAN_POINT('',(-0.035,0.00499999999999999,-0.015));
#9369=CARTESIAN_POINT('',(-0.035,0.03,-0.0149999999999999));
#9370=CARTESIAN_POINT('',(0.25,0.03,-0.015));
#9371=CARTESIAN_POINT('',(0.25,0.00499999999999999,-0.015));
#9372=CARTESIAN_POINT('',(-0.0650000000000001,0.00499999999999999,-0.015));
#9373=CARTESIAN_POINT('',(-0.065,0.03,-0.0149999999999999));
#9374=CARTESIAN_POINT('',(-0.085,0.00499999999999999,-0.015));
#9375=CARTESIAN_POINT('',(-0.085,0.03,-0.0149999999999999));
#9376=CARTESIAN_POINT('',(0.25,0.03,-0.015));
#9377=CARTESIAN_POINT('',(0.25,0.00499999999999999,-0.015));
#9378=CARTESIAN_POINT('',(-0.115,0.00499999999999999,-0.015));
#9379=CARTESIAN_POINT('',(-0.115,0.03,-0.0149999999999999));
#9380=CARTESIAN_POINT('',(-0.135,0.00499999999999999,-0.015));
#9381=CARTESIAN_POINT('',(-0.135,0.03,-0.0149999999999999));
#9382=CARTESIAN_POINT('',(0.25,0.03,-0.015));
#9383=CARTESIAN_POINT('',(0.25,0.00499999999999999,-0.015));
#9384=CARTESIAN_POINT('',(-0.165,0.00499999999999999,-0.015));
#9385=CARTESIAN_POINT('',(-0.165,0.03,-0.0149999999999999));
#9386=CARTESIAN_POINT('',(-0.185,0.00499999999999999,-0.015));
#9387=CARTESIAN_POINT('',(-0.185,0.03,-0.0149999999999999));
#9388=CARTESIAN_POINT('',(0.25,0.03,-0.015));
#9389=CARTESIAN_POINT('',(0.25,0.00499999999999999,-0.015));
#9390=CARTESIAN_POINT('',(-0.215,0.00499999999999999,-0.015));
#9391=CARTESIAN_POINT('',(-0.215,0.03,-0.0149999999999999));
#9392=CARTESIAN_POINT('',(-0.235,0.00499999999999999,-0.015));
#9393=CARTESIAN_POINT('',(-0.235,0.03,-0.0149999999999999));
#9394=CARTESIAN_POINT('',(0.25,0.03,-0.015));
#9395=CARTESIAN_POINT('',(0.25,0.03,0.015));
#9396=CARTESIAN_POINT('',(0.235,0.03,0.015));
#9397=CARTESIAN_POINT('',(0.235,0.03,0.015));
#9398=CARTESIAN_POINT('',(0.235,0.00499999999999997,0.015));
#9399=CARTESIAN_POINT('',(0.25,0.03,0.015));
#9400=CARTESIAN_POINT('',(0.215,0.03,0.015));
#9401=CARTESIAN_POINT('',(0.215,0.03,0.015));
#9402=CARTESIAN_POINT('',(0.215,0.00499999999999999,0.015));
#9403=CARTESIAN_POINT('',(0.25,0.00499999999999999,0.015));
#9404=CARTESIAN_POINT('',(0.25,0.03,0.015));
#9405=CARTESIAN_POINT('',(0.185,0.03,0.015));
#9406=CARTESIAN_POINT('',(0.185,0.03,0.015));
#9407=CARTESIAN_POINT('',(0.185,0.00499999999999999,0.015));
#9408=CARTESIAN_POINT('',(0.25,0.03,0.015));
#9409=CARTESIAN_POINT('',(0.165,0.03,0.015));
#9410=CARTESIAN_POINT('',(0.165,0.03,0.015));
#9411=CARTESIAN_POINT('',(0.165,0.00499999999999999,0.015));
#9412=CARTESIAN_POINT('',(0.25,0.00499999999999999,0.015));
#9413=CARTESIAN_POINT('',(0.25,0.03,0.015));
#9414=CARTESIAN_POINT('',(0.135,0.03,0.015));
#9415=CARTESIAN_POINT('',(0.135,0.03,0.015));
#9416=CARTESIAN_POINT('',(0.135,0.00499999999999999,0.015));
#9417=CARTESIAN_POINT('',(0.25,0.03,0.015));
#9418=CARTESIAN_POINT('',(0.115,0.03,0.015));
#9419=CARTESIAN_POINT('',(0.115,0.03,0.015));
#9420=CARTESIAN_POINT('',(0.115,0.00499999999999999,0.015));
#9421=CARTESIAN_POINT('',(0.25,0.00499999999999999,0.015));
#9422=CARTESIAN_POINT('',(0.25,0.03,0.015));
#9423=CARTESIAN_POINT('',(0.085,0.03,0.015));
#9424=CARTESIAN_POINT('',(0.085,0.03,0.015));
#9425=CARTESIAN_POINT('',(0.085,0.00499999999999999,0.015));
#9426=CARTESIAN_POINT('',(0.25,0.03,0.015));
#9427=CARTESIAN_POINT('',(0.065,0.03,0.015));
#9428=CARTESIAN_POINT('',(0.065,0.03,0.015));
#9429=CARTESIAN_POINT('',(0.065,0.00499999999999999,0.015));
#9430=CARTESIAN_POINT('',(0.25,0.00499999999999999,0.015));
#9431=CARTESIAN_POINT('',(0.25,0.03,0.015));
#9432=CARTESIAN_POINT('',(0.035,0.03,0.015));
#9433=CARTESIAN_POINT('',(0.035,0.03,0.015));
#9434=CARTESIAN_POINT('',(0.035,0.00499999999999999,0.015));
#9435=CARTESIAN_POINT('',(0.25,0.03,0.015));
#9436=CARTESIAN_POINT('',(0.015,0.03,0.015));
#9437=CARTESIAN_POINT('',(0.015,0.03,0.015));
#9438=CARTESIAN_POINT('',(0.015,0.00499999999999999,0.015));
#9439=CARTESIAN_POINT('',(0.25,0.00499999999999999,0.015));
#9440=CARTESIAN_POINT('',(0.25,0.03,0.015));
#9441=CARTESIAN_POINT('',(-0.015,0.03,0.015));
#9442=CARTESIAN_POINT('',(-0.015,0.03,0.015));
#9443=CARTESIAN_POINT('',(-0.015,0.00499999999999999,0.015));
#9444=CARTESIAN_POINT('',(0.25,0.03,0.015));
#9445=CARTESIAN_POINT('',(-0.035,0.03,0.015));
#9446=CARTESIAN_POINT('',(-0.035,0.03,0.015));
#9447=CARTESIAN_POINT('',(-0.035,0.00499999999999999,0.015));
#9448=CARTESIAN_POINT('',(0.25,0.00499999999999999,0.015));
#9449=CARTESIAN_POINT('',(0.25,0.03,0.015));
#9450=CARTESIAN_POINT('',(-0.0650000000000001,0.03,0.015));
#9451=CARTESIAN_POINT('',(-0.065,0.03,0.015));
#9452=CARTESIAN_POINT('',(-0.0650000000000001,0.00499999999999999,0.015));
#9453=CARTESIAN_POINT('',(0.25,0.03,0.015));
#9454=CARTESIAN_POINT('',(-0.085,0.03,0.015));
#9455=CARTESIAN_POINT('',(-0.085,0.03,0.015));
#9456=CARTESIAN_POINT('',(-0.085,0.00499999999999999,0.015));
#9457=CARTESIAN_POINT('',(0.25,0.00499999999999999,0.015));
#9458=CARTESIAN_POINT('',(0.25,0.03,0.015));
#9459=CARTESIAN_POINT('',(-0.115,0.03,0.015));
#9460=CARTESIAN_POINT('',(-0.115,0.03,0.015));
#9461=CARTESIAN_POINT('',(-0.115,0.00499999999999999,0.015));
#9462=CARTESIAN_POINT('',(0.25,0.03,0.015));
#9463=CARTESIAN_POINT('',(-0.135,0.03,0.015));
#9464=CARTESIAN_POINT('',(-0.135,0.03,0.015));
#9465=CARTESIAN_POINT('',(-0.135,0.00499999999999999,0.015));
#9466=CARTESIAN_POINT('',(0.25,0.00499999999999999,0.015));
#9467=CARTESIAN_POINT('',(0.25,0.03,0.015));
#9468=CARTESIAN_POINT('',(-0.165,0.03,0.015));
#9469=CARTESIAN_POINT('',(-0.165,0.03,0.015));
#9470=CARTESIAN_POINT('',(-0.165,0.00499999999999999,0.015));
#9471=CARTESIAN_POINT('',(0.25,0.03,0.015));
#9472=CARTESIAN_POINT('',(-0.185,0.03,0.015));
#9473=CARTESIAN_POINT('',(-0.185,0.03,0.015));
#9474=CARTESIAN_POINT('',(-0.185,0.00499999999999999,0.015));
#9475=CARTESIAN_POINT('',(0.25,0.00499999999999999,0.015));
#9476=CARTESIAN_POINT('',(0.25,0.03,0.015));
#9477=CARTESIAN_POINT('',(-0.215,0.03,0.015));
#9478=CARTESIAN_POINT('',(-0.215,0.03,0.015));
#9479=CARTESIAN_POINT('',(-0.215,0.00499999999999999,0.015));
#9480=CARTESIAN_POINT('',(0.25,0.03,0.015));
#9481=CARTESIAN_POINT('',(-0.235,0.03,0.015));
#9482=CARTESIAN_POINT('',(-0.235,0.03,0.015));
#9483=CARTESIAN_POINT('',(-0.235,0.00499999999999999,0.015));
#9484=CARTESIAN_POINT('',(0.25,0.00499999999999999,0.015));
#9485=CARTESIAN_POINT('',(0.25,0.00499999999999997,0.02));
#9486=CARTESIAN_POINT('',(0.235,0.00499999999999997,0.02));
#9487=CARTESIAN_POINT('',(0.215,0.00499999999999997,0.02));
#9488=CARTESIAN_POINT('',(0.25,0.00499999999999997,0.02));
#9489=CARTESIAN_POINT('',(0.185,0.00499999999999997,0.02));
#9490=CARTESIAN_POINT('',(0.165,0.00499999999999997,0.02));
#9491=CARTESIAN_POINT('',(0.25,0.00499999999999997,0.02));
#9492=CARTESIAN_POINT('',(0.135,0.00499999999999997,0.02));
#9493=CARTESIAN_POINT('',(0.115,0.00499999999999997,0.02));
#9494=CARTESIAN_POINT('',(0.25,0.00499999999999997,0.02));
#9495=CARTESIAN_POINT('',(0.085,0.00499999999999997,0.02));
#9496=CARTESIAN_POINT('',(0.065,0.00499999999999997,0.02));
#9497=CARTESIAN_POINT('',(0.25,0.00499999999999997,0.02));
#9498=CARTESIAN_POINT('',(0.035,0.00499999999999997,0.02));
#9499=CARTESIAN_POINT('',(0.015,0.00499999999999997,0.02));
#9500=CARTESIAN_POINT('',(0.25,0.00499999999999997,0.02));
#9501=CARTESIAN_POINT('',(-0.015,0.00499999999999997,0.02));
#9502=CARTESIAN_POINT('',(-0.035,0.00499999999999997,0.02));
#9503=CARTESIAN_POINT('',(0.25,0.00499999999999997,0.02));
#9504=CARTESIAN_POINT('',(-0.0650000000000001,0.00499999999999997,0.02));
#9505=CARTESIAN_POINT('',(-0.085,0.00499999999999997,0.02));
#9506=CARTESIAN_POINT('',(0.25,0.00499999999999997,0.02));
#9507=CARTESIAN_POINT('',(-0.115,0.00499999999999997,0.02));
#9508=CARTESIAN_POINT('',(-0.135,0.00499999999999997,0.02));
#9509=CARTESIAN_POINT('',(0.25,0.00499999999999997,0.02));
#9510=CARTESIAN_POINT('',(-0.165,0.00499999999999997,0.02));
#9511=CARTESIAN_POINT('',(-0.185,0.00499999999999997,0.02));
#9512=CARTESIAN_POINT('',(0.25,0.00499999999999997,0.02));
#9513=CARTESIAN_POINT('',(-0.215,0.00499999999999997,0.02));
#9514=CARTESIAN_POINT('',(-0.235,0.00499999999999997,0.02));
#9515=CARTESIAN_POINT('',(0.25,0.00499999999999998,0.02));
#9516=CARTESIAN_POINT('',(0.25,0.0415,0.0225));
#9517=CARTESIAN_POINT('',(0.25,0.0415,0.0225));
#9518=CARTESIAN_POINT('',(0.25,0.03,0.0225));
#9519=CARTESIAN_POINT('',(0.25,0.03,0.01));
#9520=CARTESIAN_POINT('',(0.25,0.03,-0.0225));
#9521=CARTESIAN_POINT('',(0.25,0.03,-0.0225));
#9522=CARTESIAN_POINT('',(0.25,0.0415,-0.0225));
#9523=CARTESIAN_POINT('',(0.25,0.0415,-0.0225));
#9524=CARTESIAN_POINT('',(-0.25,0.00499999999999998,0.02));
#9525=CARTESIAN_POINT('',(-0.25,0.03,-0.0225));
#9526=CARTESIAN_POINT('',(-0.25,0.03,-0.0225));
#9527=CARTESIAN_POINT('',(-0.25,0.0415,-0.0225));
#9528=CARTESIAN_POINT('',(-0.25,0.03,0.0225));
#9529=CARTESIAN_POINT('',(-0.25,0.03,0.0225));
#9530=CARTESIAN_POINT('',(-0.25,0.0415,0.0225));
#9531=CARTESIAN_POINT('',(-0.25,0.0415,0.0225));
#9532=CARTESIAN_POINT('',(-0.25,0.0415,-0.0225));
#9533=CARTESIAN_POINT('',(0.25,0.03,-0.0225));
#9534=CARTESIAN_POINT('',(0.25,0.0415,-0.0225));
#9535=CARTESIAN_POINT('',(0.25,0.03,-0.0225));
#9536=CARTESIAN_POINT('',(0.25,0.0415,-0.0225));
#9537=CARTESIAN_POINT('',(0.25,0.0415,0.0225));
#9538=CARTESIAN_POINT('',(0.25,0.0415,0.0225));
#9539=CARTESIAN_POINT('',(0.25,0.03,0.0225));
#9540=CARTESIAN_POINT('',(0.25,0.03,0.0225));
#9541=CARTESIAN_POINT('',(0.235,0.03,0.15));
#9542=CARTESIAN_POINT('',(0.215,0.03,0.15));
#9543=CARTESIAN_POINT('',(0.165,0.03,0.15));
#9544=CARTESIAN_POINT('',(0.185,0.03,0.15));
#9545=CARTESIAN_POINT('',(0.115,0.03,0.15));
#9546=CARTESIAN_POINT('',(0.135,0.03,0.15));
#9547=CARTESIAN_POINT('',(0.065,0.03,0.15));
#9548=CARTESIAN_POINT('',(0.085,0.03,0.15));
#9549=CARTESIAN_POINT('',(0.015,0.03,0.15));
#9550=CARTESIAN_POINT('',(0.035,0.03,0.15));
#9551=CARTESIAN_POINT('',(-0.035,0.03,0.15));
#9552=CARTESIAN_POINT('',(-0.015,0.03,0.15));
#9553=CARTESIAN_POINT('',(-0.085,0.03,0.15));
#9554=CARTESIAN_POINT('',(-0.065,0.03,0.15));
#9555=CARTESIAN_POINT('',(-0.135,0.03,0.15));
#9556=CARTESIAN_POINT('',(-0.115,0.03,0.15));
#9557=CARTESIAN_POINT('',(-0.185,0.03,0.15));
#9558=CARTESIAN_POINT('',(-0.165,0.03,0.15));
#9559=CARTESIAN_POINT('',(-0.215,0.03,0.15));
#9560=CARTESIAN_POINT('',(-0.235,0.03,0.15));
#9561=CARTESIAN_POINT('',(0.235,0.03,0.15));
#9562=CARTESIAN_POINT('',(0.215,0.03,0.15));
#9563=CARTESIAN_POINT('',(0.185,0.03,0.15));
#9564=CARTESIAN_POINT('',(0.165,0.03,0.15));
#9565=CARTESIAN_POINT('',(0.135,0.03,0.15));
#9566=CARTESIAN_POINT('',(0.115,0.03,0.15));
#9567=CARTESIAN_POINT('',(0.085,0.03,0.15));
#9568=CARTESIAN_POINT('',(0.065,0.03,0.15));
#9569=CARTESIAN_POINT('',(0.035,0.03,0.15));
#9570=CARTESIAN_POINT('',(0.015,0.03,0.15));
#9571=CARTESIAN_POINT('',(-0.015,0.03,0.15));
#9572=CARTESIAN_POINT('',(-0.035,0.03,0.15));
#9573=CARTESIAN_POINT('',(-0.065,0.03,0.15));
#9574=CARTESIAN_POINT('',(-0.085,0.03,0.15));
#9575=CARTESIAN_POINT('',(-0.115,0.03,0.15));
#9576=CARTESIAN_POINT('',(-0.135,0.03,0.15));
#9577=CARTESIAN_POINT('',(-0.165,0.03,0.15));
#9578=CARTESIAN_POINT('',(-0.185,0.03,0.15));
#9579=CARTESIAN_POINT('',(-0.215,0.03,0.15));
#9580=CARTESIAN_POINT('',(-0.235,0.03,0.15));
#9581=CARTESIAN_POINT('',(-0.235,-0.01,0.15));
#9582=CARTESIAN_POINT('',(-0.235,-0.01,0.15));
#9583=CARTESIAN_POINT('',(0.235,0.03,0.15));
#9584=CARTESIAN_POINT('',(0.235,0.03,0.15));
#9585=CARTESIAN_POINT('',(-0.185,-0.01,0.15));
#9586=CARTESIAN_POINT('',(-0.215,0.03,0.15));
#9587=CARTESIAN_POINT('',(-0.135,-0.01,0.15));
#9588=CARTESIAN_POINT('',(-0.165,0.03,0.15));
#9589=CARTESIAN_POINT('',(-0.085,-0.01,0.15));
#9590=CARTESIAN_POINT('',(-0.115,0.03,0.15));
#9591=CARTESIAN_POINT('',(-0.035,-0.01,0.15));
#9592=CARTESIAN_POINT('',(-0.065,0.03,0.15));
#9593=CARTESIAN_POINT('',(0.015,-0.01,0.15));
#9594=CARTESIAN_POINT('',(-0.015,0.03,0.15));
#9595=CARTESIAN_POINT('',(0.065,-0.01,0.15));
#9596=CARTESIAN_POINT('',(0.035,0.03,0.15));
#9597=CARTESIAN_POINT('',(0.115,-0.01,0.15));
#9598=CARTESIAN_POINT('',(0.085,0.03,0.15));
#9599=CARTESIAN_POINT('',(0.165,-0.01,0.15));
#9600=CARTESIAN_POINT('',(0.135,0.03,0.15));
#9601=CARTESIAN_POINT('',(0.215,-0.01,0.15));
#9602=CARTESIAN_POINT('',(0.185,0.03,0.15));
#9603=CARTESIAN_POINT('',(-0.215,0.03,0.15));
#9604=CARTESIAN_POINT('',(-0.185,-0.01,0.15));
#9605=CARTESIAN_POINT('',(-0.165,0.03,0.15));
#9606=CARTESIAN_POINT('',(-0.135,-0.01,0.15));
#9607=CARTESIAN_POINT('',(-0.115,0.03,0.15));
#9608=CARTESIAN_POINT('',(-0.085,-0.01,0.15));
#9609=CARTESIAN_POINT('',(-0.065,0.03,0.15));
#9610=CARTESIAN_POINT('',(-0.035,-0.01,0.15));
#9611=CARTESIAN_POINT('',(-0.015,0.03,0.15));
#9612=CARTESIAN_POINT('',(0.015,-0.01,0.15));
#9613=CARTESIAN_POINT('',(0.035,0.03,0.15));
#9614=CARTESIAN_POINT('',(0.065,-0.01,0.15));
#9615=CARTESIAN_POINT('',(0.085,0.03,0.15));
#9616=CARTESIAN_POINT('',(0.115,-0.01,0.15));
#9617=CARTESIAN_POINT('',(0.135,0.03,0.15));
#9618=CARTESIAN_POINT('',(0.165,-0.01,0.15));
#9619=CARTESIAN_POINT('',(0.215,-0.01,0.15));
#9620=CARTESIAN_POINT('',(0.185,0.03,0.15));
#9621=CARTESIAN_POINT('',(0.,0.,0.));
#9622=MECHANICAL_DESIGN_GEOMETRIC_PRESENTATION_REPRESENTATION('',(#5934,
#5935),#9623);
#9623=(
GEOMETRIC_REPRESENTATION_CONTEXT(3)
GLOBAL_UNCERTAINTY_ASSIGNED_CONTEXT((#9626))
GLOBAL_UNIT_ASSIGNED_CONTEXT((#9631,#9630,#9629))
REPRESENTATION_CONTEXT('SFM-110-02-L-D-A','TOP_LEVEL_ASSEMBLY_PART')
);
#9624=(
GEOMETRIC_REPRESENTATION_CONTEXT(3)
GLOBAL_UNCERTAINTY_ASSIGNED_CONTEXT((#9627))
GLOBAL_UNIT_ASSIGNED_CONTEXT((#9631,#9630,#9629))
REPRESENTATION_CONTEXT('SFM-110-02-L-D-A_terminal','COMPONENT_PART')
);
#9625=(
GEOMETRIC_REPRESENTATION_CONTEXT(3)
GLOBAL_UNCERTAINTY_ASSIGNED_CONTEXT((#9628))
GLOBAL_UNIT_ASSIGNED_CONTEXT((#9631,#9630,#9629))
REPRESENTATION_CONTEXT('C-10-02-D-L_pins','COMPONENT_PART')
);
#9626=UNCERTAINTY_MEASURE_WITH_UNIT(LENGTH_MEASURE(0.000196850393700787),
#9631,'DISTANCE_ACCURACY_VALUE','Maximum Tolerance applied to model');
#9627=UNCERTAINTY_MEASURE_WITH_UNIT(LENGTH_MEASURE(0.000196850393700787),
#9631,'DISTANCE_ACCURACY_VALUE','Maximum Tolerance applied to model');
#9628=UNCERTAINTY_MEASURE_WITH_UNIT(LENGTH_MEASURE(0.000196850393700787),
#9631,'DISTANCE_ACCURACY_VALUE','Maximum Tolerance applied to model');
#9629=(
NAMED_UNIT(*)
SI_UNIT($,.STERADIAN.)
SOLID_ANGLE_UNIT()
);
#9630=(
NAMED_UNIT(*)
PLANE_ANGLE_UNIT()
SI_UNIT($,.RADIAN.)
);
#9631=(
CONVERSION_BASED_UNIT('INCH',#9633)
LENGTH_UNIT()
NAMED_UNIT(#9632)
);
#9632=DIMENSIONAL_EXPONENTS(1.,0.,0.,0.,0.,0.,0.);
#9633=LENGTH_MEASURE_WITH_UNIT(LENGTH_MEASURE(25.4),#9634);
#9634=(
LENGTH_UNIT()
NAMED_UNIT(*)
SI_UNIT(.MILLI.,.METRE.)
);
#9635=PRODUCT_DEFINITION_SHAPE('','',#9640);
#9636=PRODUCT_DEFINITION_SHAPE('','',#9641);
#9637=PRODUCT_DEFINITION_SHAPE(' ','NAUO PRDDFN',#20);
#9638=PRODUCT_DEFINITION_SHAPE('','',#9642);
#9639=PRODUCT_DEFINITION_SHAPE(' ','NAUO PRDDFN',#21);
#9640=PRODUCT_DEFINITION('','',#9646,#9643);
#9641=PRODUCT_DEFINITION('','',#9647,#9644);
#9642=PRODUCT_DEFINITION('','',#9648,#9645);
#9643=PRODUCT_DEFINITION_CONTEXT('',#9662,'design');
#9644=PRODUCT_DEFINITION_CONTEXT('',#9662,'design');
#9645=PRODUCT_DEFINITION_CONTEXT('',#9662,'design');
#9646=PRODUCT_DEFINITION_FORMATION_WITH_SPECIFIED_SOURCE('','',#9652,
 .NOT_KNOWN.);
#9647=PRODUCT_DEFINITION_FORMATION_WITH_SPECIFIED_SOURCE('','',#9653,
 .NOT_KNOWN.);
#9648=PRODUCT_DEFINITION_FORMATION_WITH_SPECIFIED_SOURCE('','',#9654,
 .NOT_KNOWN.);
#9649=PRODUCT_RELATED_PRODUCT_CATEGORY('','',(#9652));
#9650=PRODUCT_RELATED_PRODUCT_CATEGORY('','',(#9653));
#9651=PRODUCT_RELATED_PRODUCT_CATEGORY('','',(#9654));
#9652=PRODUCT('SFM-110-02-L-D-A','SFM-110-02-L-D-A','SFM-110-02-L-D-A',
(#9658));
#9653=PRODUCT('SFM-110-02-L-D-A_terminal','SFM-110-02-L-D-A_terminal',
'SFM-110-02-L-D-A_terminal',(#9659));
#9654=PRODUCT('C-10-02-D-L_pins','C-10-02-D-L_pins','C-10-02-D-L_pins',
(#9660));
#9655=PRODUCT_CATEGORY('','');
#9656=PRODUCT_CATEGORY('','');
#9657=PRODUCT_CATEGORY('','');
#9658=PRODUCT_CONTEXT('',#9662,'mechanical');
#9659=PRODUCT_CONTEXT('',#9662,'mechanical');
#9660=PRODUCT_CONTEXT('',#9662,'mechanical');
#9661=APPLICATION_PROTOCOL_DEFINITION('international standard',
'automotive_design',2010,#9662);
#9662=APPLICATION_CONTEXT(
'core data for automotive mechanical design processes');
ENDSEC;
END-ISO-10303-21;
