ISO-10303-21;
HEADER;
FILE_DESCRIPTION( ( 'Unknown' ), '1' );
FILE_NAME( 'I:/User_Groups_Only/17_EMC_Product_&_Development/Article_Master/Var_Circuit_Protection/VarTVSP/Master_Data/01_CAD_drawing/1_Drawing/DO-214AC_Unidirectional/Released_Data/DO-214AC_Unidirectional.stp', 'Unknown', ( 'Unknown' ), ( 'Unknown' ), 'PSStep 17.0.49', 'Unknown', '  ' );
FILE_SCHEMA( ( 'AUTOMOTIVE_DESIGN { 1 0 10303 214 1 1 1 1 }' ) );
ENDSEC;
DATA;
#1 = MECHANICAL_DESIGN_GEOMETRIC_PRESENTATION_REPRESENTATION( ' ', ( #10, #11, #12, #13, #14, #15, #16, #17, #18, #19, #20, #21, #22, #23, #24, #25, #26, #27, #28, #29, #30, #31, #32, #33, #34, #35, #36, #37, #38, #39, #40, #41, #42, #43, #44, #45, #46, #47, #48, #49, #50, #51, #52, #53, #54, #55, #56, #57, #58, #59, #60, #61, #62, #63, #64, #65, #66, #67, #68, #69, #70, #71, #72, #73, #74, #75, #76, #77, #78, #79, #80, #81, #82, #83, #84, #85, #86, #87, #88, #89, #90, #91, #92, #93, #94, #95, #96, #97, #98, #99, #100, #101, #102, #103, #104, #105, #106, #107, #108, #109, #110, #111, #112, #113, #114, #115, #116, #117, #118, #119, #120, #121, #122, #123 ), #6 );
#2 = PRODUCT_DEFINITION_CONTEXT( '', #124, 'design' );
#3 = APPLICATION_PROTOCOL_DEFINITION( 'international standard', 'automotive_design', 2001, #124 );
#4 = PRODUCT_CATEGORY_RELATIONSHIP( 'NONE', 'NONE', #125, #126 );
#5 = SHAPE_DEFINITION_REPRESENTATION( #127, #128 );
#6 =  ( GEOMETRIC_REPRESENTATION_CONTEXT( 3 )GLOBAL_UNCERTAINTY_ASSIGNED_CONTEXT( ( #131 ) )GLOBAL_UNIT_ASSIGNED_CONTEXT( ( #133, #134, #135 ) )REPRESENTATION_CONTEXT( 'NONE', 'WORKSPACE' ) );
#10 = STYLED_ITEM( '', ( #137 ), #138 );
#11 = STYLED_ITEM( '', ( #139 ), #140 );
#12 = STYLED_ITEM( '', ( #141 ), #142 );
#13 = STYLED_ITEM( '', ( #143 ), #144 );
#14 = STYLED_ITEM( '', ( #145 ), #146 );
#15 = STYLED_ITEM( '', ( #147 ), #148 );
#16 = STYLED_ITEM( '', ( #149 ), #150 );
#17 = STYLED_ITEM( '', ( #151 ), #152 );
#18 = STYLED_ITEM( '', ( #153 ), #154 );
#19 = STYLED_ITEM( '', ( #155 ), #156 );
#20 = STYLED_ITEM( '', ( #157 ), #158 );
#21 = STYLED_ITEM( '', ( #159 ), #160 );
#22 = STYLED_ITEM( '', ( #161 ), #162 );
#23 = STYLED_ITEM( '', ( #163 ), #164 );
#24 = STYLED_ITEM( '', ( #165 ), #166 );
#25 = STYLED_ITEM( '', ( #167 ), #168 );
#26 = STYLED_ITEM( '', ( #169 ), #170 );
#27 = STYLED_ITEM( '', ( #171 ), #172 );
#28 = STYLED_ITEM( '', ( #173 ), #174 );
#29 = STYLED_ITEM( '', ( #175 ), #176 );
#30 = STYLED_ITEM( '', ( #177 ), #178 );
#31 = STYLED_ITEM( '', ( #179 ), #180 );
#32 = STYLED_ITEM( '', ( #181 ), #182 );
#33 = STYLED_ITEM( '', ( #183 ), #184 );
#34 = STYLED_ITEM( '', ( #185 ), #186 );
#35 = STYLED_ITEM( '', ( #187 ), #188 );
#36 = STYLED_ITEM( '', ( #189 ), #190 );
#37 = STYLED_ITEM( '', ( #191 ), #192 );
#38 = STYLED_ITEM( '', ( #193 ), #194 );
#39 = STYLED_ITEM( '', ( #195 ), #196 );
#40 = STYLED_ITEM( '', ( #197 ), #198 );
#41 = STYLED_ITEM( '', ( #199 ), #200 );
#42 = STYLED_ITEM( '', ( #201 ), #202 );
#43 = STYLED_ITEM( '', ( #203 ), #204 );
#44 = STYLED_ITEM( '', ( #205 ), #206 );
#45 = STYLED_ITEM( '', ( #207 ), #208 );
#46 = STYLED_ITEM( '', ( #209 ), #210 );
#47 = STYLED_ITEM( '', ( #211 ), #212 );
#48 = STYLED_ITEM( '', ( #213 ), #214 );
#49 = STYLED_ITEM( '', ( #215 ), #216 );
#50 = STYLED_ITEM( '', ( #217 ), #218 );
#51 = STYLED_ITEM( '', ( #219 ), #220 );
#52 = STYLED_ITEM( '', ( #221 ), #222 );
#53 = STYLED_ITEM( '', ( #223 ), #224 );
#54 = STYLED_ITEM( '', ( #225 ), #226 );
#55 = STYLED_ITEM( '', ( #227 ), #228 );
#56 = STYLED_ITEM( '', ( #229 ), #230 );
#57 = STYLED_ITEM( '', ( #231 ), #232 );
#58 = STYLED_ITEM( '', ( #233 ), #234 );
#59 = STYLED_ITEM( '', ( #235 ), #236 );
#60 = STYLED_ITEM( '', ( #237 ), #238 );
#61 = STYLED_ITEM( '', ( #239 ), #240 );
#62 = STYLED_ITEM( '', ( #241 ), #242 );
#63 = STYLED_ITEM( '', ( #243 ), #244 );
#64 = STYLED_ITEM( '', ( #245 ), #246 );
#65 = STYLED_ITEM( '', ( #247 ), #248 );
#66 = STYLED_ITEM( '', ( #249 ), #250 );
#67 = STYLED_ITEM( '', ( #251 ), #252 );
#68 = STYLED_ITEM( '', ( #253 ), #254 );
#69 = STYLED_ITEM( '', ( #255 ), #256 );
#70 = STYLED_ITEM( '', ( #257 ), #258 );
#71 = STYLED_ITEM( '', ( #259 ), #260 );
#72 = STYLED_ITEM( '', ( #261 ), #262 );
#73 = STYLED_ITEM( '', ( #263 ), #264 );
#74 = STYLED_ITEM( '', ( #265 ), #266 );
#75 = STYLED_ITEM( '', ( #267 ), #268 );
#76 = STYLED_ITEM( '', ( #269 ), #270 );
#77 = STYLED_ITEM( '', ( #271 ), #272 );
#78 = STYLED_ITEM( '', ( #273 ), #274 );
#79 = STYLED_ITEM( '', ( #275 ), #276 );
#80 = STYLED_ITEM( '', ( #277 ), #278 );
#81 = STYLED_ITEM( '', ( #279 ), #280 );
#82 = STYLED_ITEM( '', ( #281 ), #282 );
#83 = STYLED_ITEM( '', ( #283 ), #284 );
#84 = STYLED_ITEM( '', ( #285 ), #286 );
#85 = STYLED_ITEM( '', ( #287 ), #288 );
#86 = STYLED_ITEM( '', ( #289 ), #290 );
#87 = STYLED_ITEM( '', ( #291 ), #292 );
#88 = STYLED_ITEM( '', ( #293 ), #294 );
#89 = STYLED_ITEM( '', ( #295 ), #296 );
#90 = STYLED_ITEM( '', ( #297 ), #298 );
#91 = STYLED_ITEM( '', ( #299 ), #300 );
#92 = STYLED_ITEM( '', ( #301 ), #302 );
#93 = STYLED_ITEM( '', ( #303 ), #304 );
#94 = STYLED_ITEM( '', ( #305 ), #306 );
#95 = STYLED_ITEM( '', ( #307 ), #308 );
#96 = STYLED_ITEM( '', ( #309 ), #310 );
#97 = STYLED_ITEM( '', ( #311 ), #312 );
#98 = STYLED_ITEM( '', ( #313 ), #314 );
#99 = STYLED_ITEM( '', ( #315 ), #316 );
#100 = STYLED_ITEM( '', ( #317 ), #318 );
#101 = STYLED_ITEM( '', ( #319 ), #320 );
#102 = STYLED_ITEM( '', ( #321 ), #322 );
#103 = STYLED_ITEM( '', ( #323 ), #324 );
#104 = STYLED_ITEM( '', ( #325 ), #326 );
#105 = STYLED_ITEM( '', ( #327 ), #328 );
#106 = STYLED_ITEM( '', ( #329 ), #330 );
#107 = STYLED_ITEM( '', ( #331 ), #332 );
#108 = STYLED_ITEM( '', ( #333 ), #334 );
#109 = STYLED_ITEM( '', ( #335 ), #336 );
#110 = STYLED_ITEM( '', ( #337 ), #338 );
#111 = STYLED_ITEM( '', ( #339 ), #340 );
#112 = STYLED_ITEM( '', ( #341 ), #342 );
#113 = STYLED_ITEM( '', ( #343 ), #344 );
#114 = STYLED_ITEM( '', ( #345 ), #346 );
#115 = STYLED_ITEM( '', ( #347 ), #348 );
#116 = STYLED_ITEM( '', ( #349 ), #350 );
#117 = STYLED_ITEM( '', ( #351 ), #352 );
#118 = STYLED_ITEM( '', ( #353 ), #354 );
#119 = STYLED_ITEM( '', ( #355 ), #356 );
#120 = STYLED_ITEM( '', ( #357 ), #358 );
#121 = STYLED_ITEM( '', ( #359 ), #360 );
#122 = STYLED_ITEM( '', ( #361 ), #362 );
#123 = STYLED_ITEM( '', ( #363 ), #364 );
#124 = APPLICATION_CONTEXT( 'core data for automotive mechanical design processes' );
#125 = PRODUCT_CATEGORY( 'part', 'NONE' );
#126 = PRODUCT_RELATED_PRODUCT_CATEGORY( 'detail', ' ', ( #365 ) );
#127 = PRODUCT_DEFINITION_SHAPE( 'NONE', 'NONE', #366 );
#128 = ADVANCED_BREP_SHAPE_REPRESENTATION( 'SMAJ-ALL', ( #367, #368 ), #6 );
#131 = UNCERTAINTY_MEASURE_WITH_UNIT( LENGTH_MEASURE( 0.00100000000000000 ), #133, '', '' );
#133 =  ( CONVERSION_BASED_UNIT( 'MILLIMETRE', #371 )LENGTH_UNIT(  )NAMED_UNIT( #374 ) );
#134 =  ( NAMED_UNIT( #376 )PLANE_ANGLE_UNIT(  )SI_UNIT( $, .RADIAN. ) );
#135 =  ( NAMED_UNIT( #376 )SI_UNIT( $, .STERADIAN. )SOLID_ANGLE_UNIT(  ) );
#137 = PRESENTATION_STYLE_ASSIGNMENT( ( #382 ) );
#138 = ADVANCED_FACE( '', ( #383 ), #384, .T. );
#139 = PRESENTATION_STYLE_ASSIGNMENT( ( #385 ) );
#140 = ADVANCED_FACE( '', ( #386 ), #387, .T. );
#141 = PRESENTATION_STYLE_ASSIGNMENT( ( #388 ) );
#142 = ADVANCED_FACE( '', ( #389 ), #390, .T. );
#143 = PRESENTATION_STYLE_ASSIGNMENT( ( #391 ) );
#144 = ADVANCED_FACE( '', ( #392 ), #393, .T. );
#145 = PRESENTATION_STYLE_ASSIGNMENT( ( #394 ) );
#146 = ADVANCED_FACE( '', ( #395 ), #396, .T. );
#147 = PRESENTATION_STYLE_ASSIGNMENT( ( #397 ) );
#148 = ADVANCED_FACE( '', ( #398 ), #399, .T. );
#149 = PRESENTATION_STYLE_ASSIGNMENT( ( #400 ) );
#150 = ADVANCED_FACE( '', ( #401 ), #402, .T. );
#151 = PRESENTATION_STYLE_ASSIGNMENT( ( #403 ) );
#152 = ADVANCED_FACE( '', ( #404 ), #405, .T. );
#153 = PRESENTATION_STYLE_ASSIGNMENT( ( #406 ) );
#154 = ADVANCED_FACE( '', ( #407 ), #408, .T. );
#155 = PRESENTATION_STYLE_ASSIGNMENT( ( #409 ) );
#156 = ADVANCED_FACE( '', ( #410 ), #411, .T. );
#157 = PRESENTATION_STYLE_ASSIGNMENT( ( #412 ) );
#158 = ADVANCED_FACE( '', ( #413 ), #414, .T. );
#159 = PRESENTATION_STYLE_ASSIGNMENT( ( #415 ) );
#160 = ADVANCED_FACE( '', ( #416 ), #417, .F. );
#161 = PRESENTATION_STYLE_ASSIGNMENT( ( #418 ) );
#162 = ADVANCED_FACE( '', ( #419 ), #420, .T. );
#163 = PRESENTATION_STYLE_ASSIGNMENT( ( #421 ) );
#164 = ADVANCED_FACE( '', ( #422 ), #423, .T. );
#165 = PRESENTATION_STYLE_ASSIGNMENT( ( #424 ) );
#166 = ADVANCED_FACE( '', ( #425 ), #426, .T. );
#167 = PRESENTATION_STYLE_ASSIGNMENT( ( #427 ) );
#168 = ADVANCED_FACE( '', ( #428 ), #429, .T. );
#169 = PRESENTATION_STYLE_ASSIGNMENT( ( #430 ) );
#170 = ADVANCED_FACE( '', ( #431 ), #432, .T. );
#171 = PRESENTATION_STYLE_ASSIGNMENT( ( #433 ) );
#172 = ADVANCED_FACE( '', ( #434 ), #435, .T. );
#173 = PRESENTATION_STYLE_ASSIGNMENT( ( #436 ) );
#174 = ADVANCED_FACE( '', ( #437 ), #438, .T. );
#175 = PRESENTATION_STYLE_ASSIGNMENT( ( #439 ) );
#176 = ADVANCED_FACE( '', ( #440 ), #441, .T. );
#177 = PRESENTATION_STYLE_ASSIGNMENT( ( #442 ) );
#178 = ADVANCED_FACE( '', ( #443 ), #444, .T. );
#179 = PRESENTATION_STYLE_ASSIGNMENT( ( #445 ) );
#180 = ADVANCED_FACE( '', ( #446 ), #447, .T. );
#181 = PRESENTATION_STYLE_ASSIGNMENT( ( #448 ) );
#182 = ADVANCED_FACE( '', ( #449 ), #450, .T. );
#183 = PRESENTATION_STYLE_ASSIGNMENT( ( #451 ) );
#184 = ADVANCED_FACE( '', ( #452 ), #453, .T. );
#185 = PRESENTATION_STYLE_ASSIGNMENT( ( #454 ) );
#186 = ADVANCED_FACE( '', ( #455 ), #456, .T. );
#187 = PRESENTATION_STYLE_ASSIGNMENT( ( #457 ) );
#188 = ADVANCED_FACE( '', ( #458, #459 ), #460, .T. );
#189 = PRESENTATION_STYLE_ASSIGNMENT( ( #461 ) );
#190 = ADVANCED_FACE( '', ( #462 ), #463, .T. );
#191 = PRESENTATION_STYLE_ASSIGNMENT( ( #464 ) );
#192 = ADVANCED_FACE( '', ( #465 ), #466, .T. );
#193 = PRESENTATION_STYLE_ASSIGNMENT( ( #467 ) );
#194 = ADVANCED_FACE( '', ( #468 ), #469, .T. );
#195 = PRESENTATION_STYLE_ASSIGNMENT( ( #470 ) );
#196 = ADVANCED_FACE( '', ( #471 ), #472, .T. );
#197 = PRESENTATION_STYLE_ASSIGNMENT( ( #473 ) );
#198 = ADVANCED_FACE( '', ( #474 ), #475, .T. );
#199 = PRESENTATION_STYLE_ASSIGNMENT( ( #476 ) );
#200 = ADVANCED_FACE( '', ( #477 ), #478, .T. );
#201 = PRESENTATION_STYLE_ASSIGNMENT( ( #479 ) );
#202 = ADVANCED_FACE( '', ( #480 ), #481, .T. );
#203 = PRESENTATION_STYLE_ASSIGNMENT( ( #482 ) );
#204 = ADVANCED_FACE( '', ( #483 ), #484, .T. );
#205 = PRESENTATION_STYLE_ASSIGNMENT( ( #485 ) );
#206 = ADVANCED_FACE( '', ( #486 ), #487, .T. );
#207 = PRESENTATION_STYLE_ASSIGNMENT( ( #488 ) );
#208 = ADVANCED_FACE( '', ( #489 ), #490, .T. );
#209 = PRESENTATION_STYLE_ASSIGNMENT( ( #491 ) );
#210 = ADVANCED_FACE( '', ( #492 ), #493, .T. );
#211 = PRESENTATION_STYLE_ASSIGNMENT( ( #494 ) );
#212 = ADVANCED_FACE( '', ( #495 ), #496, .T. );
#213 = PRESENTATION_STYLE_ASSIGNMENT( ( #497 ) );
#214 = ADVANCED_FACE( '', ( #498 ), #499, .T. );
#215 = PRESENTATION_STYLE_ASSIGNMENT( ( #500 ) );
#216 = ADVANCED_FACE( '', ( #501 ), #502, .T. );
#217 = PRESENTATION_STYLE_ASSIGNMENT( ( #503 ) );
#218 = ADVANCED_FACE( '', ( #504 ), #505, .T. );
#219 = PRESENTATION_STYLE_ASSIGNMENT( ( #506 ) );
#220 = ADVANCED_FACE( '', ( #507 ), #508, .T. );
#221 = PRESENTATION_STYLE_ASSIGNMENT( ( #509 ) );
#222 = ADVANCED_FACE( '', ( #510 ), #511, .T. );
#223 = PRESENTATION_STYLE_ASSIGNMENT( ( #512 ) );
#224 = ADVANCED_FACE( '', ( #513 ), #514, .T. );
#225 = PRESENTATION_STYLE_ASSIGNMENT( ( #515 ) );
#226 = ADVANCED_FACE( '', ( #516 ), #517, .T. );
#227 = PRESENTATION_STYLE_ASSIGNMENT( ( #518 ) );
#228 = ADVANCED_FACE( '', ( #519 ), #520, .T. );
#229 = PRESENTATION_STYLE_ASSIGNMENT( ( #521 ) );
#230 = ADVANCED_FACE( '', ( #522 ), #523, .F. );
#231 = PRESENTATION_STYLE_ASSIGNMENT( ( #524 ) );
#232 = ADVANCED_FACE( '', ( #525, #526 ), #527, .T. );
#233 = PRESENTATION_STYLE_ASSIGNMENT( ( #528 ) );
#234 = ADVANCED_FACE( '', ( #529 ), #530, .T. );
#235 = PRESENTATION_STYLE_ASSIGNMENT( ( #531 ) );
#236 = ADVANCED_FACE( '', ( #532 ), #533, .T. );
#237 = PRESENTATION_STYLE_ASSIGNMENT( ( #534 ) );
#238 = ADVANCED_FACE( '', ( #535 ), #536, .T. );
#239 = PRESENTATION_STYLE_ASSIGNMENT( ( #537 ) );
#240 = ADVANCED_FACE( '', ( #538 ), #539, .T. );
#241 = PRESENTATION_STYLE_ASSIGNMENT( ( #540 ) );
#242 = ADVANCED_FACE( '', ( #541 ), #542, .T. );
#243 = PRESENTATION_STYLE_ASSIGNMENT( ( #543 ) );
#244 = ADVANCED_FACE( '', ( #544 ), #545, .T. );
#245 = PRESENTATION_STYLE_ASSIGNMENT( ( #546 ) );
#246 = ADVANCED_FACE( '', ( #547, #548 ), #549, .T. );
#247 = PRESENTATION_STYLE_ASSIGNMENT( ( #550 ) );
#248 = ADVANCED_FACE( '', ( #551 ), #552, .T. );
#249 = PRESENTATION_STYLE_ASSIGNMENT( ( #553 ) );
#250 = ADVANCED_FACE( '', ( #554 ), #555, .T. );
#251 = PRESENTATION_STYLE_ASSIGNMENT( ( #556 ) );
#252 = ADVANCED_FACE( '', ( #557 ), #558, .T. );
#253 = PRESENTATION_STYLE_ASSIGNMENT( ( #559 ) );
#254 = ADVANCED_FACE( '', ( #560 ), #561, .T. );
#255 = PRESENTATION_STYLE_ASSIGNMENT( ( #562 ) );
#256 = ADVANCED_FACE( '', ( #563 ), #564, .T. );
#257 = PRESENTATION_STYLE_ASSIGNMENT( ( #565 ) );
#258 = ADVANCED_FACE( '', ( #566 ), #567, .T. );
#259 = PRESENTATION_STYLE_ASSIGNMENT( ( #568 ) );
#260 = ADVANCED_FACE( '', ( #569, #570, #571, #572, #573, #574, #575, #576, #577 ), #578, .T. );
#261 = PRESENTATION_STYLE_ASSIGNMENT( ( #579 ) );
#262 = ADVANCED_FACE( '', ( #580 ), #581, .F. );
#263 = PRESENTATION_STYLE_ASSIGNMENT( ( #582 ) );
#264 = ADVANCED_FACE( '', ( #583 ), #584, .T. );
#265 = PRESENTATION_STYLE_ASSIGNMENT( ( #585 ) );
#266 = ADVANCED_FACE( '', ( #586 ), #587, .T. );
#267 = PRESENTATION_STYLE_ASSIGNMENT( ( #588 ) );
#268 = ADVANCED_FACE( '', ( #589 ), #590, .T. );
#269 = PRESENTATION_STYLE_ASSIGNMENT( ( #591 ) );
#270 = ADVANCED_FACE( '', ( #592 ), #593, .F. );
#271 = PRESENTATION_STYLE_ASSIGNMENT( ( #594 ) );
#272 = ADVANCED_FACE( '', ( #595 ), #596, .T. );
#273 = PRESENTATION_STYLE_ASSIGNMENT( ( #597 ) );
#274 = ADVANCED_FACE( '', ( #598, #599 ), #600, .T. );
#275 = PRESENTATION_STYLE_ASSIGNMENT( ( #601 ) );
#276 = ADVANCED_FACE( '', ( #602 ), #603, .T. );
#277 = PRESENTATION_STYLE_ASSIGNMENT( ( #604 ) );
#278 = ADVANCED_FACE( '', ( #605 ), #606, .T. );
#279 = PRESENTATION_STYLE_ASSIGNMENT( ( #607 ) );
#280 = ADVANCED_FACE( '', ( #608 ), #609, .T. );
#281 = PRESENTATION_STYLE_ASSIGNMENT( ( #610 ) );
#282 = ADVANCED_FACE( '', ( #611 ), #612, .T. );
#283 = PRESENTATION_STYLE_ASSIGNMENT( ( #613 ) );
#284 = ADVANCED_FACE( '', ( #614 ), #615, .T. );
#285 = PRESENTATION_STYLE_ASSIGNMENT( ( #616 ) );
#286 = ADVANCED_FACE( '', ( #617 ), #618, .T. );
#287 = PRESENTATION_STYLE_ASSIGNMENT( ( #619 ) );
#288 = ADVANCED_FACE( '', ( #620 ), #621, .T. );
#289 = PRESENTATION_STYLE_ASSIGNMENT( ( #622 ) );
#290 = ADVANCED_FACE( '', ( #623 ), #624, .T. );
#291 = PRESENTATION_STYLE_ASSIGNMENT( ( #625 ) );
#292 = ADVANCED_FACE( '', ( #626 ), #627, .F. );
#293 = PRESENTATION_STYLE_ASSIGNMENT( ( #628 ) );
#294 = ADVANCED_FACE( '', ( #629 ), #630, .T. );
#295 = PRESENTATION_STYLE_ASSIGNMENT( ( #631 ) );
#296 = ADVANCED_FACE( '', ( #632 ), #633, .T. );
#297 = PRESENTATION_STYLE_ASSIGNMENT( ( #634 ) );
#298 = ADVANCED_FACE( '', ( #635 ), #636, .T. );
#299 = PRESENTATION_STYLE_ASSIGNMENT( ( #637 ) );
#300 = ADVANCED_FACE( '', ( #638 ), #639, .T. );
#301 = PRESENTATION_STYLE_ASSIGNMENT( ( #640 ) );
#302 = ADVANCED_FACE( '', ( #641 ), #642, .T. );
#303 = PRESENTATION_STYLE_ASSIGNMENT( ( #643 ) );
#304 = ADVANCED_FACE( '', ( #644 ), #645, .T. );
#305 = PRESENTATION_STYLE_ASSIGNMENT( ( #646 ) );
#306 = ADVANCED_FACE( '', ( #647 ), #648, .T. );
#307 = PRESENTATION_STYLE_ASSIGNMENT( ( #649 ) );
#308 = ADVANCED_FACE( '', ( #650 ), #651, .F. );
#309 = PRESENTATION_STYLE_ASSIGNMENT( ( #652 ) );
#310 = ADVANCED_FACE( '', ( #653 ), #654, .T. );
#311 = PRESENTATION_STYLE_ASSIGNMENT( ( #655 ) );
#312 = ADVANCED_FACE( '', ( #656 ), #657, .T. );
#313 = PRESENTATION_STYLE_ASSIGNMENT( ( #658 ) );
#314 = ADVANCED_FACE( '', ( #659 ), #660, .T. );
#315 = PRESENTATION_STYLE_ASSIGNMENT( ( #661 ) );
#316 = ADVANCED_FACE( '', ( #662 ), #663, .T. );
#317 = PRESENTATION_STYLE_ASSIGNMENT( ( #664 ) );
#318 = ADVANCED_FACE( '', ( #665 ), #666, .T. );
#319 = PRESENTATION_STYLE_ASSIGNMENT( ( #667 ) );
#320 = ADVANCED_FACE( '', ( #668 ), #669, .T. );
#321 = PRESENTATION_STYLE_ASSIGNMENT( ( #670 ) );
#322 = ADVANCED_FACE( '', ( #671 ), #672, .T. );
#323 = PRESENTATION_STYLE_ASSIGNMENT( ( #673 ) );
#324 = ADVANCED_FACE( '', ( #674 ), #675, .T. );
#325 = PRESENTATION_STYLE_ASSIGNMENT( ( #676 ) );
#326 = ADVANCED_FACE( '', ( #677 ), #678, .T. );
#327 = PRESENTATION_STYLE_ASSIGNMENT( ( #679 ) );
#328 = ADVANCED_FACE( '', ( #680 ), #681, .T. );
#329 = PRESENTATION_STYLE_ASSIGNMENT( ( #682 ) );
#330 = ADVANCED_FACE( '', ( #683 ), #684, .T. );
#331 = PRESENTATION_STYLE_ASSIGNMENT( ( #685 ) );
#332 = ADVANCED_FACE( '', ( #686 ), #687, .T. );
#333 = PRESENTATION_STYLE_ASSIGNMENT( ( #688 ) );
#334 = ADVANCED_FACE( '', ( #689 ), #690, .F. );
#335 = PRESENTATION_STYLE_ASSIGNMENT( ( #691 ) );
#336 = ADVANCED_FACE( '', ( #692 ), #693, .T. );
#337 = PRESENTATION_STYLE_ASSIGNMENT( ( #694 ) );
#338 = ADVANCED_FACE( '', ( #695 ), #696, .T. );
#339 = PRESENTATION_STYLE_ASSIGNMENT( ( #697 ) );
#340 = ADVANCED_FACE( '', ( #698 ), #699, .T. );
#341 = PRESENTATION_STYLE_ASSIGNMENT( ( #700 ) );
#342 = ADVANCED_FACE( '', ( #701 ), #702, .T. );
#343 = PRESENTATION_STYLE_ASSIGNMENT( ( #703 ) );
#344 = ADVANCED_FACE( '', ( #704 ), #705, .T. );
#345 = PRESENTATION_STYLE_ASSIGNMENT( ( #706 ) );
#346 = ADVANCED_FACE( '', ( #707 ), #708, .T. );
#347 = PRESENTATION_STYLE_ASSIGNMENT( ( #709 ) );
#348 = ADVANCED_FACE( '', ( #710, #711 ), #712, .T. );
#349 = PRESENTATION_STYLE_ASSIGNMENT( ( #713 ) );
#350 = ADVANCED_FACE( '', ( #714 ), #715, .F. );
#351 = PRESENTATION_STYLE_ASSIGNMENT( ( #716 ) );
#352 = ADVANCED_FACE( '', ( #717 ), #718, .T. );
#353 = PRESENTATION_STYLE_ASSIGNMENT( ( #719 ) );
#354 = ADVANCED_FACE( '', ( #720 ), #721, .T. );
#355 = PRESENTATION_STYLE_ASSIGNMENT( ( #722 ) );
#356 = ADVANCED_FACE( '', ( #723 ), #724, .T. );
#357 = PRESENTATION_STYLE_ASSIGNMENT( ( #725 ) );
#358 = ADVANCED_FACE( '', ( #726 ), #727, .T. );
#359 = PRESENTATION_STYLE_ASSIGNMENT( ( #728 ) );
#360 = ADVANCED_FACE( '', ( #729 ), #730, .T. );
#361 = PRESENTATION_STYLE_ASSIGNMENT( ( #731 ) );
#362 = ADVANCED_FACE( '', ( #732 ), #733, .T. );
#363 = PRESENTATION_STYLE_ASSIGNMENT( ( #734 ) );
#364 = ADVANCED_FACE( '', ( #735 ), #736, .T. );
#365 = PRODUCT( 'SMAJ-ALL', 'SMAJ-ALL', 'PART-SMAJ-ALL-DESC', ( #737 ) );
#366 = PRODUCT_DEFINITION( 'NONE', 'NONE', #738, #2 );
#367 = MANIFOLD_SOLID_BREP( 'SMAJ-ALL', #739 );
#368 = AXIS2_PLACEMENT_3D( '', #740, #741, #742 );
#371 = LENGTH_MEASURE_WITH_UNIT( LENGTH_MEASURE( 1.00000000000000 ), #743 );
#374 = DIMENSIONAL_EXPONENTS( 1.00000000000000, 0.000000000000000, 0.000000000000000, 0.000000000000000, 0.000000000000000, 0.000000000000000, 0.000000000000000 );
#376 = DIMENSIONAL_EXPONENTS( 0.000000000000000, 0.000000000000000, 0.000000000000000, 0.000000000000000, 0.000000000000000, 0.000000000000000, 0.000000000000000 );
#382 = SURFACE_STYLE_USAGE( .BOTH., #744 );
#383 = FACE_OUTER_BOUND( '', #745, .T. );
#384 = PLANE( '', #746 );
#385 = SURFACE_STYLE_USAGE( .BOTH., #747 );
#386 = FACE_OUTER_BOUND( '', #748, .T. );
#387 = PLANE( '', #749 );
#388 = SURFACE_STYLE_USAGE( .BOTH., #750 );
#389 = FACE_OUTER_BOUND( '', #751, .T. );
#390 = PLANE( '', #752 );
#391 = SURFACE_STYLE_USAGE( .BOTH., #753 );
#392 = FACE_OUTER_BOUND( '', #754, .T. );
#393 = PLANE( '', #755 );
#394 = SURFACE_STYLE_USAGE( .BOTH., #756 );
#395 = FACE_OUTER_BOUND( '', #757, .T. );
#396 = PLANE( '', #758 );
#397 = SURFACE_STYLE_USAGE( .BOTH., #759 );
#398 = FACE_OUTER_BOUND( '', #760, .T. );
#399 = PLANE( '', #761 );
#400 = SURFACE_STYLE_USAGE( .BOTH., #762 );
#401 = FACE_OUTER_BOUND( '', #763, .T. );
#402 = SURFACE_OF_LINEAR_EXTRUSION( '', #764, #765 );
#403 = SURFACE_STYLE_USAGE( .BOTH., #766 );
#404 = FACE_OUTER_BOUND( '', #767, .T. );
#405 = SURFACE_OF_LINEAR_EXTRUSION( '', #768, #769 );
#406 = SURFACE_STYLE_USAGE( .BOTH., #770 );
#407 = FACE_OUTER_BOUND( '', #771, .T. );
#408 = PLANE( '', #772 );
#409 = SURFACE_STYLE_USAGE( .BOTH., #773 );
#410 = FACE_OUTER_BOUND( '', #774, .T. );
#411 = PLANE( '', #775 );
#412 = SURFACE_STYLE_USAGE( .BOTH., #776 );
#413 = FACE_OUTER_BOUND( '', #777, .T. );
#414 = PLANE( '', #778 );
#415 = SURFACE_STYLE_USAGE( .BOTH., #779 );
#416 = FACE_OUTER_BOUND( '', #780, .T. );
#417 = PLANE( '', #781 );
#418 = SURFACE_STYLE_USAGE( .BOTH., #782 );
#419 = FACE_OUTER_BOUND( '', #783, .T. );
#420 = PLANE( '', #784 );
#421 = SURFACE_STYLE_USAGE( .BOTH., #785 );
#422 = FACE_OUTER_BOUND( '', #786, .T. );
#423 = SURFACE_OF_LINEAR_EXTRUSION( '', #787, #788 );
#424 = SURFACE_STYLE_USAGE( .BOTH., #789 );
#425 = FACE_OUTER_BOUND( '', #790, .T. );
#426 = PLANE( '', #791 );
#427 = SURFACE_STYLE_USAGE( .BOTH., #792 );
#428 = FACE_OUTER_BOUND( '', #793, .T. );
#429 = PLANE( '', #794 );
#430 = SURFACE_STYLE_USAGE( .BOTH., #795 );
#431 = FACE_OUTER_BOUND( '', #796, .T. );
#432 = SURFACE_OF_LINEAR_EXTRUSION( '', #797, #798 );
#433 = SURFACE_STYLE_USAGE( .BOTH., #799 );
#434 = FACE_OUTER_BOUND( '', #800, .T. );
#435 = PLANE( '', #801 );
#436 = SURFACE_STYLE_USAGE( .BOTH., #802 );
#437 = FACE_OUTER_BOUND( '', #803, .T. );
#438 = PLANE( '', #804 );
#439 = SURFACE_STYLE_USAGE( .BOTH., #805 );
#440 = FACE_OUTER_BOUND( '', #806, .T. );
#441 = PLANE( '', #807 );
#442 = SURFACE_STYLE_USAGE( .BOTH., #808 );
#443 = FACE_OUTER_BOUND( '', #809, .T. );
#444 = SURFACE_OF_LINEAR_EXTRUSION( '', #810, #811 );
#445 = SURFACE_STYLE_USAGE( .BOTH., #812 );
#446 = FACE_OUTER_BOUND( '', #813, .T. );
#447 = SURFACE_OF_LINEAR_EXTRUSION( '', #814, #815 );
#448 = SURFACE_STYLE_USAGE( .BOTH., #816 );
#449 = FACE_OUTER_BOUND( '', #817, .T. );
#450 = PLANE( '', #818 );
#451 = SURFACE_STYLE_USAGE( .BOTH., #819 );
#452 = FACE_OUTER_BOUND( '', #820, .T. );
#453 = PLANE( '', #821 );
#454 = SURFACE_STYLE_USAGE( .BOTH., #822 );
#455 = FACE_OUTER_BOUND( '', #823, .T. );
#456 = PLANE( '', #824 );
#457 = SURFACE_STYLE_USAGE( .BOTH., #825 );
#458 = FACE_OUTER_BOUND( '', #826, .T. );
#459 = FACE_BOUND( '', #827, .T. );
#460 = PLANE( '', #828 );
#461 = SURFACE_STYLE_USAGE( .BOTH., #829 );
#462 = FACE_OUTER_BOUND( '', #830, .T. );
#463 = PLANE( '', #831 );
#464 = SURFACE_STYLE_USAGE( .BOTH., #832 );
#465 = FACE_OUTER_BOUND( '', #833, .T. );
#466 = PLANE( '', #834 );
#467 = SURFACE_STYLE_USAGE( .BOTH., #835 );
#468 = FACE_OUTER_BOUND( '', #836, .T. );
#469 = PLANE( '', #837 );
#470 = SURFACE_STYLE_USAGE( .BOTH., #838 );
#471 = FACE_OUTER_BOUND( '', #839, .T. );
#472 = PLANE( '', #840 );
#473 = SURFACE_STYLE_USAGE( .BOTH., #841 );
#474 = FACE_OUTER_BOUND( '', #842, .T. );
#475 = PLANE( '', #843 );
#476 = SURFACE_STYLE_USAGE( .BOTH., #844 );
#477 = FACE_OUTER_BOUND( '', #845, .T. );
#478 = SURFACE_OF_LINEAR_EXTRUSION( '', #846, #847 );
#479 = SURFACE_STYLE_USAGE( .BOTH., #848 );
#480 = FACE_OUTER_BOUND( '', #849, .T. );
#481 = SURFACE_OF_LINEAR_EXTRUSION( '', #850, #851 );
#482 = SURFACE_STYLE_USAGE( .BOTH., #852 );
#483 = FACE_OUTER_BOUND( '', #853, .T. );
#484 = PLANE( '', #854 );
#485 = SURFACE_STYLE_USAGE( .BOTH., #855 );
#486 = FACE_OUTER_BOUND( '', #856, .T. );
#487 = SURFACE_OF_LINEAR_EXTRUSION( '', #857, #858 );
#488 = SURFACE_STYLE_USAGE( .BOTH., #859 );
#489 = FACE_OUTER_BOUND( '', #860, .T. );
#490 = PLANE( '', #861 );
#491 = SURFACE_STYLE_USAGE( .BOTH., #862 );
#492 = FACE_OUTER_BOUND( '', #863, .T. );
#493 = PLANE( '', #864 );
#494 = SURFACE_STYLE_USAGE( .BOTH., #865 );
#495 = FACE_OUTER_BOUND( '', #866, .T. );
#496 = PLANE( '', #867 );
#497 = SURFACE_STYLE_USAGE( .BOTH., #868 );
#498 = FACE_OUTER_BOUND( '', #869, .T. );
#499 = PLANE( '', #870 );
#500 = SURFACE_STYLE_USAGE( .BOTH., #871 );
#501 = FACE_OUTER_BOUND( '', #872, .T. );
#502 = PLANE( '', #873 );
#503 = SURFACE_STYLE_USAGE( .BOTH., #874 );
#504 = FACE_OUTER_BOUND( '', #875, .T. );
#505 = PLANE( '', #876 );
#506 = SURFACE_STYLE_USAGE( .BOTH., #877 );
#507 = FACE_OUTER_BOUND( '', #878, .T. );
#508 = PLANE( '', #879 );
#509 = SURFACE_STYLE_USAGE( .BOTH., #880 );
#510 = FACE_OUTER_BOUND( '', #881, .T. );
#511 = SURFACE_OF_LINEAR_EXTRUSION( '', #882, #883 );
#512 = SURFACE_STYLE_USAGE( .BOTH., #884 );
#513 = FACE_OUTER_BOUND( '', #885, .T. );
#514 = PLANE( '', #886 );
#515 = SURFACE_STYLE_USAGE( .BOTH., #887 );
#516 = FACE_OUTER_BOUND( '', #888, .T. );
#517 = PLANE( '', #889 );
#518 = SURFACE_STYLE_USAGE( .BOTH., #890 );
#519 = FACE_OUTER_BOUND( '', #891, .T. );
#520 = SURFACE_OF_LINEAR_EXTRUSION( '', #892, #893 );
#521 = SURFACE_STYLE_USAGE( .BOTH., #894 );
#522 = FACE_OUTER_BOUND( '', #895, .T. );
#523 = PLANE( '', #896 );
#524 = SURFACE_STYLE_USAGE( .BOTH., #897 );
#525 = FACE_OUTER_BOUND( '', #898, .T. );
#526 = FACE_OUTER_BOUND( '', #899, .T. );
#527 = SURFACE_OF_LINEAR_EXTRUSION( '', #900, #901 );
#528 = SURFACE_STYLE_USAGE( .BOTH., #902 );
#529 = FACE_OUTER_BOUND( '', #903, .T. );
#530 = PLANE( '', #904 );
#531 = SURFACE_STYLE_USAGE( .BOTH., #905 );
#532 = FACE_OUTER_BOUND( '', #906, .T. );
#533 = PLANE( '', #907 );
#534 = SURFACE_STYLE_USAGE( .BOTH., #908 );
#535 = FACE_OUTER_BOUND( '', #909, .T. );
#536 = PLANE( '', #910 );
#537 = SURFACE_STYLE_USAGE( .BOTH., #911 );
#538 = FACE_OUTER_BOUND( '', #912, .T. );
#539 = PLANE( '', #913 );
#540 = SURFACE_STYLE_USAGE( .BOTH., #914 );
#541 = FACE_OUTER_BOUND( '', #915, .T. );
#542 = PLANE( '', #916 );
#543 = SURFACE_STYLE_USAGE( .BOTH., #917 );
#544 = FACE_OUTER_BOUND( '', #918, .T. );
#545 = PLANE( '', #919 );
#546 = SURFACE_STYLE_USAGE( .BOTH., #920 );
#547 = FACE_OUTER_BOUND( '', #921, .T. );
#548 = FACE_BOUND( '', #922, .T. );
#549 = PLANE( '', #923 );
#550 = SURFACE_STYLE_USAGE( .BOTH., #924 );
#551 = FACE_OUTER_BOUND( '', #925, .T. );
#552 = PLANE( '', #926 );
#553 = SURFACE_STYLE_USAGE( .BOTH., #927 );
#554 = FACE_OUTER_BOUND( '', #928, .T. );
#555 = PLANE( '', #929 );
#556 = SURFACE_STYLE_USAGE( .BOTH., #930 );
#557 = FACE_OUTER_BOUND( '', #931, .T. );
#558 = PLANE( '', #932 );
#559 = SURFACE_STYLE_USAGE( .BOTH., #933 );
#560 = FACE_OUTER_BOUND( '', #934, .T. );
#561 = PLANE( '', #935 );
#562 = SURFACE_STYLE_USAGE( .BOTH., #936 );
#563 = FACE_OUTER_BOUND( '', #937, .T. );
#564 = PLANE( '', #938 );
#565 = SURFACE_STYLE_USAGE( .BOTH., #939 );
#566 = FACE_OUTER_BOUND( '', #940, .T. );
#567 = PLANE( '', #941 );
#568 = SURFACE_STYLE_USAGE( .BOTH., #942 );
#569 = FACE_BOUND( '', #943, .T. );
#570 = FACE_BOUND( '', #944, .T. );
#571 = FACE_BOUND( '', #945, .T. );
#572 = FACE_BOUND( '', #946, .T. );
#573 = FACE_OUTER_BOUND( '', #947, .T. );
#574 = FACE_BOUND( '', #948, .T. );
#575 = FACE_BOUND( '', #949, .T. );
#576 = FACE_BOUND( '', #950, .T. );
#577 = FACE_BOUND( '', #951, .T. );
#578 = PLANE( '', #952 );
#579 = SURFACE_STYLE_USAGE( .BOTH., #953 );
#580 = FACE_OUTER_BOUND( '', #954, .T. );
#581 = CYLINDRICAL_SURFACE( '', #955, 0.100000000000000 );
#582 = SURFACE_STYLE_USAGE( .BOTH., #956 );
#583 = FACE_OUTER_BOUND( '', #957, .T. );
#584 = PLANE( '', #958 );
#585 = SURFACE_STYLE_USAGE( .BOTH., #959 );
#586 = FACE_OUTER_BOUND( '', #960, .T. );
#587 = PLANE( '', #961 );
#588 = SURFACE_STYLE_USAGE( .BOTH., #962 );
#589 = FACE_OUTER_BOUND( '', #963, .T. );
#590 = PLANE( '', #964 );
#591 = SURFACE_STYLE_USAGE( .BOTH., #965 );
#592 = FACE_OUTER_BOUND( '', #966, .T. );
#593 = PLANE( '', #967 );
#594 = SURFACE_STYLE_USAGE( .BOTH., #968 );
#595 = FACE_OUTER_BOUND( '', #969, .T. );
#596 = PLANE( '', #970 );
#597 = SURFACE_STYLE_USAGE( .BOTH., #971 );
#598 = FACE_BOUND( '', #972, .T. );
#599 = FACE_OUTER_BOUND( '', #973, .T. );
#600 = PLANE( '', #974 );
#601 = SURFACE_STYLE_USAGE( .BOTH., #975 );
#602 = FACE_OUTER_BOUND( '', #976, .T. );
#603 = PLANE( '', #977 );
#604 = SURFACE_STYLE_USAGE( .BOTH., #978 );
#605 = FACE_OUTER_BOUND( '', #979, .T. );
#606 = PLANE( '', #980 );
#607 = SURFACE_STYLE_USAGE( .BOTH., #981 );
#608 = FACE_OUTER_BOUND( '', #982, .T. );
#609 = PLANE( '', #983 );
#610 = SURFACE_STYLE_USAGE( .BOTH., #984 );
#611 = FACE_OUTER_BOUND( '', #985, .T. );
#612 = CYLINDRICAL_SURFACE( '', #986, 0.100000000000000 );
#613 = SURFACE_STYLE_USAGE( .BOTH., #987 );
#614 = FACE_OUTER_BOUND( '', #988, .T. );
#615 = PLANE( '', #989 );
#616 = SURFACE_STYLE_USAGE( .BOTH., #990 );
#617 = FACE_OUTER_BOUND( '', #991, .T. );
#618 = CYLINDRICAL_SURFACE( '', #992, 0.100000000000000 );
#619 = SURFACE_STYLE_USAGE( .BOTH., #993 );
#620 = FACE_OUTER_BOUND( '', #994, .T. );
#621 = PLANE( '', #995 );
#622 = SURFACE_STYLE_USAGE( .BOTH., #996 );
#623 = FACE_OUTER_BOUND( '', #997, .T. );
#624 = PLANE( '', #998 );
#625 = SURFACE_STYLE_USAGE( .BOTH., #999 );
#626 = FACE_OUTER_BOUND( '', #1000, .T. );
#627 = CYLINDRICAL_SURFACE( '', #1001, 0.100000000000000 );
#628 = SURFACE_STYLE_USAGE( .BOTH., #1002 );
#629 = FACE_OUTER_BOUND( '', #1003, .T. );
#630 = PLANE( '', #1004 );
#631 = SURFACE_STYLE_USAGE( .BOTH., #1005 );
#632 = FACE_OUTER_BOUND( '', #1006, .T. );
#633 = PLANE( '', #1007 );
#634 = SURFACE_STYLE_USAGE( .BOTH., #1008 );
#635 = FACE_OUTER_BOUND( '', #1009, .T. );
#636 = PLANE( '', #1010 );
#637 = SURFACE_STYLE_USAGE( .BOTH., #1011 );
#638 = FACE_OUTER_BOUND( '', #1012, .T. );
#639 = PLANE( '', #1013 );
#640 = SURFACE_STYLE_USAGE( .BOTH., #1014 );
#641 = FACE_OUTER_BOUND( '', #1015, .T. );
#642 = PLANE( '', #1016 );
#643 = SURFACE_STYLE_USAGE( .BOTH., #1017 );
#644 = FACE_OUTER_BOUND( '', #1018, .T. );
#645 = SURFACE_OF_LINEAR_EXTRUSION( '', #1019, #1020 );
#646 = SURFACE_STYLE_USAGE( .BOTH., #1021 );
#647 = FACE_OUTER_BOUND( '', #1022, .T. );
#648 = PLANE( '', #1023 );
#649 = SURFACE_STYLE_USAGE( .BOTH., #1024 );
#650 = FACE_OUTER_BOUND( '', #1025, .T. );
#651 = PLANE( '', #1026 );
#652 = SURFACE_STYLE_USAGE( .BOTH., #1027 );
#653 = FACE_OUTER_BOUND( '', #1028, .T. );
#654 = PLANE( '', #1029 );
#655 = SURFACE_STYLE_USAGE( .BOTH., #1030 );
#656 = FACE_OUTER_BOUND( '', #1031, .T. );
#657 = PLANE( '', #1032 );
#658 = SURFACE_STYLE_USAGE( .BOTH., #1033 );
#659 = FACE_OUTER_BOUND( '', #1034, .T. );
#660 = PLANE( '', #1035 );
#661 = SURFACE_STYLE_USAGE( .BOTH., #1036 );
#662 = FACE_OUTER_BOUND( '', #1037, .T. );
#663 = SURFACE_OF_LINEAR_EXTRUSION( '', #1038, #1039 );
#664 = SURFACE_STYLE_USAGE( .BOTH., #1040 );
#665 = FACE_OUTER_BOUND( '', #1041, .T. );
#666 = PLANE( '', #1042 );
#667 = SURFACE_STYLE_USAGE( .BOTH., #1043 );
#668 = FACE_OUTER_BOUND( '', #1044, .T. );
#669 = PLANE( '', #1045 );
#670 = SURFACE_STYLE_USAGE( .BOTH., #1046 );
#671 = FACE_OUTER_BOUND( '', #1047, .T. );
#672 = PLANE( '', #1048 );
#673 = SURFACE_STYLE_USAGE( .BOTH., #1049 );
#674 = FACE_OUTER_BOUND( '', #1050, .T. );
#675 = PLANE( '', #1051 );
#676 = SURFACE_STYLE_USAGE( .BOTH., #1052 );
#677 = FACE_OUTER_BOUND( '', #1053, .T. );
#678 = PLANE( '', #1054 );
#679 = SURFACE_STYLE_USAGE( .BOTH., #1055 );
#680 = FACE_OUTER_BOUND( '', #1056, .T. );
#681 = PLANE( '', #1057 );
#682 = SURFACE_STYLE_USAGE( .BOTH., #1058 );
#683 = FACE_OUTER_BOUND( '', #1059, .T. );
#684 = PLANE( '', #1060 );
#685 = SURFACE_STYLE_USAGE( .BOTH., #1061 );
#686 = FACE_OUTER_BOUND( '', #1062, .T. );
#687 = PLANE( '', #1063 );
#688 = SURFACE_STYLE_USAGE( .BOTH., #1064 );
#689 = FACE_OUTER_BOUND( '', #1065, .T. );
#690 = CYLINDRICAL_SURFACE( '', #1066, 0.100000000000000 );
#691 = SURFACE_STYLE_USAGE( .BOTH., #1067 );
#692 = FACE_OUTER_BOUND( '', #1068, .T. );
#693 = SURFACE_OF_LINEAR_EXTRUSION( '', #1069, #1070 );
#694 = SURFACE_STYLE_USAGE( .BOTH., #1071 );
#695 = FACE_OUTER_BOUND( '', #1072, .T. );
#696 = PLANE( '', #1073 );
#697 = SURFACE_STYLE_USAGE( .BOTH., #1074 );
#698 = FACE_OUTER_BOUND( '', #1075, .T. );
#699 = PLANE( '', #1076 );
#700 = SURFACE_STYLE_USAGE( .BOTH., #1077 );
#701 = FACE_OUTER_BOUND( '', #1078, .T. );
#702 = PLANE( '', #1079 );
#703 = SURFACE_STYLE_USAGE( .BOTH., #1080 );
#704 = FACE_OUTER_BOUND( '', #1081, .T. );
#705 = CYLINDRICAL_SURFACE( '', #1082, 0.100000000000000 );
#706 = SURFACE_STYLE_USAGE( .BOTH., #1083 );
#707 = FACE_OUTER_BOUND( '', #1084, .T. );
#708 = PLANE( '', #1085 );
#709 = SURFACE_STYLE_USAGE( .BOTH., #1086 );
#710 = FACE_BOUND( '', #1087, .T. );
#711 = FACE_OUTER_BOUND( '', #1088, .T. );
#712 = PLANE( '', #1089 );
#713 = SURFACE_STYLE_USAGE( .BOTH., #1090 );
#714 = FACE_OUTER_BOUND( '', #1091, .T. );
#715 = CYLINDRICAL_SURFACE( '', #1092, 0.100000000000000 );
#716 = SURFACE_STYLE_USAGE( .BOTH., #1093 );
#717 = FACE_OUTER_BOUND( '', #1094, .T. );
#718 = PLANE( '', #1095 );
#719 = SURFACE_STYLE_USAGE( .BOTH., #1096 );
#720 = FACE_OUTER_BOUND( '', #1097, .T. );
#721 = PLANE( '', #1098 );
#722 = SURFACE_STYLE_USAGE( .BOTH., #1099 );
#723 = FACE_OUTER_BOUND( '', #1100, .T. );
#724 = SURFACE_OF_LINEAR_EXTRUSION( '', #1101, #1102 );
#725 = SURFACE_STYLE_USAGE( .BOTH., #1103 );
#726 = FACE_OUTER_BOUND( '', #1104, .T. );
#727 = PLANE( '', #1105 );
#728 = SURFACE_STYLE_USAGE( .BOTH., #1106 );
#729 = FACE_OUTER_BOUND( '', #1107, .T. );
#730 = CYLINDRICAL_SURFACE( '', #1108, 0.100000000000000 );
#731 = SURFACE_STYLE_USAGE( .BOTH., #1109 );
#732 = FACE_OUTER_BOUND( '', #1110, .T. );
#733 = PLANE( '', #1111 );
#734 = SURFACE_STYLE_USAGE( .BOTH., #1112 );
#735 = FACE_OUTER_BOUND( '', #1113, .T. );
#736 = PLANE( '', #1114 );
#737 = PRODUCT_CONTEXT( '', #124, 'mechanical' );
#738 = PRODUCT_DEFINITION_FORMATION_WITH_SPECIFIED_SOURCE( ' ', 'NONE', #365, .NOT_KNOWN. );
#739 = CLOSED_SHELL( '', ( #178, #208, #220, #210, #320, #332, #140, #266, #196, #186, #310, #312, #234, #272, #346, #364, #330, #302, #250, #354, #352, #328, #142, #146, #362, #166, #314, #168, #184, #164, #222, #304, #206, #172, #336, #200, #236, #264, #238, #308, #182, #154, #322, #252, #160, #288, #270, #158, #338, #276, #360, #292, #198, #230, #340, #282, #350, #280, #138, #256, #254, #176, #246, #188, #324, #192, #162, #284, #306, #194, #258, #240, #294, #290, #212, #242, #262, #286, #344, #260, #148, #296, #274, #356, #278, #150, #202, #298, #190, #248, #144, #348, #334, #268, #232, #226, #228, #180, #174, #326, #214, #316, #244, #152, #358, #156, #204, #342, #300, #318, #216, #218, #224, #170 ) );
#740 = CARTESIAN_POINT( '', ( 0.000000000000000, 0.000000000000000, 0.000000000000000 ) );
#741 = DIRECTION( '', ( 0.000000000000000, 0.000000000000000, 1.00000000000000 ) );
#742 = DIRECTION( '', ( 1.00000000000000, 0.000000000000000, 0.000000000000000 ) );
#743 =  ( LENGTH_UNIT(  )NAMED_UNIT( #374 )SI_UNIT( .MILLI., .METRE. ) );
#744 = SURFACE_SIDE_STYLE( '', ( #1116 ) );
#745 = EDGE_LOOP( '', ( #1117, #1118, #1119, #1120 ) );
#746 = AXIS2_PLACEMENT_3D( '', #1121, #1122, #1123 );
#747 = SURFACE_SIDE_STYLE( '', ( #1124 ) );
#748 = EDGE_LOOP( '', ( #1125, #1126, #1127, #1128 ) );
#749 = AXIS2_PLACEMENT_3D( '', #1129, #1130, #1131 );
#750 = SURFACE_SIDE_STYLE( '', ( #1132 ) );
#751 = EDGE_LOOP( '', ( #1133, #1134, #1135, #1136 ) );
#752 = AXIS2_PLACEMENT_3D( '', #1137, #1138, #1139 );
#753 = SURFACE_SIDE_STYLE( '', ( #1140 ) );
#754 = EDGE_LOOP( '', ( #1141, #1142, #1143, #1144 ) );
#755 = AXIS2_PLACEMENT_3D( '', #1145, #1146, #1147 );
#756 = SURFACE_SIDE_STYLE( '', ( #1148 ) );
#757 = EDGE_LOOP( '', ( #1149, #1150, #1151, #1152 ) );
#758 = AXIS2_PLACEMENT_3D( '', #1153, #1154, #1155 );
#759 = SURFACE_SIDE_STYLE( '', ( #1156 ) );
#760 = EDGE_LOOP( '', ( #1157, #1158, #1159, #1160 ) );
#761 = AXIS2_PLACEMENT_3D( '', #1161, #1162, #1163 );
#762 = SURFACE_SIDE_STYLE( '', ( #1164 ) );
#763 = EDGE_LOOP( '', ( #1165, #1166, #1167, #1168 ) );
#764 = B_SPLINE_CURVE_WITH_KNOTS( '', 3, ( #1169, #1170, #1171, #1172, #1173, #1174, #1175, #1176, #1177, #1178, #1179, #1180, #1181, #1182, #1183, #1184, #1185, #1186, #1187, #1188 ), .UNSPECIFIED., .F., .F., ( 4, 3, 3, 2, 3, 2, 3, 4 ), ( 0.582301816735135, 0.697897258735781, 0.727682193021292, 0.749965873996903, 0.772249554972515, 0.818209178399425, 0.864168801826335, 0.967967528120303 ), .UNSPECIFIED. );
#765 = VECTOR( '', #1189, 1000.00000000000 );
#766 = SURFACE_SIDE_STYLE( '', ( #1190 ) );
#767 = EDGE_LOOP( '', ( #1191, #1192, #1193, #1194 ) );
#768 = B_SPLINE_CURVE_WITH_KNOTS( '', 3, ( #1195, #1196, #1197, #1198, #1199, #1200, #1201, #1202, #1203, #1204, #1205, #1206, #1207, #1208, #1209 ), .UNSPECIFIED., .F., .F., ( 4, 2, 3, 3, 3, 4 ), ( 0.361874099558836, 0.365413816403879, 0.403339354029330, 0.445351932389542, 0.482793293465244, 0.518253236707345 ), .UNSPECIFIED. );
#769 = VECTOR( '', #1210, 1000.00000000000 );
#770 = SURFACE_SIDE_STYLE( '', ( #1211 ) );
#771 = EDGE_LOOP( '', ( #1212, #1213, #1214, #1215 ) );
#772 = AXIS2_PLACEMENT_3D( '', #1216, #1217, #1218 );
#773 = SURFACE_SIDE_STYLE( '', ( #1219 ) );
#774 = EDGE_LOOP( '', ( #1220, #1221, #1222, #1223 ) );
#775 = AXIS2_PLACEMENT_3D( '', #1224, #1225, #1226 );
#776 = SURFACE_SIDE_STYLE( '', ( #1227 ) );
#777 = EDGE_LOOP( '', ( #1228, #1229, #1230, #1231 ) );
#778 = AXIS2_PLACEMENT_3D( '', #1232, #1233, #1234 );
#779 = SURFACE_SIDE_STYLE( '', ( #1235 ) );
#780 = EDGE_LOOP( '', ( #1236, #1237, #1238, #1239, #1240, #1241, #1242, #1243, #1244, #1245, #1246, #1247 ) );
#781 = AXIS2_PLACEMENT_3D( '', #1248, #1249, #1250 );
#782 = SURFACE_SIDE_STYLE( '', ( #1251 ) );
#783 = EDGE_LOOP( '', ( #1252, #1253, #1254, #1255 ) );
#784 = AXIS2_PLACEMENT_3D( '', #1256, #1257, #1258 );
#785 = SURFACE_SIDE_STYLE( '', ( #1259 ) );
#786 = EDGE_LOOP( '', ( #1260, #1261, #1262, #1263 ) );
#787 = B_SPLINE_CURVE_WITH_KNOTS( '', 3, ( #1264, #1265, #1266, #1267, #1268, #1269, #1270, #1271, #1272, #1273, #1274, #1275, #1276, #1277, #1278 ), .UNSPECIFIED., .F., .F., ( 4, 2, 3, 3, 3, 4 ), ( 0.610615742799227, 0.649515610191698, 0.683995038107752, 0.719625121518288, 0.782799083170768, 0.947219656909034 ), .UNSPECIFIED. );
#788 = VECTOR( '', #1279, 1000.00000000000 );
#789 = SURFACE_SIDE_STYLE( '', ( #1280 ) );
#790 = EDGE_LOOP( '', ( #1281, #1282, #1283, #1284 ) );
#791 = AXIS2_PLACEMENT_3D( '', #1285, #1286, #1287 );
#792 = SURFACE_SIDE_STYLE( '', ( #1288 ) );
#793 = EDGE_LOOP( '', ( #1289, #1290, #1291, #1292 ) );
#794 = AXIS2_PLACEMENT_3D( '', #1293, #1294, #1295 );
#795 = SURFACE_SIDE_STYLE( '', ( #1296 ) );
#796 = EDGE_LOOP( '', ( #1297, #1298, #1299, #1300 ) );
#797 = B_SPLINE_CURVE_WITH_KNOTS( '', 3, ( #1301, #1302, #1303, #1304, #1305, #1306, #1307 ), .UNSPECIFIED., .F., .F., ( 4, 3, 4 ), ( 0.261468230552944, 0.282521875201089, 0.374240109198532 ), .UNSPECIFIED. );
#798 = VECTOR( '', #1308, 1000.00000000000 );
#799 = SURFACE_SIDE_STYLE( '', ( #1309 ) );
#800 = EDGE_LOOP( '', ( #1310, #1311, #1312, #1313 ) );
#801 = AXIS2_PLACEMENT_3D( '', #1314, #1315, #1316 );
#802 = SURFACE_SIDE_STYLE( '', ( #1317 ) );
#803 = EDGE_LOOP( '', ( #1318, #1319, #1320, #1321 ) );
#804 = AXIS2_PLACEMENT_3D( '', #1322, #1323, #1324 );
#805 = SURFACE_SIDE_STYLE( '', ( #1325 ) );
#806 = EDGE_LOOP( '', ( #1326, #1327, #1328, #1329 ) );
#807 = AXIS2_PLACEMENT_3D( '', #1330, #1331, #1332 );
#808 = SURFACE_SIDE_STYLE( '', ( #1333 ) );
#809 = EDGE_LOOP( '', ( #1334, #1335, #1336, #1337 ) );
#810 = B_SPLINE_CURVE_WITH_KNOTS( '', 3, ( #1338, #1339, #1340, #1341, #1342, #1343, #1344, #1345, #1346, #1347, #1348, #1349, #1350, #1351, #1352, #1353, #1354, #1355 ), .UNSPECIFIED., .F., .F., ( 4, 2, 3, 3, 3, 3, 4 ), ( 0.245640314251374, 0.317563337196489, 0.348999890271838, 0.376335385920032, 0.402372375392432, 0.433633459013528, 0.550269344855437 ), .UNSPECIFIED. );
#811 = VECTOR( '', #1356, 1000.00000000000 );
#812 = SURFACE_SIDE_STYLE( '', ( #1357 ) );
#813 = EDGE_LOOP( '', ( #1358, #1359, #1360, #1361 ) );
#814 = B_SPLINE_CURVE_WITH_KNOTS( '', 3, ( #1362, #1363, #1364, #1365, #1366, #1367, #1368, #1369, #1370, #1371, #1372, #1373, #1374, #1375 ), .UNSPECIFIED., .F., .F., ( 4, 3, 2, 2, 3, 4 ), ( 0.0289427784437565, 0.0517557706347697, 0.0811537898240827, 0.113124135692461, 0.145094481560838, 0.182838976793792 ), .UNSPECIFIED. );
#815 = VECTOR( '', #1376, 1000.00000000000 );
#816 = SURFACE_SIDE_STYLE( '', ( #1377 ) );
#817 = EDGE_LOOP( '', ( #1378, #1379, #1380, #1381 ) );
#818 = AXIS2_PLACEMENT_3D( '', #1382, #1383, #1384 );
#819 = SURFACE_SIDE_STYLE( '', ( #1385 ) );
#820 = EDGE_LOOP( '', ( #1386, #1387, #1388, #1389, #1390, #1391, #1392 ) );
#821 = AXIS2_PLACEMENT_3D( '', #1393, #1394, #1395 );
#822 = SURFACE_SIDE_STYLE( '', ( #1396 ) );
#823 = EDGE_LOOP( '', ( #1397, #1398, #1399, #1400 ) );
#824 = AXIS2_PLACEMENT_3D( '', #1401, #1402, #1403 );
#825 = SURFACE_SIDE_STYLE( '', ( #1404 ) );
#826 = EDGE_LOOP( '', ( #1405, #1406, #1407, #1408 ) );
#827 = EDGE_LOOP( '', ( #1409, #1410, #1411, #1412 ) );
#828 = AXIS2_PLACEMENT_3D( '', #1413, #1414, #1415 );
#829 = SURFACE_SIDE_STYLE( '', ( #1416 ) );
#830 = EDGE_LOOP( '', ( #1417, #1418, #1419, #1420 ) );
#831 = AXIS2_PLACEMENT_3D( '', #1421, #1422, #1423 );
#832 = SURFACE_SIDE_STYLE( '', ( #1424 ) );
#833 = EDGE_LOOP( '', ( #1425, #1426, #1427, #1428 ) );
#834 = AXIS2_PLACEMENT_3D( '', #1429, #1430, #1431 );
#835 = SURFACE_SIDE_STYLE( '', ( #1432 ) );
#836 = EDGE_LOOP( '', ( #1433, #1434, #1435, #1436 ) );
#837 = AXIS2_PLACEMENT_3D( '', #1437, #1438, #1439 );
#838 = SURFACE_SIDE_STYLE( '', ( #1440 ) );
#839 = EDGE_LOOP( '', ( #1441, #1442, #1443, #1444 ) );
#840 = AXIS2_PLACEMENT_3D( '', #1445, #1446, #1447 );
#841 = SURFACE_SIDE_STYLE( '', ( #1448 ) );
#842 = EDGE_LOOP( '', ( #1449, #1450, #1451, #1452 ) );
#843 = AXIS2_PLACEMENT_3D( '', #1453, #1454, #1455 );
#844 = SURFACE_SIDE_STYLE( '', ( #1456 ) );
#845 = EDGE_LOOP( '', ( #1457, #1458, #1459, #1460 ) );
#846 = B_SPLINE_CURVE_WITH_KNOTS( '', 3, ( #1461, #1462, #1463, #1464, #1465, #1466, #1467 ), .UNSPECIFIED., .F., .F., ( 4, 3, 4 ), ( 0.149069852529666, 0.242039240282829, 0.261468230552944 ), .UNSPECIFIED. );
#847 = VECTOR( '', #1468, 1000.00000000000 );
#848 = SURFACE_SIDE_STYLE( '', ( #1469 ) );
#849 = EDGE_LOOP( '', ( #1470, #1471, #1472, #1473 ) );
#850 = B_SPLINE_CURVE_WITH_KNOTS( '', 3, ( #1474, #1475, #1476, #1477, #1478, #1479, #1480, #1481, #1482 ), .UNSPECIFIED., .F., .F., ( 4, 3, 2, 4 ), ( 0.409840806187226, 0.465242072542818, 0.502901973289724, 0.558495160106586 ), .UNSPECIFIED. );
#851 = VECTOR( '', #1483, 1000.00000000000 );
#852 = SURFACE_SIDE_STYLE( '', ( #1484 ) );
#853 = EDGE_LOOP( '', ( #1485, #1486, #1487, #1488 ) );
#854 = AXIS2_PLACEMENT_3D( '', #1489, #1490, #1491 );
#855 = SURFACE_SIDE_STYLE( '', ( #1492 ) );
#856 = EDGE_LOOP( '', ( #1493, #1494, #1495, #1496 ) );
#857 = B_SPLINE_CURVE_WITH_KNOTS( '', 3, ( #1497, #1498, #1499, #1500, #1501, #1502, #1503, #1504, #1505, #1506, #1507, #1508, #1509, #1510, #1511, #1512 ), .UNSPECIFIED., .F., .F., ( 4, 3, 3, 3, 3, 4 ), ( 0.499265096298639, 0.607595818716467, 0.730441237094497, 0.841672752430367, 0.958533283835744, 1.00000000000000 ), .UNSPECIFIED. );
#858 = VECTOR( '', #1513, 1000.00000000000 );
#859 = SURFACE_SIDE_STYLE( '', ( #1514 ) );
#860 = EDGE_LOOP( '', ( #1515, #1516, #1517, #1518 ) );
#861 = AXIS2_PLACEMENT_3D( '', #1519, #1520, #1521 );
#862 = SURFACE_SIDE_STYLE( '', ( #1522 ) );
#863 = EDGE_LOOP( '', ( #1523, #1524, #1525, #1526 ) );
#864 = AXIS2_PLACEMENT_3D( '', #1527, #1528, #1529 );
#865 = SURFACE_SIDE_STYLE( '', ( #1530 ) );
#866 = EDGE_LOOP( '', ( #1531, #1532, #1533, #1534 ) );
#867 = AXIS2_PLACEMENT_3D( '', #1535, #1536, #1537 );
#868 = SURFACE_SIDE_STYLE( '', ( #1538 ) );
#869 = EDGE_LOOP( '', ( #1539, #1540, #1541, #1542 ) );
#870 = AXIS2_PLACEMENT_3D( '', #1543, #1544, #1545 );
#871 = SURFACE_SIDE_STYLE( '', ( #1546 ) );
#872 = EDGE_LOOP( '', ( #1547, #1548, #1549, #1550 ) );
#873 = AXIS2_PLACEMENT_3D( '', #1551, #1552, #1553 );
#874 = SURFACE_SIDE_STYLE( '', ( #1554 ) );
#875 = EDGE_LOOP( '', ( #1555, #1556, #1557, #1558 ) );
#876 = AXIS2_PLACEMENT_3D( '', #1559, #1560, #1561 );
#877 = SURFACE_SIDE_STYLE( '', ( #1562 ) );
#878 = EDGE_LOOP( '', ( #1563, #1564, #1565, #1566 ) );
#879 = AXIS2_PLACEMENT_3D( '', #1567, #1568, #1569 );
#880 = SURFACE_SIDE_STYLE( '', ( #1570 ) );
#881 = EDGE_LOOP( '', ( #1571, #1572, #1573, #1574 ) );
#882 = B_SPLINE_CURVE_WITH_KNOTS( '', 3, ( #1575, #1576, #1577, #1578, #1579, #1580, #1581, #1582, #1583, #1584, #1585, #1586, #1587, #1588, #1589, #1590, #1591, #1592, #1593, #1594, #1595, #1596, #1597, #1598, #1599 ), .UNSPECIFIED., .F., .F., ( 4, 3, 2, 3, 2, 2, 3, 3, 3, 4 ), ( 0.000000000000000, 0.0435638216839924, 0.0792759739261161, 0.137980881721388, 0.185553075564697, 0.212958795930951, 0.240364516297205, 0.267788989284261, 0.299022718295815, 0.361874099558836 ), .UNSPECIFIED. );
#883 = VECTOR( '', #1600, 1000.00000000000 );
#884 = SURFACE_SIDE_STYLE( '', ( #1601 ) );
#885 = EDGE_LOOP( '', ( #1602, #1603, #1604, #1605 ) );
#886 = AXIS2_PLACEMENT_3D( '', #1606, #1607, #1608 );
#887 = SURFACE_SIDE_STYLE( '', ( #1609 ) );
#888 = EDGE_LOOP( '', ( #1610, #1611, #1612, #1613 ) );
#889 = AXIS2_PLACEMENT_3D( '', #1614, #1615, #1616 );
#890 = SURFACE_SIDE_STYLE( '', ( #1617 ) );
#891 = EDGE_LOOP( '', ( #1618, #1619, #1620, #1621 ) );
#892 = B_SPLINE_CURVE_WITH_KNOTS( '', 3, ( #1622, #1623, #1624, #1625, #1626, #1627, #1628, #1629, #1630, #1631, #1632, #1633, #1634, #1635, #1636, #1637, #1638, #1639 ), .UNSPECIFIED., .F., .F., ( 4, 2, 3, 2, 3, 2, 2, 4 ), ( 0.182838976793792, 0.235524243111121, 0.301819869893760, 0.369369061871496, 0.415142527487989, 0.458299330204614, 0.501456132921240, 0.558850231379431 ), .UNSPECIFIED. );
#893 = VECTOR( '', #1640, 1000.00000000000 );
#894 = SURFACE_SIDE_STYLE( '', ( #1641 ) );
#895 = EDGE_LOOP( '', ( #1642, #1643, #1644, #1645, #1646, #1647, #1648, #1649, #1650, #1651, #1652, #1653 ) );
#896 = AXIS2_PLACEMENT_3D( '', #1654, #1655, #1656 );
#897 = SURFACE_SIDE_STYLE( '', ( #1657 ) );
#898 = EDGE_LOOP( '', ( #1658 ) );
#899 = EDGE_LOOP( '', ( #1659 ) );
#900 = B_SPLINE_CURVE_WITH_KNOTS( '', 3, ( #1660, #1661, #1662, #1663, #1664, #1665, #1666, #1667, #1668, #1669, #1670, #1671, #1672, #1673, #1674, #1675, #1676, #1677, #1678, #1679, #1680, #1681 ), .UNSPECIFIED., .T., .F., ( 4, 2, 2, 3, 2, 3, 3, 3, 4 ), ( 0.000000000000000, 0.119629600204718, 0.239259200409437, 0.360296207675392, 0.506488056325201, 0.646414540032877, 0.754586018311960, 0.860643409138521, 1.00000000000000 ), .UNSPECIFIED. );
#901 = VECTOR( '', #1682, 1000.00000000000 );
#902 = SURFACE_SIDE_STYLE( '', ( #1683 ) );
#903 = EDGE_LOOP( '', ( #1684, #1685, #1686, #1687 ) );
#904 = AXIS2_PLACEMENT_3D( '', #1688, #1689, #1690 );
#905 = SURFACE_SIDE_STYLE( '', ( #1691 ) );
#906 = EDGE_LOOP( '', ( #1692, #1693, #1694, #1695 ) );
#907 = AXIS2_PLACEMENT_3D( '', #1696, #1697, #1698 );
#908 = SURFACE_SIDE_STYLE( '', ( #1699 ) );
#909 = EDGE_LOOP( '', ( #1700, #1701, #1702, #1703 ) );
#910 = AXIS2_PLACEMENT_3D( '', #1704, #1705, #1706 );
#911 = SURFACE_SIDE_STYLE( '', ( #1707 ) );
#912 = EDGE_LOOP( '', ( #1708, #1709, #1710, #1711 ) );
#913 = AXIS2_PLACEMENT_3D( '', #1712, #1713, #1714 );
#914 = SURFACE_SIDE_STYLE( '', ( #1715 ) );
#915 = EDGE_LOOP( '', ( #1716, #1717, #1718, #1719 ) );
#916 = AXIS2_PLACEMENT_3D( '', #1720, #1721, #1722 );
#917 = SURFACE_SIDE_STYLE( '', ( #1723 ) );
#918 = EDGE_LOOP( '', ( #1724, #1725, #1726, #1727 ) );
#919 = AXIS2_PLACEMENT_3D( '', #1728, #1729, #1730 );
#920 = SURFACE_SIDE_STYLE( '', ( #1731 ) );
#921 = EDGE_LOOP( '', ( #1732, #1733, #1734, #1735 ) );
#922 = EDGE_LOOP( '', ( #1736, #1737, #1738, #1739 ) );
#923 = AXIS2_PLACEMENT_3D( '', #1740, #1741, #1742 );
#924 = SURFACE_SIDE_STYLE( '', ( #1743 ) );
#925 = EDGE_LOOP( '', ( #1744, #1745, #1746, #1747 ) );
#926 = AXIS2_PLACEMENT_3D( '', #1748, #1749, #1750 );
#927 = SURFACE_SIDE_STYLE( '', ( #1751 ) );
#928 = EDGE_LOOP( '', ( #1752, #1753, #1754, #1755 ) );
#929 = AXIS2_PLACEMENT_3D( '', #1756, #1757, #1758 );
#930 = SURFACE_SIDE_STYLE( '', ( #1759 ) );
#931 = EDGE_LOOP( '', ( #1760, #1761 ) );
#932 = AXIS2_PLACEMENT_3D( '', #1762, #1763, #1764 );
#933 = SURFACE_SIDE_STYLE( '', ( #1765 ) );
#934 = EDGE_LOOP( '', ( #1766, #1767, #1768, #1769 ) );
#935 = AXIS2_PLACEMENT_3D( '', #1770, #1771, #1772 );
#936 = SURFACE_SIDE_STYLE( '', ( #1773 ) );
#937 = EDGE_LOOP( '', ( #1774, #1775, #1776, #1777 ) );
#938 = AXIS2_PLACEMENT_3D( '', #1778, #1779, #1780 );
#939 = SURFACE_SIDE_STYLE( '', ( #1781 ) );
#940 = EDGE_LOOP( '', ( #1782, #1783, #1784, #1785 ) );
#941 = AXIS2_PLACEMENT_3D( '', #1786, #1787, #1788 );
#942 = SURFACE_SIDE_STYLE( '', ( #1789 ) );
#943 = EDGE_LOOP( '', ( #1790, #1791, #1792, #1793, #1794, #1795, #1796 ) );
#944 = EDGE_LOOP( '', ( #1797, #1798, #1799, #1800 ) );
#945 = EDGE_LOOP( '', ( #1801, #1802, #1803, #1804, #1805, #1806, #1807 ) );
#946 = EDGE_LOOP( '', ( #1808, #1809, #1810, #1811, #1812, #1813, #1814, #1815, #1816, #1817, #1818, #1819, #1820 ) );
#947 = EDGE_LOOP( '', ( #1821, #1822, #1823, #1824 ) );
#948 = EDGE_LOOP( '', ( #1825, #1826, #1827, #1828, #1829, #1830 ) );
#949 = EDGE_LOOP( '', ( #1831, #1832, #1833, #1834, #1835, #1836, #1837, #1838, #1839, #1840, #1841, #1842 ) );
#950 = EDGE_LOOP( '', ( #1843, #1844, #1845, #1846 ) );
#951 = EDGE_LOOP( '', ( #1847, #1848, #1849, #1850, #1851, #1852 ) );
#952 = AXIS2_PLACEMENT_3D( '', #1853, #1854, #1855 );
#953 = SURFACE_SIDE_STYLE( '', ( #1856 ) );
#954 = EDGE_LOOP( '', ( #1857, #1858, #1859, #1860 ) );
#955 = AXIS2_PLACEMENT_3D( '', #1861, #1862, #1863 );
#956 = SURFACE_SIDE_STYLE( '', ( #1864 ) );
#957 = EDGE_LOOP( '', ( #1865, #1866, #1867, #1868 ) );
#958 = AXIS2_PLACEMENT_3D( '', #1869, #1870, #1871 );
#959 = SURFACE_SIDE_STYLE( '', ( #1872 ) );
#960 = EDGE_LOOP( '', ( #1873, #1874, #1875, #1876 ) );
#961 = AXIS2_PLACEMENT_3D( '', #1877, #1878, #1879 );
#962 = SURFACE_SIDE_STYLE( '', ( #1880 ) );
#963 = EDGE_LOOP( '', ( #1881, #1882, #1883, #1884 ) );
#964 = AXIS2_PLACEMENT_3D( '', #1885, #1886, #1887 );
#965 = SURFACE_SIDE_STYLE( '', ( #1888 ) );
#966 = EDGE_LOOP( '', ( #1889, #1890, #1891, #1892, #1893, #1894, #1895, #1896, #1897, #1898, #1899, #1900, #1901, #1902 ) );
#967 = AXIS2_PLACEMENT_3D( '', #1903, #1904, #1905 );
#968 = SURFACE_SIDE_STYLE( '', ( #1906 ) );
#969 = EDGE_LOOP( '', ( #1907, #1908, #1909, #1910 ) );
#970 = AXIS2_PLACEMENT_3D( '', #1911, #1912, #1913 );
#971 = SURFACE_SIDE_STYLE( '', ( #1914 ) );
#972 = EDGE_LOOP( '', ( #1915 ) );
#973 = EDGE_LOOP( '', ( #1916, #1917, #1918, #1919, #1920, #1921 ) );
#974 = AXIS2_PLACEMENT_3D( '', #1922, #1923, #1924 );
#975 = SURFACE_SIDE_STYLE( '', ( #1925 ) );
#976 = EDGE_LOOP( '', ( #1926, #1927, #1928, #1929 ) );
#977 = AXIS2_PLACEMENT_3D( '', #1930, #1931, #1932 );
#978 = SURFACE_SIDE_STYLE( '', ( #1933 ) );
#979 = EDGE_LOOP( '', ( #1934, #1935, #1936, #1937, #1938, #1939, #1940 ) );
#980 = AXIS2_PLACEMENT_3D( '', #1941, #1942, #1943 );
#981 = SURFACE_SIDE_STYLE( '', ( #1944 ) );
#982 = EDGE_LOOP( '', ( #1945, #1946, #1947, #1948 ) );
#983 = AXIS2_PLACEMENT_3D( '', #1949, #1950, #1951 );
#984 = SURFACE_SIDE_STYLE( '', ( #1952 ) );
#985 = EDGE_LOOP( '', ( #1953, #1954, #1955, #1956 ) );
#986 = AXIS2_PLACEMENT_3D( '', #1957, #1958, #1959 );
#987 = SURFACE_SIDE_STYLE( '', ( #1960 ) );
#988 = EDGE_LOOP( '', ( #1961, #1962, #1963, #1964 ) );
#989 = AXIS2_PLACEMENT_3D( '', #1965, #1966, #1967 );
#990 = SURFACE_SIDE_STYLE( '', ( #1968 ) );
#991 = EDGE_LOOP( '', ( #1969, #1970, #1971, #1972 ) );
#992 = AXIS2_PLACEMENT_3D( '', #1973, #1974, #1975 );
#993 = SURFACE_SIDE_STYLE( '', ( #1976 ) );
#994 = EDGE_LOOP( '', ( #1977, #1978, #1979, #1980, #1981, #1982, #1983, #1984, #1985, #1986, #1987, #1988, #1989, #1990 ) );
#995 = AXIS2_PLACEMENT_3D( '', #1991, #1992, #1993 );
#996 = SURFACE_SIDE_STYLE( '', ( #1994 ) );
#997 = EDGE_LOOP( '', ( #1995, #1996, #1997, #1998 ) );
#998 = AXIS2_PLACEMENT_3D( '', #1999, #2000, #2001 );
#999 = SURFACE_SIDE_STYLE( '', ( #2002 ) );
#1000 = EDGE_LOOP( '', ( #2003, #2004, #2005, #2006 ) );
#1001 = AXIS2_PLACEMENT_3D( '', #2007, #2008, #2009 );
#1002 = SURFACE_SIDE_STYLE( '', ( #2010 ) );
#1003 = EDGE_LOOP( '', ( #2011, #2012, #2013, #2014 ) );
#1004 = AXIS2_PLACEMENT_3D( '', #2015, #2016, #2017 );
#1005 = SURFACE_SIDE_STYLE( '', ( #2018 ) );
#1006 = EDGE_LOOP( '', ( #2019 ) );
#1007 = AXIS2_PLACEMENT_3D( '', #2020, #2021, #2022 );
#1008 = SURFACE_SIDE_STYLE( '', ( #2023 ) );
#1009 = EDGE_LOOP( '', ( #2024, #2025, #2026, #2027 ) );
#1010 = AXIS2_PLACEMENT_3D( '', #2028, #2029, #2030 );
#1011 = SURFACE_SIDE_STYLE( '', ( #2031 ) );
#1012 = EDGE_LOOP( '', ( #2032, #2033, #2034, #2035 ) );
#1013 = AXIS2_PLACEMENT_3D( '', #2036, #2037, #2038 );
#1014 = SURFACE_SIDE_STYLE( '', ( #2039 ) );
#1015 = EDGE_LOOP( '', ( #2040, #2041, #2042, #2043 ) );
#1016 = AXIS2_PLACEMENT_3D( '', #2044, #2045, #2046 );
#1017 = SURFACE_SIDE_STYLE( '', ( #2047 ) );
#1018 = EDGE_LOOP( '', ( #2048, #2049, #2050, #2051 ) );
#1019 = B_SPLINE_CURVE_WITH_KNOTS( '', 3, ( #2052, #2053, #2054, #2055 ), .UNSPECIFIED., .F., .F., ( 4, 4 ), ( 0.973259864798146, 1.00000000000000 ), .UNSPECIFIED. );
#1020 = VECTOR( '', #2056, 1000.00000000000 );
#1021 = SURFACE_SIDE_STYLE( '', ( #2057 ) );
#1022 = EDGE_LOOP( '', ( #2058, #2059, #2060, #2061 ) );
#1023 = AXIS2_PLACEMENT_3D( '', #2062, #2063, #2064 );
#1024 = SURFACE_SIDE_STYLE( '', ( #2065 ) );
#1025 = EDGE_LOOP( '', ( #2066, #2067, #2068, #2069 ) );
#1026 = AXIS2_PLACEMENT_3D( '', #2070, #2071, #2072 );
#1027 = SURFACE_SIDE_STYLE( '', ( #2073 ) );
#1028 = EDGE_LOOP( '', ( #2074, #2075, #2076, #2077 ) );
#1029 = AXIS2_PLACEMENT_3D( '', #2078, #2079, #2080 );
#1030 = SURFACE_SIDE_STYLE( '', ( #2081 ) );
#1031 = EDGE_LOOP( '', ( #2082, #2083, #2084, #2085 ) );
#1032 = AXIS2_PLACEMENT_3D( '', #2086, #2087, #2088 );
#1033 = SURFACE_SIDE_STYLE( '', ( #2089 ) );
#1034 = EDGE_LOOP( '', ( #2090, #2091, #2092, #2093 ) );
#1035 = AXIS2_PLACEMENT_3D( '', #2094, #2095, #2096 );
#1036 = SURFACE_SIDE_STYLE( '', ( #2097 ) );
#1037 = EDGE_LOOP( '', ( #2098, #2099, #2100, #2101 ) );
#1038 = B_SPLINE_CURVE_WITH_KNOTS( '', 3, ( #2102, #2103, #2104, #2105, #2106, #2107, #2108, #2109, #2110, #2111, #2112, #2113, #2114, #2115, #2116 ), .UNSPECIFIED., .F., .F., ( 4, 3, 3, 3, 2, 4 ), ( 0.000000000000000, 0.192720247722041, 0.295769340488981, 0.355183468830475, 0.411410445403417, 0.499265096298639 ), .UNSPECIFIED. );
#1039 = VECTOR( '', #2117, 1000.00000000000 );
#1040 = SURFACE_SIDE_STYLE( '', ( #2118 ) );
#1041 = EDGE_LOOP( '', ( #2119, #2120, #2121, #2122 ) );
#1042 = AXIS2_PLACEMENT_3D( '', #2123, #2124, #2125 );
#1043 = SURFACE_SIDE_STYLE( '', ( #2126 ) );
#1044 = EDGE_LOOP( '', ( #2127, #2128, #2129, #2130 ) );
#1045 = AXIS2_PLACEMENT_3D( '', #2131, #2132, #2133 );
#1046 = SURFACE_SIDE_STYLE( '', ( #2134 ) );
#1047 = EDGE_LOOP( '', ( #2135, #2136, #2137, #2138, #2139, #2140, #2141, #2142, #2143, #2144, #2145, #2146 ) );
#1048 = AXIS2_PLACEMENT_3D( '', #2147, #2148, #2149 );
#1049 = SURFACE_SIDE_STYLE( '', ( #2150 ) );
#1050 = EDGE_LOOP( '', ( #2151, #2152, #2153, #2154 ) );
#1051 = AXIS2_PLACEMENT_3D( '', #2155, #2156, #2157 );
#1052 = SURFACE_SIDE_STYLE( '', ( #2158 ) );
#1053 = EDGE_LOOP( '', ( #2159, #2160, #2161, #2162 ) );
#1054 = AXIS2_PLACEMENT_3D( '', #2163, #2164, #2165 );
#1055 = SURFACE_SIDE_STYLE( '', ( #2166 ) );
#1056 = EDGE_LOOP( '', ( #2167, #2168, #2169, #2170 ) );
#1057 = AXIS2_PLACEMENT_3D( '', #2171, #2172, #2173 );
#1058 = SURFACE_SIDE_STYLE( '', ( #2174 ) );
#1059 = EDGE_LOOP( '', ( #2175, #2176, #2177, #2178 ) );
#1060 = AXIS2_PLACEMENT_3D( '', #2179, #2180, #2181 );
#1061 = SURFACE_SIDE_STYLE( '', ( #2182 ) );
#1062 = EDGE_LOOP( '', ( #2183, #2184, #2185, #2186 ) );
#1063 = AXIS2_PLACEMENT_3D( '', #2187, #2188, #2189 );
#1064 = SURFACE_SIDE_STYLE( '', ( #2190 ) );
#1065 = EDGE_LOOP( '', ( #2191, #2192, #2193, #2194 ) );
#1066 = AXIS2_PLACEMENT_3D( '', #2195, #2196, #2197 );
#1067 = SURFACE_SIDE_STYLE( '', ( #2198 ) );
#1068 = EDGE_LOOP( '', ( #2199, #2200, #2201, #2202 ) );
#1069 = B_SPLINE_CURVE_WITH_KNOTS( '', 3, ( #2203, #2204, #2205, #2206, #2207, #2208, #2209, #2210, #2211, #2212, #2213, #2214, #2215, #2216, #2217, #2218, #2219, #2220, #2221, #2222, #2223, #2224, #2225, #2226, #2227, #2228, #2229, #2230, #2231 ), .UNSPECIFIED., .F., .F., ( 4, 3, 3, 2, 3, 2, 3, 3, 3, 3, 4 ), ( 0.552703734267950, 0.591087798597977, 0.628264512461586, 0.673559569258793, 0.718372763749648, 0.745662116123218, 0.772951468496788, 0.804970043029894, 0.851074147843539, 0.911992415995526, 0.937795278096468 ), .UNSPECIFIED. );
#1070 = VECTOR( '', #2232, 1000.00000000000 );
#1071 = SURFACE_SIDE_STYLE( '', ( #2233 ) );
#1072 = EDGE_LOOP( '', ( #2234, #2235, #2236, #2237 ) );
#1073 = AXIS2_PLACEMENT_3D( '', #2238, #2239, #2240 );
#1074 = SURFACE_SIDE_STYLE( '', ( #2241 ) );
#1075 = EDGE_LOOP( '', ( #2242, #2243, #2244, #2245, #2246, #2247, #2248, #2249, #2250, #2251, #2252, #2253 ) );
#1076 = AXIS2_PLACEMENT_3D( '', #2254, #2255, #2256 );
#1077 = SURFACE_SIDE_STYLE( '', ( #2257 ) );
#1078 = EDGE_LOOP( '', ( #2258, #2259, #2260, #2261 ) );
#1079 = AXIS2_PLACEMENT_3D( '', #2262, #2263, #2264 );
#1080 = SURFACE_SIDE_STYLE( '', ( #2265 ) );
#1081 = EDGE_LOOP( '', ( #2266, #2267, #2268, #2269 ) );
#1082 = AXIS2_PLACEMENT_3D( '', #2270, #2271, #2272 );
#1083 = SURFACE_SIDE_STYLE( '', ( #2273 ) );
#1084 = EDGE_LOOP( '', ( #2274, #2275, #2276, #2277 ) );
#1085 = AXIS2_PLACEMENT_3D( '', #2278, #2279, #2280 );
#1086 = SURFACE_SIDE_STYLE( '', ( #2281 ) );
#1087 = EDGE_LOOP( '', ( #2282, #2283 ) );
#1088 = EDGE_LOOP( '', ( #2284, #2285, #2286, #2287, #2288, #2289 ) );
#1089 = AXIS2_PLACEMENT_3D( '', #2290, #2291, #2292 );
#1090 = SURFACE_SIDE_STYLE( '', ( #2293 ) );
#1091 = EDGE_LOOP( '', ( #2294, #2295, #2296, #2297 ) );
#1092 = AXIS2_PLACEMENT_3D( '', #2298, #2299, #2300 );
#1093 = SURFACE_SIDE_STYLE( '', ( #2301 ) );
#1094 = EDGE_LOOP( '', ( #2302, #2303, #2304, #2305 ) );
#1095 = AXIS2_PLACEMENT_3D( '', #2306, #2307, #2308 );
#1096 = SURFACE_SIDE_STYLE( '', ( #2309 ) );
#1097 = EDGE_LOOP( '', ( #2310, #2311, #2312, #2313 ) );
#1098 = AXIS2_PLACEMENT_3D( '', #2314, #2315, #2316 );
#1099 = SURFACE_SIDE_STYLE( '', ( #2317 ) );
#1100 = EDGE_LOOP( '', ( #2318, #2319, #2320, #2321 ) );
#1101 = B_SPLINE_CURVE_WITH_KNOTS( '', 3, ( #2322, #2323, #2324, #2325, #2326, #2327, #2328, #2329, #2330, #2331, #2332, #2333, #2334, #2335, #2336, #2337, #2338 ), .UNSPECIFIED., .F., .F., ( 4, 3, 3, 2, 2, 3, 4 ), ( 0.606665047240643, 0.756803569044848, 0.815199863785841, 0.858155349706570, 0.901110835627300, 0.951876409897253, 1.00000000000000 ), .UNSPECIFIED. );
#1102 = VECTOR( '', #2339, 1000.00000000000 );
#1103 = SURFACE_SIDE_STYLE( '', ( #2340 ) );
#1104 = EDGE_LOOP( '', ( #2341, #2342, #2343, #2344, #2345, #2346, #2347, #2348, #2349, #2350, #2351, #2352, #2353 ) );
#1105 = AXIS2_PLACEMENT_3D( '', #2354, #2355, #2356 );
#1106 = SURFACE_SIDE_STYLE( '', ( #2357 ) );
#1107 = EDGE_LOOP( '', ( #2358, #2359, #2360, #2361 ) );
#1108 = AXIS2_PLACEMENT_3D( '', #2362, #2363, #2364 );
#1109 = SURFACE_SIDE_STYLE( '', ( #2365 ) );
#1110 = EDGE_LOOP( '', ( #2366, #2367, #2368, #2369 ) );
#1111 = AXIS2_PLACEMENT_3D( '', #2370, #2371, #2372 );
#1112 = SURFACE_SIDE_STYLE( '', ( #2373 ) );
#1113 = EDGE_LOOP( '', ( #2374, #2375, #2376, #2377, #2378, #2379, #2380, #2381, #2382, #2383, #2384, #2385 ) );
#1114 = AXIS2_PLACEMENT_3D( '', #2386, #2387, #2388 );
#1116 = SURFACE_STYLE_FILL_AREA( #2389 );
#1117 = ORIENTED_EDGE( '', *, *, #2390, .F. );
#1118 = ORIENTED_EDGE( '', *, *, #2391, .F. );
#1119 = ORIENTED_EDGE( '', *, *, #2392, .T. );
#1120 = ORIENTED_EDGE( '', *, *, #2393, .F. );
#1121 = CARTESIAN_POINT( '', ( 2.60500000000000, 0.175642212862618, -0.725000000000000 ) );
#1122 = DIRECTION( '', ( -0.000000000000000, 1.00000000000000, 0.000000000000000 ) );
#1123 = DIRECTION( '', ( 1.00000000000000, 0.000000000000000, 0.000000000000000 ) );
#1124 = SURFACE_STYLE_FILL_AREA( #2394 );
#1125 = ORIENTED_EDGE( '', *, *, #2395, .F. );
#1126 = ORIENTED_EDGE( '', *, *, #2396, .F. );
#1127 = ORIENTED_EDGE( '', *, *, #2397, .T. );
#1128 = ORIENTED_EDGE( '', *, *, #2398, .T. );
#1129 = CARTESIAN_POINT( '', ( 0.401286173633441, 1.00300000000000, -0.179903536977492 ) );
#1130 = DIRECTION( '', ( -1.00000000000000, 0.000000000000000, 3.09345757470635E-016 ) );
#1131 = DIRECTION( '', ( 3.09345757470635E-016, 0.000000000000000, 1.00000000000000 ) );
#1132 = SURFACE_STYLE_FILL_AREA( #2399 );
#1133 = ORIENTED_EDGE( '', *, *, #2400, .F. );
#1134 = ORIENTED_EDGE( '', *, *, #2401, .F. );
#1135 = ORIENTED_EDGE( '', *, *, #2402, .T. );
#1136 = ORIENTED_EDGE( '', *, *, #2403, .T. );
#1137 = CARTESIAN_POINT( '', ( 0.203858520900322, 1.00300000000000, -0.179903536977492 ) );
#1138 = DIRECTION( '', ( 7.02472657589567E-016, 0.000000000000000, 1.00000000000000 ) );
#1139 = DIRECTION( '', ( 1.00000000000000, 0.000000000000000, -7.02472657589567E-016 ) );
#1140 = SURFACE_STYLE_FILL_AREA( #2404 );
#1141 = ORIENTED_EDGE( '', *, *, #2405, .F. );
#1142 = ORIENTED_EDGE( '', *, *, #2406, .F. );
#1143 = ORIENTED_EDGE( '', *, *, #2407, .T. );
#1144 = ORIENTED_EDGE( '', *, *, #2408, .T. );
#1145 = CARTESIAN_POINT( '', ( -0.162700964630224, 1.00300000000000, 0.170578778135049 ) );
#1146 = DIRECTION( '', ( 0.000000000000000, 0.000000000000000, -1.00000000000000 ) );
#1147 = DIRECTION( '', ( -1.00000000000000, 0.000000000000000, 0.000000000000000 ) );
#1148 = SURFACE_STYLE_FILL_AREA( #2409 );
#1149 = ORIENTED_EDGE( '', *, *, #2410, .F. );
#1150 = ORIENTED_EDGE( '', *, *, #2411, .F. );
#1151 = ORIENTED_EDGE( '', *, *, #2412, .T. );
#1152 = ORIENTED_EDGE( '', *, *, #2401, .T. );
#1153 = CARTESIAN_POINT( '', ( 0.0627009646302249, 1.00300000000000, -0.0377813504823145 ) );
#1154 = DIRECTION( '', ( 0.709510522722877, 0.000000000000000, 0.704694840441953 ) );
#1155 = DIRECTION( '', ( 0.704694840441953, 0.000000000000000, -0.709510522722877 ) );
#1156 = SURFACE_STYLE_FILL_AREA( #2413 );
#1157 = ORIENTED_EDGE( '', *, *, #2414, .F. );
#1158 = ORIENTED_EDGE( '', *, *, #2415, .T. );
#1159 = ORIENTED_EDGE( '', *, *, #2416, .T. );
#1160 = ORIENTED_EDGE( '', *, *, #2417, .T. );
#1161 = CARTESIAN_POINT( '', ( 2.08685290420300, 1.00500000000000, -1.30250000000000 ) );
#1162 = DIRECTION( '', ( -0.000000000000000, 1.00000000000000, 0.000000000000000 ) );
#1163 = DIRECTION( '', ( 1.00000000000000, 0.000000000000000, 0.000000000000000 ) );
#1164 = SURFACE_STYLE_FILL_AREA( #2418 );
#1165 = ORIENTED_EDGE( '', *, *, #2419, .F. );
#1166 = ORIENTED_EDGE( '', *, *, #2420, .F. );
#1167 = ORIENTED_EDGE( '', *, *, #2421, .T. );
#1168 = ORIENTED_EDGE( '', *, *, #2422, .T. );
#1169 = CARTESIAN_POINT( '', ( 0.716398713826367, 1.00300000000000, 0.170578778135048 ) );
#1170 = CARTESIAN_POINT( '', ( 0.716398713826367, 1.00300000000000, 0.0994105037513401 ) );
#1171 = CARTESIAN_POINT( '', ( 0.716398713826367, 1.00300000000000, 0.0282422293676316 ) );
#1172 = CARTESIAN_POINT( '', ( 0.716398713826367, 1.00300000000000, -0.0429260450160768 ) );
#1173 = CARTESIAN_POINT( '', ( 0.716398713826367, 1.00300000000000, -0.0670418006430865 ) );
#1174 = CARTESIAN_POINT( '', ( 0.714147909967846, 1.00300000000000, -0.0850482315112537 ) );
#1175 = CARTESIAN_POINT( '', ( 0.709646302250804, 1.00300000000000, -0.0972668810289386 ) );
#1176 = CARTESIAN_POINT( '', ( 0.705210571719866, 1.00300000000000, -0.109306721041487 ) );
#1177 = CARTESIAN_POINT( '', ( 0.696784565916399, 1.00300000000000, -0.118810289389067 ) );
#1178 = CARTESIAN_POINT( '', ( 0.672990353697749, 1.00300000000000, -0.132958199356913 ) );
#1179 = CARTESIAN_POINT( '', ( 0.659163987138264, 1.00300000000000, -0.136495176848874 ) );
#1180 = CARTESIAN_POINT( '', ( 0.643086816720258, 1.00300000000000, -0.136816720257234 ) );
#1181 = CARTESIAN_POINT( '', ( 0.617701472465676, 1.00300000000000, -0.137324427142326 ) );
#1182 = CARTESIAN_POINT( '', ( 0.595819935691319, 1.00300000000000, -0.128456591639871 ) );
#1183 = CARTESIAN_POINT( '', ( 0.559163987138264, 1.00300000000000, -0.0963022508038581 ) );
#1184 = CARTESIAN_POINT( '', ( 0.549839228295821, 1.00300000000000, -0.0657556270096459 ) );
#1185 = CARTESIAN_POINT( '', ( 0.549839228295821, 1.00300000000000, -0.0210610932475880 ) );
#1186 = CARTESIAN_POINT( '', ( 0.549839228295821, 1.00300000000000, 0.0428188638799576 ) );
#1187 = CARTESIAN_POINT( '', ( 0.549839228295821, 1.00300000000000, 0.106698821007503 ) );
#1188 = CARTESIAN_POINT( '', ( 0.549839228295821, 1.00300000000000, 0.170578778135048 ) );
#1189 = DIRECTION( '', ( 0.000000000000000, 1.00000000000000, 0.000000000000000 ) );
#1190 = SURFACE_STYLE_FILL_AREA( #2423 );
#1191 = ORIENTED_EDGE( '', *, *, #2424, .F. );
#1192 = ORIENTED_EDGE( '', *, *, #2425, .F. );
#1193 = ORIENTED_EDGE( '', *, *, #2426, .T. );
#1194 = ORIENTED_EDGE( '', *, *, #2427, .T. );
#1195 = CARTESIAN_POINT( '', ( -0.371704180064308, 1.00300000000000, -0.0516077170417999 ) );
#1196 = CARTESIAN_POINT( '', ( -0.371382636655949, 1.00300000000000, -0.0596463022508032 ) );
#1197 = CARTESIAN_POINT( '', ( -0.371382636655949, 1.00300000000000, -0.0651125401929253 ) );
#1198 = CARTESIAN_POINT( '', ( -0.371382636655949, 1.00300000000000, -0.0914790996784558 ) );
#1199 = CARTESIAN_POINT( '', ( -0.376848874598070, 1.00300000000000, -0.108520900321543 ) );
#1200 = CARTESIAN_POINT( '', ( -0.388102893890675, 1.00300000000000, -0.118810289389067 ) );
#1201 = CARTESIAN_POINT( '', ( -0.403059880847364, 1.00300000000000, -0.132485248892326 ) );
#1202 = CARTESIAN_POINT( '', ( -0.426045016077170, 1.00300000000000, -0.138745980707395 ) );
#1203 = CARTESIAN_POINT( '', ( -0.455948553054662, 1.00300000000000, -0.139067524115755 ) );
#1204 = CARTESIAN_POINT( '', ( -0.483594632269576, 1.00300000000000, -0.139364793784732 ) );
#1205 = CARTESIAN_POINT( '', ( -0.504180064308682, 1.00300000000000, -0.133922829581993 ) );
#1206 = CARTESIAN_POINT( '', ( -0.517684887459807, 1.00300000000000, -0.124276527331189 ) );
#1207 = CARTESIAN_POINT( '', ( -0.531128878074215, 1.00300000000000, -0.114673676892326 ) );
#1208 = CARTESIAN_POINT( '', ( -0.540836012861736, 1.00300000000000, -0.0969453376205780 ) );
#1209 = CARTESIAN_POINT( '', ( -0.547266881028939, 1.00300000000000, -0.0721864951768481 ) );
#1210 = DIRECTION( '', ( 0.000000000000000, 1.00000000000000, 0.000000000000000 ) );
#1211 = SURFACE_STYLE_FILL_AREA( #2428 );
#1212 = ORIENTED_EDGE( '', *, *, #2429, .F. );
#1213 = ORIENTED_EDGE( '', *, *, #2430, .F. );
#1214 = ORIENTED_EDGE( '', *, *, #2431, .T. );
#1215 = ORIENTED_EDGE( '', *, *, #2432, .T. );
#1216 = CARTESIAN_POINT( '', ( -1.20891012660909, 1.00300000000000, -1.33500000000000 ) );
#1217 = DIRECTION( '', ( -1.00000000000000, 0.000000000000000, 1.62427291758128E-016 ) );
#1218 = DIRECTION( '', ( 1.62427291758128E-016, 0.000000000000000, 1.00000000000000 ) );
#1219 = SURFACE_STYLE_FILL_AREA( #2433 );
#1220 = ORIENTED_EDGE( '', *, *, #2434, .F. );
#1221 = ORIENTED_EDGE( '', *, *, #2435, .F. );
#1222 = ORIENTED_EDGE( '', *, *, #2436, .T. );
#1223 = ORIENTED_EDGE( '', *, *, #2437, .T. );
#1224 = CARTESIAN_POINT( '', ( -1.09163987138264, 1.00300000000000, -0.240996784565916 ) );
#1225 = DIRECTION( '', ( -1.00000000000000, 0.000000000000000, -5.26854493192175E-016 ) );
#1226 = DIRECTION( '', ( -5.26854493192175E-016, 0.000000000000000, 1.00000000000000 ) );
#1227 = SURFACE_STYLE_FILL_AREA( #2438 );
#1228 = ORIENTED_EDGE( '', *, *, #2439, .F. );
#1229 = ORIENTED_EDGE( '', *, *, #2440, .F. );
#1230 = ORIENTED_EDGE( '', *, *, #2441, .T. );
#1231 = ORIENTED_EDGE( '', *, *, #2442, .T. );
#1232 = CARTESIAN_POINT( '', ( 2.32519026509541, -0.0543577871373927, -0.725000000000000 ) );
#1233 = DIRECTION( '', ( -1.00000000000000, 0.000000000000000, 0.000000000000000 ) );
#1234 = DIRECTION( '', ( 0.000000000000000, 0.000000000000000, 1.00000000000000 ) );
#1235 = SURFACE_STYLE_FILL_AREA( #2443 );
#1236 = ORIENTED_EDGE( '', *, *, #2392, .F. );
#1237 = ORIENTED_EDGE( '', *, *, #2444, .F. );
#1238 = ORIENTED_EDGE( '', *, *, #2445, .F. );
#1239 = ORIENTED_EDGE( '', *, *, #2446, .T. );
#1240 = ORIENTED_EDGE( '', *, *, #2447, .F. );
#1241 = ORIENTED_EDGE( '', *, *, #2448, .T. );
#1242 = ORIENTED_EDGE( '', *, *, #2449, .F. );
#1243 = ORIENTED_EDGE( '', *, *, #2450, .F. );
#1244 = ORIENTED_EDGE( '', *, *, #2451, .F. );
#1245 = ORIENTED_EDGE( '', *, *, #2452, .T. );
#1246 = ORIENTED_EDGE( '', *, *, #2453, .F. );
#1247 = ORIENTED_EDGE( '', *, *, #2454, .T. );
#1248 = CARTESIAN_POINT( '', ( 0.000000000000000, 0.000000000000000, -0.725000000000000 ) );
#1249 = DIRECTION( '', ( 0.000000000000000, 0.000000000000000, 1.00000000000000 ) );
#1250 = DIRECTION( '', ( 1.00000000000000, 0.000000000000000, 0.000000000000000 ) );
#1251 = SURFACE_STYLE_FILL_AREA( #2455 );
#1252 = ORIENTED_EDGE( '', *, *, #2456, .T. );
#1253 = ORIENTED_EDGE( '', *, *, #2457, .F. );
#1254 = ORIENTED_EDGE( '', *, *, #2458, .F. );
#1255 = ORIENTED_EDGE( '', *, *, #2459, .T. );
#1256 = CARTESIAN_POINT( '', ( -2.06454329500400, -0.789357787137383, -1.30250000000000 ) );
#1257 = DIRECTION( '', ( 0.000000000000000, -1.00000000000000, 0.000000000000000 ) );
#1258 = DIRECTION( '', ( 0.000000000000000, 0.000000000000000, -1.00000000000000 ) );
#1259 = SURFACE_STYLE_FILL_AREA( #2460 );
#1260 = ORIENTED_EDGE( '', *, *, #2461, .F. );
#1261 = ORIENTED_EDGE( '', *, *, #2462, .F. );
#1262 = ORIENTED_EDGE( '', *, *, #2463, .T. );
#1263 = ORIENTED_EDGE( '', *, *, #2406, .T. );
#1264 = CARTESIAN_POINT( '', ( -0.0540192926045013, 1.00300000000000, -0.114308681672025 ) );
#1265 = CARTESIAN_POINT( '', ( -0.0681672025723471, 1.00300000000000, -0.122347266881028 ) );
#1266 = CARTESIAN_POINT( '', ( -0.0826366559485531, 1.00300000000000, -0.126527331189710 ) );
#1267 = CARTESIAN_POINT( '', ( -0.109324758842443, 1.00300000000000, -0.126527331189710 ) );
#1268 = CARTESIAN_POINT( '', ( -0.120900321543408, 1.00300000000000, -0.122668810289388 ) );
#1269 = CARTESIAN_POINT( '', ( -0.130868167202572, 1.00300000000000, -0.114630225080385 ) );
#1270 = CARTESIAN_POINT( '', ( -0.140873722240018, 1.00300000000000, -0.106561229082445 ) );
#1271 = CARTESIAN_POINT( '', ( -0.148231511254019, 1.00300000000000, -0.0959807073954977 ) );
#1272 = CARTESIAN_POINT( '', ( -0.152733118971061, 1.00300000000000, -0.0821543408360122 ) );
#1273 = CARTESIAN_POINT( '', ( -0.159596694942571, 1.00300000000000, -0.0610733574949484 ) );
#1274 = CARTESIAN_POINT( '', ( -0.162700964630224, 1.00300000000000, -0.0377813504823145 ) );
#1275 = CARTESIAN_POINT( '', ( -0.162700964630224, 1.00300000000000, -0.0127009646302244 ) );
#1276 = CARTESIAN_POINT( '', ( -0.162700964630224, 1.00300000000000, 0.0483922829582000 ) );
#1277 = CARTESIAN_POINT( '', ( -0.162700964630224, 1.00300000000000, 0.109485530546624 ) );
#1278 = CARTESIAN_POINT( '', ( -0.162700964630224, 1.00300000000000, 0.170578778135049 ) );
#1279 = DIRECTION( '', ( 0.000000000000000, 1.00000000000000, 0.000000000000000 ) );
#1280 = SURFACE_STYLE_FILL_AREA( #2464 );
#1281 = ORIENTED_EDGE( '', *, *, #2465, .F. );
#1282 = ORIENTED_EDGE( '', *, *, #2466, .F. );
#1283 = ORIENTED_EDGE( '', *, *, #2467, .T. );
#1284 = ORIENTED_EDGE( '', *, *, #2468, .T. );
#1285 = CARTESIAN_POINT( '', ( 0.00353697749196148, 1.00300000000000, -0.312379421221865 ) );
#1286 = DIRECTION( '', ( 9.16268683812482E-016, 0.000000000000000, 1.00000000000000 ) );
#1287 = DIRECTION( '', ( 1.00000000000000, 0.000000000000000, -9.16268683812482E-016 ) );
#1288 = SURFACE_STYLE_FILL_AREA( #2469 );
#1289 = ORIENTED_EDGE( '', *, *, #2470, .F. );
#1290 = ORIENTED_EDGE( '', *, *, #2471, .F. );
#1291 = ORIENTED_EDGE( '', *, *, #2472, .T. );
#1292 = ORIENTED_EDGE( '', *, *, #2473, .T. );
#1293 = CARTESIAN_POINT( '', ( 0.0627009646302250, 1.00300000000000, 0.170578778135049 ) );
#1294 = DIRECTION( '', ( 0.000000000000000, 0.000000000000000, -1.00000000000000 ) );
#1295 = DIRECTION( '', ( -1.00000000000000, 0.000000000000000, 0.000000000000000 ) );
#1296 = SURFACE_STYLE_FILL_AREA( #2474 );
#1297 = ORIENTED_EDGE( '', *, *, #2475, .F. );
#1298 = ORIENTED_EDGE( '', *, *, #2476, .F. );
#1299 = ORIENTED_EDGE( '', *, *, #2477, .T. );
#1300 = ORIENTED_EDGE( '', *, *, #2478, .T. );
#1301 = CARTESIAN_POINT( '', ( -0.919614147909968, 1.00300000000000, 0.101125401929261 ) );
#1302 = CARTESIAN_POINT( '', ( -0.914147909967846, 1.00300000000000, 0.0834405144694543 ) );
#1303 = CARTESIAN_POINT( '', ( -0.905466237942122, 1.00300000000000, 0.0577170418006440 ) );
#1304 = CARTESIAN_POINT( '', ( -0.893890675241157, 1.00300000000000, 0.0236334405144704 ) );
#1305 = CARTESIAN_POINT( '', ( -0.855761764352710, 1.00300000000000, -0.0886350193237351 ) );
#1306 = CARTESIAN_POINT( '', ( -0.816077170418006, 1.00300000000000, -0.200375133976419 ) );
#1307 = CARTESIAN_POINT( '', ( -0.777170418006431, 1.00300000000000, -0.312379421221864 ) );
#1308 = DIRECTION( '', ( 0.000000000000000, 1.00000000000000, 0.000000000000000 ) );
#1309 = SURFACE_STYLE_FILL_AREA( #2479 );
#1310 = ORIENTED_EDGE( '', *, *, #2480, .F. );
#1311 = ORIENTED_EDGE( '', *, *, #2481, .F. );
#1312 = ORIENTED_EDGE( '', *, *, #2482, .T. );
#1313 = ORIENTED_EDGE( '', *, *, #2483, .T. );
#1314 = CARTESIAN_POINT( '', ( -0.294212218649518, 1.00300000000000, 0.170578778135049 ) );
#1315 = DIRECTION( '', ( -8.87333883271030E-016, 0.000000000000000, -1.00000000000000 ) );
#1316 = DIRECTION( '', ( -1.00000000000000, 0.000000000000000, 8.87333883271030E-016 ) );
#1317 = SURFACE_STYLE_FILL_AREA( #2484 );
#1318 = ORIENTED_EDGE( '', *, *, #2485, .F. );
#1319 = ORIENTED_EDGE( '', *, *, #2486, .F. );
#1320 = ORIENTED_EDGE( '', *, *, #2487, .T. );
#1321 = ORIENTED_EDGE( '', *, *, #2488, .T. );
#1322 = CARTESIAN_POINT( '', ( 0.855627009646303, 1.00300000000000, 0.199196141479100 ) );
#1323 = DIRECTION( '', ( -0.132163720091017, 0.000000000000000, 0.991227900682635 ) );
#1324 = DIRECTION( '', ( 0.991227900682635, 0.000000000000000, 0.132163720091017 ) );
#1325 = SURFACE_STYLE_FILL_AREA( #2489 );
#1326 = ORIENTED_EDGE( '', *, *, #2490, .T. );
#1327 = ORIENTED_EDGE( '', *, *, #2491, .F. );
#1328 = ORIENTED_EDGE( '', *, *, #2492, .F. );
#1329 = ORIENTED_EDGE( '', *, *, #2493, .T. );
#1330 = CARTESIAN_POINT( '', ( 2.11999996509542, 0.193142212862617, -1.30250000000000 ) );
#1331 = DIRECTION( '', ( 0.996194698091746, 0.0871557427476540, 0.000000000000000 ) );
#1332 = DIRECTION( '', ( 0.000000000000000, 0.000000000000000, -1.00000000000000 ) );
#1333 = SURFACE_STYLE_FILL_AREA( #2494 );
#1334 = ORIENTED_EDGE( '', *, *, #2495, .F. );
#1335 = ORIENTED_EDGE( '', *, *, #2496, .F. );
#1336 = ORIENTED_EDGE( '', *, *, #2497, .T. );
#1337 = ORIENTED_EDGE( '', *, *, #2498, .T. );
#1338 = CARTESIAN_POINT( '', ( 0.544051446945338, 1.00300000000000, -0.130064308681672 ) );
#1339 = CARTESIAN_POINT( '', ( 0.569774919614148, 1.00300000000000, -0.168327974276527 ) );
#1340 = CARTESIAN_POINT( '', ( 0.607073954983923, 1.00300000000000, -0.187620578778134 ) );
#1341 = CARTESIAN_POINT( '', ( 0.676848874598071, 1.00300000000000, -0.187620578778134 ) );
#1342 = CARTESIAN_POINT( '', ( 0.696141479099679, 1.00300000000000, -0.183762057877813 ) );
#1343 = CARTESIAN_POINT( '', ( 0.713826366559486, 1.00300000000000, -0.176366559485530 ) );
#1344 = CARTESIAN_POINT( '', ( 0.731625703206568, 1.00300000000000, -0.168923200524023 ) );
#1345 = CARTESIAN_POINT( '', ( 0.745016077170418, 1.00300000000000, -0.158681672025723 ) );
#1346 = CARTESIAN_POINT( '', ( 0.753697749196142, 1.00300000000000, -0.146463022508038 ) );
#1347 = CARTESIAN_POINT( '', ( 0.762531240613019, 1.00300000000000, -0.134030701254655 ) );
#1348 = CARTESIAN_POINT( '', ( 0.768810289389068, 1.00300000000000, -0.119453376205787 ) );
#1349 = CARTESIAN_POINT( '', ( 0.772025723472669, 1.00300000000000, -0.102411575562701 ) );
#1350 = CARTESIAN_POINT( '', ( 0.774094919967856, 1.00300000000000, -0.0914448341382046 ) );
#1351 = CARTESIAN_POINT( '', ( 0.775562700964631, 1.00300000000000, -0.0721864951768486 ) );
#1352 = CARTESIAN_POINT( '', ( 0.775562700964631, 1.00300000000000, -0.0448553054662376 ) );
#1353 = CARTESIAN_POINT( '', ( 0.775562700964631, 1.00300000000000, 0.0269560557341911 ) );
#1354 = CARTESIAN_POINT( '', ( 0.775562700964631, 1.00300000000000, 0.0987674169346198 ) );
#1355 = CARTESIAN_POINT( '', ( 0.775562700964631, 1.00300000000000, 0.170578778135048 ) );
#1356 = DIRECTION( '', ( 0.000000000000000, 1.00000000000000, 0.000000000000000 ) );
#1357 = SURFACE_STYLE_FILL_AREA( #2499 );
#1358 = ORIENTED_EDGE( '', *, *, #2500, .F. );
#1359 = ORIENTED_EDGE( '', *, *, #2488, .F. );
#1360 = ORIENTED_EDGE( '', *, *, #2501, .T. );
#1361 = ORIENTED_EDGE( '', *, *, #2502, .T. );
#1362 = CARTESIAN_POINT( '', ( 0.913504823151126, 1.00300000000000, 0.206913183279743 ) );
#1363 = CARTESIAN_POINT( '', ( 0.915755627009647, 1.00300000000000, 0.225241157556271 ) );
#1364 = CARTESIAN_POINT( '', ( 0.922508038585210, 1.00300000000000, 0.238424437299036 ) );
#1365 = CARTESIAN_POINT( '', ( 0.933762057877814, 1.00300000000000, 0.246784565916399 ) );
#1366 = CARTESIAN_POINT( '', ( 0.948680589501887, 1.00300000000000, 0.257866903694282 ) );
#1367 = CARTESIAN_POINT( '', ( 0.968810289389068, 1.00300000000000, 0.263826366559486 ) );
#1368 = CARTESIAN_POINT( '', ( 1.02250803858521, 1.00300000000000, 0.263826366559485 ) );
#1369 = CARTESIAN_POINT( '', ( 1.04372990353698, 1.00300000000000, 0.258360128617363 ) );
#1370 = CARTESIAN_POINT( '', ( 1.07395498392283, 1.00300000000000, 0.236495176848875 ) );
#1371 = CARTESIAN_POINT( '', ( 1.08424437299035, 1.00300000000000, 0.221061093247588 ) );
#1372 = CARTESIAN_POINT( '', ( 1.08938906752412, 1.00300000000000, 0.201125401929261 ) );
#1373 = CARTESIAN_POINT( '', ( 1.09246835542310, 1.00300000000000, 0.189193161320681 ) );
#1374 = CARTESIAN_POINT( '', ( 1.09389067524116, 1.00300000000000, 0.163826366559486 ) );
#1375 = CARTESIAN_POINT( '', ( 1.09389067524116, 1.00300000000000, 0.125241157556270 ) );
#1376 = DIRECTION( '', ( 0.000000000000000, 1.00000000000000, 0.000000000000000 ) );
#1377 = SURFACE_STYLE_FILL_AREA( #2503 );
#1378 = ORIENTED_EDGE( '', *, *, #2415, .F. );
#1379 = ORIENTED_EDGE( '', *, *, #2504, .F. );
#1380 = ORIENTED_EDGE( '', *, *, #2505, .T. );
#1381 = ORIENTED_EDGE( '', *, *, #2506, .T. );
#1382 = CARTESIAN_POINT( '', ( -1.43891012660909, 1.00300000000000, 1.33500000000000 ) );
#1383 = DIRECTION( '', ( 1.00000000000000, 0.000000000000000, 0.000000000000000 ) );
#1384 = DIRECTION( '', ( 0.000000000000000, 0.000000000000000, -1.00000000000000 ) );
#1385 = SURFACE_STYLE_FILL_AREA( #2507 );
#1386 = ORIENTED_EDGE( '', *, *, #2407, .F. );
#1387 = ORIENTED_EDGE( '', *, *, #2463, .F. );
#1388 = ORIENTED_EDGE( '', *, *, #2508, .F. );
#1389 = ORIENTED_EDGE( '', *, *, #2509, .F. );
#1390 = ORIENTED_EDGE( '', *, *, #2510, .F. );
#1391 = ORIENTED_EDGE( '', *, *, #2511, .F. );
#1392 = ORIENTED_EDGE( '', *, *, #2512, .F. );
#1393 = CARTESIAN_POINT( '', ( -0.112989430529724, 1.00300000000000, -0.184690882661342 ) );
#1394 = DIRECTION( '', ( 0.000000000000000, 1.00000000000000, 0.000000000000000 ) );
#1395 = DIRECTION( '', ( 0.000000000000000, 0.000000000000000, 1.00000000000000 ) );
#1396 = SURFACE_STYLE_FILL_AREA( #2513 );
#1397 = ORIENTED_EDGE( '', *, *, #2514, .F. );
#1398 = ORIENTED_EDGE( '', *, *, #2398, .F. );
#1399 = ORIENTED_EDGE( '', *, *, #2515, .T. );
#1400 = ORIENTED_EDGE( '', *, *, #2516, .T. );
#1401 = CARTESIAN_POINT( '', ( 0.401286173633441, 1.00300000000000, 0.170578778135048 ) );
#1402 = DIRECTION( '', ( 0.000000000000000, 0.000000000000000, -1.00000000000000 ) );
#1403 = DIRECTION( '', ( -1.00000000000000, 0.000000000000000, 0.000000000000000 ) );
#1404 = SURFACE_STYLE_FILL_AREA( #2517 );
#1405 = ORIENTED_EDGE( '', *, *, #2458, .T. );
#1406 = ORIENTED_EDGE( '', *, *, #2518, .F. );
#1407 = ORIENTED_EDGE( '', *, *, #2519, .F. );
#1408 = ORIENTED_EDGE( '', *, *, #2520, .T. );
#1409 = ORIENTED_EDGE( '', *, *, #2391, .T. );
#1410 = ORIENTED_EDGE( '', *, *, #2521, .F. );
#1411 = ORIENTED_EDGE( '', *, *, #2522, .F. );
#1412 = ORIENTED_EDGE( '', *, *, #2444, .T. );
#1413 = CARTESIAN_POINT( '', ( -2.12066318088941, 0.200722804072594, -1.30250000000000 ) );
#1414 = DIRECTION( '', ( -0.996194698091746, -0.0871557427476540, 0.000000000000000 ) );
#1415 = DIRECTION( '', ( -0.0871557427476540, 0.996194698091746, 0.000000000000000 ) );
#1416 = SURFACE_STYLE_FILL_AREA( #2523 );
#1417 = ORIENTED_EDGE( '', *, *, #2524, .F. );
#1418 = ORIENTED_EDGE( '', *, *, #2525, .F. );
#1419 = ORIENTED_EDGE( '', *, *, #2511, .T. );
#1420 = ORIENTED_EDGE( '', *, *, #2526, .T. );
#1421 = CARTESIAN_POINT( '', ( -0.221543408360129, 1.00300000000000, -0.179903536977492 ) );
#1422 = DIRECTION( '', ( -1.01562311940661E-015, 0.000000000000000, 1.00000000000000 ) );
#1423 = DIRECTION( '', ( 1.00000000000000, 0.000000000000000, 1.01562311940661E-015 ) );
#1424 = SURFACE_STYLE_FILL_AREA( #2527 );
#1425 = ORIENTED_EDGE( '', *, *, #2528, .T. );
#1426 = ORIENTED_EDGE( '', *, *, #2529, .F. );
#1427 = ORIENTED_EDGE( '', *, *, #2530, .F. );
#1428 = ORIENTED_EDGE( '', *, *, #2531, .T. );
#1429 = CARTESIAN_POINT( '', ( 1.20891012660941, -0.789357787137383, -1.30250000000000 ) );
#1430 = DIRECTION( '', ( 0.000000000000000, -1.00000000000000, 0.000000000000000 ) );
#1431 = DIRECTION( '', ( 0.000000000000000, 0.000000000000000, -1.00000000000000 ) );
#1432 = SURFACE_STYLE_FILL_AREA( #2532 );
#1433 = ORIENTED_EDGE( '', *, *, #2533, .T. );
#1434 = ORIENTED_EDGE( '', *, *, #2534, .F. );
#1435 = ORIENTED_EDGE( '', *, *, #2456, .F. );
#1436 = ORIENTED_EDGE( '', *, *, #2535, .T. );
#1437 = CARTESIAN_POINT( '', ( -1.24146858662091, -0.774308864596859, -1.30250000000000 ) );
#1438 = DIRECTION( '', ( -0.419562402819899, -0.907726495228597, 0.000000000000000 ) );
#1439 = DIRECTION( '', ( -0.907726495228597, 0.419562402819899, 0.000000000000000 ) );
#1440 = SURFACE_STYLE_FILL_AREA( #2536 );
#1441 = ORIENTED_EDGE( '', *, *, #2537, .F. );
#1442 = ORIENTED_EDGE( '', *, *, #2516, .F. );
#1443 = ORIENTED_EDGE( '', *, *, #2538, .T. );
#1444 = ORIENTED_EDGE( '', *, *, #2539, .T. );
#1445 = CARTESIAN_POINT( '', ( 0.342122186495177, 1.00300000000000, 0.170578778135048 ) );
#1446 = DIRECTION( '', ( 1.00000000000000, 0.000000000000000, -3.09345757470635E-016 ) );
#1447 = DIRECTION( '', ( -3.09345757470635E-016, 0.000000000000000, -1.00000000000000 ) );
#1448 = SURFACE_STYLE_FILL_AREA( #2540 );
#1449 = ORIENTED_EDGE( '', *, *, #2541, .T. );
#1450 = ORIENTED_EDGE( '', *, *, #2542, .T. );
#1451 = ORIENTED_EDGE( '', *, *, #2543, .F. );
#1452 = ORIENTED_EDGE( '', *, *, #2544, .T. );
#1453 = CARTESIAN_POINT( '', ( 2.55519026509542, 0.175642212862618, -0.725000000000000 ) );
#1454 = DIRECTION( '', ( -0.000000000000000, 1.00000000000000, 0.000000000000000 ) );
#1455 = DIRECTION( '', ( 1.00000000000000, 0.000000000000000, 0.000000000000000 ) );
#1456 = SURFACE_STYLE_FILL_AREA( #2545 );
#1457 = ORIENTED_EDGE( '', *, *, #2546, .F. );
#1458 = ORIENTED_EDGE( '', *, *, #2547, .F. );
#1459 = ORIENTED_EDGE( '', *, *, #2548, .T. );
#1460 = ORIENTED_EDGE( '', *, *, #2476, .T. );
#1461 = CARTESIAN_POINT( '', ( -1.05755627009646, 1.00300000000000, -0.312379421221864 ) );
#1462 = CARTESIAN_POINT( '', ( -1.01929260450161, 1.00300000000000, -0.198445873526259 ) );
#1463 = CARTESIAN_POINT( '', ( -0.981028938906752, 1.00300000000000, -0.0845123258306529 ) );
#1464 = CARTESIAN_POINT( '', ( -0.942765273311897, 1.00300000000000, 0.0294212218649527 ) );
#1465 = CARTESIAN_POINT( '', ( -0.931985536031757, 1.00300000000000, 0.0615188709651998 ) );
#1466 = CARTESIAN_POINT( '', ( -0.924437299035370, 1.00300000000000, 0.0853697749196151 ) );
#1467 = CARTESIAN_POINT( '', ( -0.919614147909968, 1.00300000000000, 0.101125401929261 ) );
#1468 = DIRECTION( '', ( 0.000000000000000, 1.00000000000000, 0.000000000000000 ) );
#1469 = SURFACE_STYLE_FILL_AREA( #2549 );
#1470 = ORIENTED_EDGE( '', *, *, #2550, .F. );
#1471 = ORIENTED_EDGE( '', *, *, #2551, .F. );
#1472 = ORIENTED_EDGE( '', *, *, #2509, .T. );
#1473 = ORIENTED_EDGE( '', *, *, #2552, .T. );
#1474 = CARTESIAN_POINT( '', ( -0.168167202572348, 1.00300000000000, -0.126848874598070 ) );
#1475 = CARTESIAN_POINT( '', ( -0.154662379421222, 1.00300000000000, -0.151607717041800 ) );
#1476 = CARTESIAN_POINT( '', ( -0.142443729903537, 1.00300000000000, -0.168006430868167 ) );
#1477 = CARTESIAN_POINT( '', ( -0.131189710610933, 1.00300000000000, -0.175723472668810 ) );
#1478 = CARTESIAN_POINT( '', ( -0.119567014395361, 1.00300000000000, -0.183693321502345 ) );
#1479 = CARTESIAN_POINT( '', ( -0.107073954983923, 1.00300000000000, -0.187620578778134 ) );
#1480 = CARTESIAN_POINT( '', ( -0.0736334405144693, 1.00300000000000, -0.187620578778134 ) );
#1481 = CARTESIAN_POINT( '', ( -0.0536977491961412, 1.00300000000000, -0.181189710610932 ) );
#1482 = CARTESIAN_POINT( '', ( -0.0334405144694533, 1.00300000000000, -0.168649517684887 ) );
#1483 = DIRECTION( '', ( 0.000000000000000, 1.00000000000000, 0.000000000000000 ) );
#1484 = SURFACE_STYLE_FILL_AREA( #2553 );
#1485 = ORIENTED_EDGE( '', *, *, #2554, .F. );
#1486 = ORIENTED_EDGE( '', *, *, #2555, .F. );
#1487 = ORIENTED_EDGE( '', *, *, #2556, .T. );
#1488 = ORIENTED_EDGE( '', *, *, #2435, .T. );
#1489 = CARTESIAN_POINT( '', ( -0.952090032154341, 1.00300000000000, 0.170578778135049 ) );
#1490 = DIRECTION( '', ( 0.947043000102940, 0.000000000000000, -0.321106767222403 ) );
#1491 = DIRECTION( '', ( -0.321106767222403, 0.000000000000000, -0.947043000102940 ) );
#1492 = SURFACE_STYLE_FILL_AREA( #2557 );
#1493 = ORIENTED_EDGE( '', *, *, #2558, .F. );
#1494 = ORIENTED_EDGE( '', *, *, #2559, .F. );
#1495 = ORIENTED_EDGE( '', *, *, #2560, .T. );
#1496 = ORIENTED_EDGE( '', *, *, #2561, .T. );
#1497 = CARTESIAN_POINT( '', ( -0.534726688102894, 1.00300000000000, 0.116237942122187 ) );
#1498 = CARTESIAN_POINT( '', ( -0.522486539652765, 1.00300000000000, 0.126824016457434 ) );
#1499 = CARTESIAN_POINT( '', ( -0.505144694533762, 1.00300000000000, 0.132315112540194 ) );
#1500 = CARTESIAN_POINT( '', ( -0.481993569131832, 1.00300000000000, 0.131993569131834 ) );
#1501 = CARTESIAN_POINT( '', ( -0.458851373768631, 1.00300000000000, 0.131672149751789 ) );
#1502 = CARTESIAN_POINT( '', ( -0.438585209003215, 1.00300000000000, 0.127170418006432 ) );
#1503 = CARTESIAN_POINT( '', ( -0.420578778135048, 1.00300000000000, 0.117202572347268 ) );
#1504 = CARTESIAN_POINT( '', ( -0.402818468850629, 1.00300000000000, 0.107370972564821 ) );
#1505 = CARTESIAN_POINT( '', ( -0.389710610932476, 1.00300000000000, 0.0934083601286182 ) );
#1506 = CARTESIAN_POINT( '', ( -0.381350482315113, 1.00300000000000, 0.0760450160771712 ) );
#1507 = CARTESIAN_POINT( '', ( -0.374987288651451, 1.00300000000000, 0.0628291523141822 ) );
#1508 = CARTESIAN_POINT( '', ( -0.371704180064308, 1.00300000000000, 0.0429260450160779 ) );
#1509 = CARTESIAN_POINT( '', ( -0.371704180064308, 1.00300000000000, 0.0165594855305473 ) );
#1510 = CARTESIAN_POINT( '', ( -0.371704180064308, 1.00300000000000, 0.00937834941050451 ) );
#1511 = CARTESIAN_POINT( '', ( -0.371489817792069, 1.00300000000000, 0.00219721329046162 ) );
#1512 = CARTESIAN_POINT( '', ( -0.371382636655949, 1.00300000000000, -0.00498392282958126 ) );
#1513 = DIRECTION( '', ( 0.000000000000000, 1.00000000000000, 0.000000000000000 ) );
#1514 = SURFACE_STYLE_FILL_AREA( #2562 );
#1515 = ORIENTED_EDGE( '', *, *, #2563, .F. );
#1516 = ORIENTED_EDGE( '', *, *, #2564, .F. );
#1517 = ORIENTED_EDGE( '', *, *, #2565, .T. );
#1518 = ORIENTED_EDGE( '', *, *, #2496, .T. );
#1519 = CARTESIAN_POINT( '', ( 0.544051446945338, 1.00300000000000, -0.179903536977492 ) );
#1520 = DIRECTION( '', ( -1.00000000000000, 0.000000000000000, 0.000000000000000 ) );
#1521 = DIRECTION( '', ( 0.000000000000000, 0.000000000000000, 1.00000000000000 ) );
#1522 = SURFACE_STYLE_FILL_AREA( #2566 );
#1523 = ORIENTED_EDGE( '', *, *, #2567, .F. );
#1524 = ORIENTED_EDGE( '', *, *, #2568, .F. );
#1525 = ORIENTED_EDGE( '', *, *, #2569, .T. );
#1526 = ORIENTED_EDGE( '', *, *, #2570, .T. );
#1527 = CARTESIAN_POINT( '', ( 0.490675241157557, 1.00300000000000, 0.170578778135048 ) );
#1528 = DIRECTION( '', ( 1.00000000000000, 0.000000000000000, 0.000000000000000 ) );
#1529 = DIRECTION( '', ( 0.000000000000000, 0.000000000000000, -1.00000000000000 ) );
#1530 = SURFACE_STYLE_FILL_AREA( #2571 );
#1531 = ORIENTED_EDGE( '', *, *, #2572, .F. );
#1532 = ORIENTED_EDGE( '', *, *, #2573, .F. );
#1533 = ORIENTED_EDGE( '', *, *, #2574, .T. );
#1534 = ORIENTED_EDGE( '', *, *, #2575, .F. );
#1535 = CARTESIAN_POINT( '', ( 1.41519026509541, -1.24435778713738, -0.725000000000000 ) );
#1536 = DIRECTION( '', ( 0.000000000000000, -1.00000000000000, 0.000000000000000 ) );
#1537 = DIRECTION( '', ( 0.000000000000000, 0.000000000000000, -1.00000000000000 ) );
#1538 = SURFACE_STYLE_FILL_AREA( #2576 );
#1539 = ORIENTED_EDGE( '', *, *, #2577, .F. );
#1540 = ORIENTED_EDGE( '', *, *, #2552, .F. );
#1541 = ORIENTED_EDGE( '', *, *, #2508, .T. );
#1542 = ORIENTED_EDGE( '', *, *, #2462, .T. );
#1543 = CARTESIAN_POINT( '', ( -0.0334405144694533, 1.00300000000000, -0.168649517684887 ) );
#1544 = DIRECTION( '', ( -0.935187216216637, 0.000000000000000, -0.354153738685585 ) );
#1545 = DIRECTION( '', ( -0.354153738685585, 0.000000000000000, 0.935187216216637 ) );
#1546 = SURFACE_STYLE_FILL_AREA( #2578 );
#1547 = ORIENTED_EDGE( '', *, *, #2579, .F. );
#1548 = ORIENTED_EDGE( '', *, *, #2580, .F. );
#1549 = ORIENTED_EDGE( '', *, *, #2581, .T. );
#1550 = ORIENTED_EDGE( '', *, *, #2582, .T. );
#1551 = CARTESIAN_POINT( '', ( -0.692282958199357, 1.00300000000000, 0.170578778135049 ) );
#1552 = DIRECTION( '', ( -4.41344078066743E-016, 0.000000000000000, -1.00000000000000 ) );
#1553 = DIRECTION( '', ( -1.00000000000000, 0.000000000000000, 4.41344078066743E-016 ) );
#1554 = SURFACE_STYLE_FILL_AREA( #2583 );
#1555 = ORIENTED_EDGE( '', *, *, #2584, .F. );
#1556 = ORIENTED_EDGE( '', *, *, #2585, .F. );
#1557 = ORIENTED_EDGE( '', *, *, #2586, .T. );
#1558 = ORIENTED_EDGE( '', *, *, #2580, .T. );
#1559 = CARTESIAN_POINT( '', ( -0.692282958199357, 1.00300000000000, -0.312379421221864 ) );
#1560 = DIRECTION( '', ( -1.00000000000000, 0.000000000000000, 0.000000000000000 ) );
#1561 = DIRECTION( '', ( 0.000000000000000, 0.000000000000000, 1.00000000000000 ) );
#1562 = SURFACE_STYLE_FILL_AREA( #2587 );
#1563 = ORIENTED_EDGE( '', *, *, #2588, .F. );
#1564 = ORIENTED_EDGE( '', *, *, #2570, .F. );
#1565 = ORIENTED_EDGE( '', *, *, #2589, .T. );
#1566 = ORIENTED_EDGE( '', *, *, #2564, .T. );
#1567 = CARTESIAN_POINT( '', ( 0.490675241157557, 1.00300000000000, -0.179903536977492 ) );
#1568 = DIRECTION( '', ( 0.000000000000000, 0.000000000000000, 1.00000000000000 ) );
#1569 = DIRECTION( '', ( 1.00000000000000, 0.000000000000000, 0.000000000000000 ) );
#1570 = SURFACE_STYLE_FILL_AREA( #2590 );
#1571 = ORIENTED_EDGE( '', *, *, #2591, .F. );
#1572 = ORIENTED_EDGE( '', *, *, #2592, .F. );
#1573 = ORIENTED_EDGE( '', *, *, #2593, .T. );
#1574 = ORIENTED_EDGE( '', *, *, #2425, .T. );
#1575 = CARTESIAN_POINT( '', ( -0.367845659163987, 1.00300000000000, 0.126527331189711 ) );
#1576 = CARTESIAN_POINT( '', ( -0.389067524115756, 1.00300000000000, 0.145498392282959 ) );
#1577 = CARTESIAN_POINT( '', ( -0.409967845659164, 1.00300000000000, 0.159003215434084 ) );
#1578 = CARTESIAN_POINT( '', ( -0.430546623794212, 1.00300000000000, 0.167041800643087 ) );
#1579 = CARTESIAN_POINT( '', ( -0.450737452076682, 1.00300000000000, 0.174928842940927 ) );
#1580 = CARTESIAN_POINT( '', ( -0.472668810289389, 1.00300000000000, 0.178617363344052 ) );
#1581 = CARTESIAN_POINT( '', ( -0.534726688102894, 1.00300000000000, 0.178617363344052 ) );
#1582 = CARTESIAN_POINT( '', ( -0.564308681672025, 1.00300000000000, 0.169292604501608 ) );
#1583 = CARTESIAN_POINT( '', ( -0.585209003215434, 1.00300000000000, 0.150321543408361 ) );
#1584 = CARTESIAN_POINT( '', ( -0.605773010215450, 1.00300000000000, 0.131655752439116 ) );
#1585 = CARTESIAN_POINT( '', ( -0.616398713826366, 1.00300000000000, 0.107877813504824 ) );
#1586 = CARTESIAN_POINT( '', ( -0.616398713826366, 1.00300000000000, 0.0612540192926054 ) );
#1587 = CARTESIAN_POINT( '', ( -0.612218649517685, 1.00300000000000, 0.0454983922829590 ) );
#1588 = CARTESIAN_POINT( '', ( -0.596784565916398, 1.00300000000000, 0.0172025723472677 ) );
#1589 = CARTESIAN_POINT( '', ( -0.586495176848874, 1.00300000000000, 0.00594855305466319 ) );
#1590 = CARTESIAN_POINT( '', ( -0.573633440514469, 1.00300000000000, -0.00273311897106028 ) );
#1591 = CARTESIAN_POINT( '', ( -0.561141706899860, 1.00300000000000, -0.0111650391609214 ) );
#1592 = CARTESIAN_POINT( '', ( -0.546623794212218, 1.00300000000000, -0.0178456591639863 ) );
#1593 = CARTESIAN_POINT( '', ( -0.530868167202572, 1.00300000000000, -0.0223472668810282 ) );
#1594 = CARTESIAN_POINT( '', ( -0.519401807923315, 1.00300000000000, -0.0256233695322445 ) );
#1595 = CARTESIAN_POINT( '', ( -0.501607717041800, 1.00300000000000, -0.0281350482315105 ) );
#1596 = CARTESIAN_POINT( '', ( -0.477813504823151, 1.00300000000000, -0.0310289389067517 ) );
#1597 = CARTESIAN_POINT( '', ( -0.429908223861796, 1.00300000000000, -0.0368552568615111 ) );
#1598 = CARTESIAN_POINT( '', ( -0.394212218649518, 1.00300000000000, -0.0435691318327967 ) );
#1599 = CARTESIAN_POINT( '', ( -0.371704180064308, 1.00300000000000, -0.0516077170417999 ) );
#1600 = DIRECTION( '', ( 0.000000000000000, 1.00000000000000, 0.000000000000000 ) );
#1601 = SURFACE_STYLE_FILL_AREA( #2594 );
#1602 = ORIENTED_EDGE( '', *, *, #2595, .F. );
#1603 = ORIENTED_EDGE( '', *, *, #2478, .F. );
#1604 = ORIENTED_EDGE( '', *, *, #2596, .T. );
#1605 = ORIENTED_EDGE( '', *, *, #2585, .T. );
#1606 = CARTESIAN_POINT( '', ( -0.777170418006431, 1.00300000000000, -0.312379421221864 ) );
#1607 = DIRECTION( '', ( 0.000000000000000, 0.000000000000000, 1.00000000000000 ) );
#1608 = DIRECTION( '', ( 1.00000000000000, 0.000000000000000, 0.000000000000000 ) );
#1609 = SURFACE_STYLE_FILL_AREA( #2597 );
#1610 = ORIENTED_EDGE( '', *, *, #2598, .F. );
#1611 = ORIENTED_EDGE( '', *, *, #2599, .F. );
#1612 = ORIENTED_EDGE( '', *, *, #2600, .T. );
#1613 = ORIENTED_EDGE( '', *, *, #2601, .T. );
#1614 = CARTESIAN_POINT( '', ( 1.09935691318328, 1.00300000000000, -0.136816720257235 ) );
#1615 = DIRECTION( '', ( 1.00000000000000, 0.000000000000000, 0.000000000000000 ) );
#1616 = DIRECTION( '', ( 0.000000000000000, 0.000000000000000, -1.00000000000000 ) );
#1617 = SURFACE_STYLE_FILL_AREA( #2602 );
#1618 = ORIENTED_EDGE( '', *, *, #2603, .F. );
#1619 = ORIENTED_EDGE( '', *, *, #2502, .F. );
#1620 = ORIENTED_EDGE( '', *, *, #2604, .T. );
#1621 = ORIENTED_EDGE( '', *, *, #2599, .T. );
#1622 = CARTESIAN_POINT( '', ( 1.09389067524116, 1.00300000000000, 0.125241157556270 ) );
#1623 = CARTESIAN_POINT( '', ( 1.06752411575563, 1.00300000000000, 0.155787781350482 ) );
#1624 = CARTESIAN_POINT( '', ( 1.03504823151125, 1.00300000000000, 0.170578778135048 ) );
#1625 = CARTESIAN_POINT( '', ( 0.947909967845660, 1.00300000000000, 0.170578778135048 ) );
#1626 = CARTESIAN_POINT( '', ( 0.910610932475885, 1.00300000000000, 0.153536977491962 ) );
#1627 = CARTESIAN_POINT( '', ( 0.883922829581994, 1.00300000000000, 0.118488745980708 ) );
#1628 = CARTESIAN_POINT( '', ( 0.857507721667092, 1.00300000000000, 0.0837990259478853 ) );
#1629 = CARTESIAN_POINT( '', ( 0.844372990353698, 1.00300000000000, 0.0422829581993572 ) );
#1630 = CARTESIAN_POINT( '', ( 0.844372990353698, 1.00300000000000, -0.0397106109324756 ) );
#1631 = CARTESIAN_POINT( '', ( 0.850160771704181, 1.00300000000000, -0.0705787781350479 ) );
#1632 = CARTESIAN_POINT( '', ( 0.862379421221866, 1.00300000000000, -0.0991961414790994 ) );
#1633 = CARTESIAN_POINT( '', ( 0.874365831592284, 1.00300000000000, -0.127269576294027 ) );
#1634 = CARTESIAN_POINT( '', ( 0.892282958199357, 1.00300000000000, -0.149035369774919 ) );
#1635 = CARTESIAN_POINT( '', ( 0.938585209003216, 1.00300000000000, -0.179903536977492 ) );
#1636 = CARTESIAN_POINT( '', ( 0.965594855305467, 1.00300000000000, -0.187620578778135 ) );
#1637 = CARTESIAN_POINT( '', ( 1.03826366559486, 1.00300000000000, -0.187620578778135 ) );
#1638 = CARTESIAN_POINT( '', ( 1.07234726688103, 1.00300000000000, -0.170578778135048 ) );
#1639 = CARTESIAN_POINT( '', ( 1.09935691318328, 1.00300000000000, -0.136816720257235 ) );
#1640 = DIRECTION( '', ( 0.000000000000000, 1.00000000000000, 0.000000000000000 ) );
#1641 = SURFACE_STYLE_FILL_AREA( #2605 );
#1642 = ORIENTED_EDGE( '', *, *, #2606, .F. );
#1643 = ORIENTED_EDGE( '', *, *, #2607, .T. );
#1644 = ORIENTED_EDGE( '', *, *, #2574, .F. );
#1645 = ORIENTED_EDGE( '', *, *, #2608, .F. );
#1646 = ORIENTED_EDGE( '', *, *, #2609, .F. );
#1647 = ORIENTED_EDGE( '', *, *, #2610, .T. );
#1648 = ORIENTED_EDGE( '', *, *, #2441, .F. );
#1649 = ORIENTED_EDGE( '', *, *, #2611, .T. );
#1650 = ORIENTED_EDGE( '', *, *, #2612, .F. );
#1651 = ORIENTED_EDGE( '', *, *, #2613, .T. );
#1652 = ORIENTED_EDGE( '', *, *, #2541, .F. );
#1653 = ORIENTED_EDGE( '', *, *, #2614, .T. );
#1654 = CARTESIAN_POINT( '', ( -0.0498097349045873, -0.00435778713738270, -0.725000000000000 ) );
#1655 = DIRECTION( '', ( 0.000000000000000, 0.000000000000000, 1.00000000000000 ) );
#1656 = DIRECTION( '', ( 1.00000000000000, 0.000000000000000, 0.000000000000000 ) );
#1657 = SURFACE_STYLE_FILL_AREA( #2615 );
#1658 = ORIENTED_EDGE( '', *, *, #2616, .T. );
#1659 = ORIENTED_EDGE( '', *, *, #2617, .F. );
#1660 = CARTESIAN_POINT( '', ( 0.905466237942122, 1.00300000000000, -0.0107717041800640 ) );
#1661 = CARTESIAN_POINT( '', ( 0.905466237942123, 1.00300000000000, 0.0355305466237945 ) );
#1662 = CARTESIAN_POINT( '', ( 0.914469453376207, 1.00300000000000, 0.0689710610932479 ) );
#1663 = CARTESIAN_POINT( '', ( 0.951125401929261, 1.00300000000000, 0.111414790996785 ) );
#1664 = CARTESIAN_POINT( '', ( 0.974276527331191, 1.00300000000000, 0.122025723472669 ) );
#1665 = CARTESIAN_POINT( '', ( 1.02926045016077, 1.00300000000000, 0.122025723472669 ) );
#1666 = CARTESIAN_POINT( '', ( 1.05209003215434, 1.00300000000000, 0.111414790996785 ) );
#1667 = CARTESIAN_POINT( '', ( 1.07041800643087, 1.00300000000000, 0.0905144694533764 ) );
#1668 = CARTESIAN_POINT( '', ( 1.08904515288585, 1.00300000000000, 0.0692729866538411 ) );
#1669 = CARTESIAN_POINT( '', ( 1.09839228295820, 1.00300000000000, 0.0361736334405147 ) );
#1670 = CARTESIAN_POINT( '', ( 1.09839228295820, 1.00300000000000, -0.0519292604501606 ) );
#1671 = CARTESIAN_POINT( '', ( 1.08874598070740, 1.00300000000000, -0.0840836012861734 ) );
#1672 = CARTESIAN_POINT( '', ( 1.06977491961415, 1.00300000000000, -0.106270096463022 ) );
#1673 = CARTESIAN_POINT( '', ( 1.05096267958562, 1.00300000000000, -0.128270851750621 ) );
#1674 = CARTESIAN_POINT( '', ( 1.02765273311897, 1.00300000000000, -0.138745980707395 ) );
#1675 = CARTESIAN_POINT( '', ( 1.00064308681672, 1.00300000000000, -0.139067524115755 ) );
#1676 = CARTESIAN_POINT( '', ( 0.974284090914269, 1.00300000000000, -0.139381321686023 ) );
#1677 = CARTESIAN_POINT( '', ( 0.951768488745981, 1.00300000000000, -0.128135048231511 ) );
#1678 = CARTESIAN_POINT( '', ( 0.933118971061094, 1.00300000000000, -0.106591639871382 ) );
#1679 = CARTESIAN_POINT( '', ( 0.914607193351467, 1.00300000000000, -0.0852073449309516 ) );
#1680 = CARTESIAN_POINT( '', ( 0.905466237942123, 1.00300000000000, -0.0532154340836010 ) );
#1681 = CARTESIAN_POINT( '', ( 0.905466237942122, 1.00300000000000, -0.0107717041800640 ) );
#1682 = DIRECTION( '', ( 0.000000000000000, 1.00000000000000, 0.000000000000000 ) );
#1683 = SURFACE_STYLE_FILL_AREA( #2618 );
#1684 = ORIENTED_EDGE( '', *, *, #2619, .F. );
#1685 = ORIENTED_EDGE( '', *, *, #2620, .F. );
#1686 = ORIENTED_EDGE( '', *, *, #2621, .T. );
#1687 = ORIENTED_EDGE( '', *, *, #2622, .T. );
#1688 = CARTESIAN_POINT( '', ( 0.342122186495177, 1.00300000000000, -0.312379421221865 ) );
#1689 = DIRECTION( '', ( 0.000000000000000, 0.000000000000000, 1.00000000000000 ) );
#1690 = DIRECTION( '', ( 1.00000000000000, 0.000000000000000, 0.000000000000000 ) );
#1691 = SURFACE_STYLE_FILL_AREA( #2623 );
#1692 = ORIENTED_EDGE( '', *, *, #2624, .F. );
#1693 = ORIENTED_EDGE( '', *, *, #2625, .F. );
#1694 = ORIENTED_EDGE( '', *, *, #2626, .T. );
#1695 = ORIENTED_EDGE( '', *, *, #2547, .T. );
#1696 = CARTESIAN_POINT( '', ( -1.15273311897106, 1.00300000000000, -0.312379421221864 ) );
#1697 = DIRECTION( '', ( 2.84786212536312E-015, 0.000000000000000, 1.00000000000000 ) );
#1698 = DIRECTION( '', ( 1.00000000000000, 0.000000000000000, -2.84786212536312E-015 ) );
#1699 = SURFACE_STYLE_FILL_AREA( #2627 );
#1700 = ORIENTED_EDGE( '', *, *, #2628, .F. );
#1701 = ORIENTED_EDGE( '', *, *, #2437, .F. );
#1702 = ORIENTED_EDGE( '', *, *, #2629, .T. );
#1703 = ORIENTED_EDGE( '', *, *, #2630, .T. );
#1704 = CARTESIAN_POINT( '', ( -1.09163987138264, 1.00300000000000, 0.170578778135049 ) );
#1705 = DIRECTION( '', ( 0.000000000000000, 0.000000000000000, -1.00000000000000 ) );
#1706 = DIRECTION( '', ( -1.00000000000000, 0.000000000000000, 0.000000000000000 ) );
#1707 = SURFACE_STYLE_FILL_AREA( #2631 );
#1708 = ORIENTED_EDGE( '', *, *, #2632, .T. );
#1709 = ORIENTED_EDGE( '', *, *, #2633, .F. );
#1710 = ORIENTED_EDGE( '', *, *, #2634, .F. );
#1711 = ORIENTED_EDGE( '', *, *, #2450, .T. );
#1712 = CARTESIAN_POINT( '', ( -1.41519026509541, -1.24000000000000, -0.725000000000000 ) );
#1713 = DIRECTION( '', ( 1.00000000000000, 0.000000000000000, 0.000000000000000 ) );
#1714 = DIRECTION( '', ( 0.000000000000000, 1.00000000000000, 0.000000000000000 ) );
#1715 = SURFACE_STYLE_FILL_AREA( #2635 );
#1716 = ORIENTED_EDGE( '', *, *, #2609, .T. );
#1717 = ORIENTED_EDGE( '', *, *, #2636, .T. );
#1718 = ORIENTED_EDGE( '', *, *, #2637, .F. );
#1719 = ORIENTED_EDGE( '', *, *, #2638, .F. );
#1720 = CARTESIAN_POINT( '', ( 2.32519026509541, -1.01435778713738, -0.725000000000000 ) );
#1721 = DIRECTION( '', ( -0.000000000000000, 1.00000000000000, 0.000000000000000 ) );
#1722 = DIRECTION( '', ( 1.00000000000000, 0.000000000000000, 0.000000000000000 ) );
#1723 = SURFACE_STYLE_FILL_AREA( #2639 );
#1724 = ORIENTED_EDGE( '', *, *, #2640, .F. );
#1725 = ORIENTED_EDGE( '', *, *, #2427, .F. );
#1726 = ORIENTED_EDGE( '', *, *, #2641, .T. );
#1727 = ORIENTED_EDGE( '', *, *, #2642, .T. );
#1728 = CARTESIAN_POINT( '', ( -0.547266881028939, 1.00300000000000, -0.0721864951768481 ) );
#1729 = DIRECTION( '', ( 0.130034036800185, 0.000000000000000, -0.991509530601420 ) );
#1730 = DIRECTION( '', ( -0.991509530601420, 0.000000000000000, -0.130034036800185 ) );
#1731 = SURFACE_STYLE_FILL_AREA( #2643 );
#1732 = ORIENTED_EDGE( '', *, *, #2492, .T. );
#1733 = ORIENTED_EDGE( '', *, *, #2644, .F. );
#1734 = ORIENTED_EDGE( '', *, *, #2528, .F. );
#1735 = ORIENTED_EDGE( '', *, *, #2645, .T. );
#1736 = ORIENTED_EDGE( '', *, *, #2646, .T. );
#1737 = ORIENTED_EDGE( '', *, *, #2647, .T. );
#1738 = ORIENTED_EDGE( '', *, *, #2542, .F. );
#1739 = ORIENTED_EDGE( '', *, *, #2613, .F. );
#1740 = CARTESIAN_POINT( '', ( 2.02704326009941, -0.869357787137383, -1.30250000000000 ) );
#1741 = DIRECTION( '', ( 0.996194698091745, -0.0871557427476639, 0.000000000000000 ) );
#1742 = DIRECTION( '', ( 0.000000000000000, 0.000000000000000, -1.00000000000000 ) );
#1743 = SURFACE_STYLE_FILL_AREA( #2648 );
#1744 = ORIENTED_EDGE( '', *, *, #2649, .F. );
#1745 = ORIENTED_EDGE( '', *, *, #2408, .F. );
#1746 = ORIENTED_EDGE( '', *, *, #2512, .T. );
#1747 = ORIENTED_EDGE( '', *, *, #2525, .T. );
#1748 = CARTESIAN_POINT( '', ( -0.221543408360128, 1.00300000000000, 0.170578778135049 ) );
#1749 = DIRECTION( '', ( 1.00000000000000, 0.000000000000000, -3.86682196838294E-016 ) );
#1750 = DIRECTION( '', ( -3.86682196838294E-016, 0.000000000000000, -1.00000000000000 ) );
#1751 = SURFACE_STYLE_FILL_AREA( #2650 );
#1752 = ORIENTED_EDGE( '', *, *, #2651, .F. );
#1753 = ORIENTED_EDGE( '', *, *, #2652, .F. );
#1754 = ORIENTED_EDGE( '', *, *, #2653, .T. );
#1755 = ORIENTED_EDGE( '', *, *, #2654, .T. );
#1756 = CARTESIAN_POINT( '', ( 0.221221864951769, 1.00300000000000, 0.170578778135049 ) );
#1757 = DIRECTION( '', ( 0.835508021739430, 0.000000000000000, -0.549478248531336 ) );
#1758 = DIRECTION( '', ( -0.549478248531336, 0.000000000000000, -0.835508021739430 ) );
#1759 = SURFACE_STYLE_FILL_AREA( #2655 );
#1760 = ORIENTED_EDGE( '', *, *, #2656, .T. );
#1761 = ORIENTED_EDGE( '', *, *, #2558, .T. );
#1762 = CARTESIAN_POINT( '', ( 2.08685290420300, 1.00500000000000, -1.30250000000000 ) );
#1763 = DIRECTION( '', ( -0.000000000000000, 1.00000000000000, 0.000000000000000 ) );
#1764 = DIRECTION( '', ( 1.00000000000000, 0.000000000000000, 0.000000000000000 ) );
#1765 = SURFACE_STYLE_FILL_AREA( #2657 );
#1766 = ORIENTED_EDGE( '', *, *, #2447, .T. );
#1767 = ORIENTED_EDGE( '', *, *, #2658, .T. );
#1768 = ORIENTED_EDGE( '', *, *, #2659, .F. );
#1769 = ORIENTED_EDGE( '', *, *, #2660, .F. );
#1770 = CARTESIAN_POINT( '', ( -2.32519026509541, -1.08000000000000, -0.725000000000000 ) );
#1771 = DIRECTION( '', ( 1.00000000000000, 0.000000000000000, 0.000000000000000 ) );
#1772 = DIRECTION( '', ( 0.000000000000000, 1.00000000000000, 0.000000000000000 ) );
#1773 = SURFACE_STYLE_FILL_AREA( #2661 );
#1774 = ORIENTED_EDGE( '', *, *, #2453, .T. );
#1775 = ORIENTED_EDGE( '', *, *, #2662, .F. );
#1776 = ORIENTED_EDGE( '', *, *, #2663, .F. );
#1777 = ORIENTED_EDGE( '', *, *, #2664, .T. );
#1778 = CARTESIAN_POINT( '', ( -2.55519026509542, 0.180000000000000, -0.725000000000000 ) );
#1779 = DIRECTION( '', ( -1.00000000000000, 0.000000000000000, 0.000000000000000 ) );
#1780 = DIRECTION( '', ( 0.000000000000000, 0.000000000000000, 1.00000000000000 ) );
#1781 = SURFACE_STYLE_FILL_AREA( #2665 );
#1782 = ORIENTED_EDGE( '', *, *, #2530, .T. );
#1783 = ORIENTED_EDGE( '', *, *, #2666, .F. );
#1784 = ORIENTED_EDGE( '', *, *, #2667, .F. );
#1785 = ORIENTED_EDGE( '', *, *, #2668, .T. );
#1786 = CARTESIAN_POINT( '', ( 0.462499965095413, -1.13435778713738, -1.30250000000000 ) );
#1787 = DIRECTION( '', ( 0.419562402819899, -0.907726495228597, 0.000000000000000 ) );
#1788 = DIRECTION( '', ( 0.000000000000000, 0.000000000000000, -1.00000000000000 ) );
#1789 = SURFACE_STYLE_FILL_AREA( #2669 );
#1790 = ORIENTED_EDGE( '', *, *, #2419, .T. );
#1791 = ORIENTED_EDGE( '', *, *, #2670, .T. );
#1792 = ORIENTED_EDGE( '', *, *, #2567, .T. );
#1793 = ORIENTED_EDGE( '', *, *, #2588, .T. );
#1794 = ORIENTED_EDGE( '', *, *, #2563, .T. );
#1795 = ORIENTED_EDGE( '', *, *, #2495, .T. );
#1796 = ORIENTED_EDGE( '', *, *, #2671, .T. );
#1797 = ORIENTED_EDGE( '', *, *, #2672, .T. );
#1798 = ORIENTED_EDGE( '', *, *, #2673, .T. );
#1799 = ORIENTED_EDGE( '', *, *, #2674, .T. );
#1800 = ORIENTED_EDGE( '', *, *, #2619, .T. );
#1801 = ORIENTED_EDGE( '', *, *, #2461, .T. );
#1802 = ORIENTED_EDGE( '', *, *, #2405, .T. );
#1803 = ORIENTED_EDGE( '', *, *, #2649, .T. );
#1804 = ORIENTED_EDGE( '', *, *, #2524, .T. );
#1805 = ORIENTED_EDGE( '', *, *, #2675, .T. );
#1806 = ORIENTED_EDGE( '', *, *, #2550, .T. );
#1807 = ORIENTED_EDGE( '', *, *, #2577, .T. );
#1808 = ORIENTED_EDGE( '', *, *, #2434, .T. );
#1809 = ORIENTED_EDGE( '', *, *, #2628, .T. );
#1810 = ORIENTED_EDGE( '', *, *, #2676, .T. );
#1811 = ORIENTED_EDGE( '', *, *, #2624, .T. );
#1812 = ORIENTED_EDGE( '', *, *, #2546, .T. );
#1813 = ORIENTED_EDGE( '', *, *, #2475, .T. );
#1814 = ORIENTED_EDGE( '', *, *, #2595, .T. );
#1815 = ORIENTED_EDGE( '', *, *, #2584, .T. );
#1816 = ORIENTED_EDGE( '', *, *, #2579, .T. );
#1817 = ORIENTED_EDGE( '', *, *, #2677, .T. );
#1818 = ORIENTED_EDGE( '', *, *, #2678, .T. );
#1819 = ORIENTED_EDGE( '', *, *, #2679, .T. );
#1820 = ORIENTED_EDGE( '', *, *, #2554, .T. );
#1821 = ORIENTED_EDGE( '', *, *, #2680, .T. );
#1822 = ORIENTED_EDGE( '', *, *, #2429, .T. );
#1823 = ORIENTED_EDGE( '', *, *, #2681, .F. );
#1824 = ORIENTED_EDGE( '', *, *, #2490, .F. );
#1825 = ORIENTED_EDGE( '', *, *, #2480, .T. );
#1826 = ORIENTED_EDGE( '', *, *, #2682, .T. );
#1827 = ORIENTED_EDGE( '', *, *, #2591, .T. );
#1828 = ORIENTED_EDGE( '', *, *, #2424, .T. );
#1829 = ORIENTED_EDGE( '', *, *, #2640, .T. );
#1830 = ORIENTED_EDGE( '', *, *, #2683, .T. );
#1831 = ORIENTED_EDGE( '', *, *, #2684, .T. );
#1832 = ORIENTED_EDGE( '', *, *, #2470, .T. );
#1833 = ORIENTED_EDGE( '', *, *, #2685, .T. );
#1834 = ORIENTED_EDGE( '', *, *, #2465, .T. );
#1835 = ORIENTED_EDGE( '', *, *, #2686, .T. );
#1836 = ORIENTED_EDGE( '', *, *, #2410, .T. );
#1837 = ORIENTED_EDGE( '', *, *, #2400, .T. );
#1838 = ORIENTED_EDGE( '', *, *, #2687, .T. );
#1839 = ORIENTED_EDGE( '', *, *, #2688, .T. );
#1840 = ORIENTED_EDGE( '', *, *, #2689, .T. );
#1841 = ORIENTED_EDGE( '', *, *, #2651, .T. );
#1842 = ORIENTED_EDGE( '', *, *, #2690, .T. );
#1843 = ORIENTED_EDGE( '', *, *, #2395, .T. );
#1844 = ORIENTED_EDGE( '', *, *, #2514, .T. );
#1845 = ORIENTED_EDGE( '', *, *, #2537, .T. );
#1846 = ORIENTED_EDGE( '', *, *, #2691, .T. );
#1847 = ORIENTED_EDGE( '', *, *, #2692, .T. );
#1848 = ORIENTED_EDGE( '', *, *, #2693, .T. );
#1849 = ORIENTED_EDGE( '', *, *, #2485, .T. );
#1850 = ORIENTED_EDGE( '', *, *, #2500, .T. );
#1851 = ORIENTED_EDGE( '', *, *, #2603, .T. );
#1852 = ORIENTED_EDGE( '', *, *, #2598, .T. );
#1853 = CARTESIAN_POINT( '', ( 2.08685290420300, 1.00500000000000, -1.30250000000000 ) );
#1854 = DIRECTION( '', ( -0.000000000000000, 1.00000000000000, 0.000000000000000 ) );
#1855 = DIRECTION( '', ( 1.00000000000000, 0.000000000000000, 0.000000000000000 ) );
#1856 = SURFACE_STYLE_FILL_AREA( #2694 );
#1857 = ORIENTED_EDGE( '', *, *, #2695, .F. );
#1858 = ORIENTED_EDGE( '', *, *, #2696, .F. );
#1859 = ORIENTED_EDGE( '', *, *, #2448, .F. );
#1860 = ORIENTED_EDGE( '', *, *, #2660, .T. );
#1861 = CARTESIAN_POINT( '', ( -2.22519026509522, -0.914357787137357, -4.69837800000000 ) );
#1862 = DIRECTION( '', ( -0.000000000000000, -0.000000000000000, -1.00000000000000 ) );
#1863 = DIRECTION( '', ( -1.00000000000000, 0.000000000000000, 0.000000000000000 ) );
#1864 = SURFACE_STYLE_FILL_AREA( #2697 );
#1865 = ORIENTED_EDGE( '', *, *, #2676, .F. );
#1866 = ORIENTED_EDGE( '', *, *, #2630, .F. );
#1867 = ORIENTED_EDGE( '', *, *, #2698, .T. );
#1868 = ORIENTED_EDGE( '', *, *, #2625, .T. );
#1869 = CARTESIAN_POINT( '', ( -1.15273311897106, 1.00300000000000, 0.170578778135049 ) );
#1870 = DIRECTION( '', ( 1.00000000000000, 0.000000000000000, 0.000000000000000 ) );
#1871 = DIRECTION( '', ( 0.000000000000000, 0.000000000000000, -1.00000000000000 ) );
#1872 = SURFACE_STYLE_FILL_AREA( #2699 );
#1873 = ORIENTED_EDGE( '', *, *, #2691, .F. );
#1874 = ORIENTED_EDGE( '', *, *, #2539, .F. );
#1875 = ORIENTED_EDGE( '', *, *, #2700, .T. );
#1876 = ORIENTED_EDGE( '', *, *, #2396, .T. );
#1877 = CARTESIAN_POINT( '', ( 0.342122186495177, 1.00300000000000, -0.179903536977492 ) );
#1878 = DIRECTION( '', ( 9.16268683812472E-016, 0.000000000000000, 1.00000000000000 ) );
#1879 = DIRECTION( '', ( 1.00000000000000, 0.000000000000000, -9.16268683812472E-016 ) );
#1880 = SURFACE_STYLE_FILL_AREA( #2701 );
#1881 = ORIENTED_EDGE( '', *, *, #2692, .F. );
#1882 = ORIENTED_EDGE( '', *, *, #2601, .F. );
#1883 = ORIENTED_EDGE( '', *, *, #2702, .T. );
#1884 = ORIENTED_EDGE( '', *, *, #2703, .T. );
#1885 = CARTESIAN_POINT( '', ( 1.09935691318328, 1.00300000000000, -0.179903536977492 ) );
#1886 = DIRECTION( '', ( 0.000000000000000, 0.000000000000000, 1.00000000000000 ) );
#1887 = DIRECTION( '', ( 1.00000000000000, 0.000000000000000, 0.000000000000000 ) );
#1888 = SURFACE_STYLE_FILL_AREA( #2704 );
#1889 = ORIENTED_EDGE( '', *, *, #2430, .T. );
#1890 = ORIENTED_EDGE( '', *, *, #2680, .F. );
#1891 = ORIENTED_EDGE( '', *, *, #2493, .F. );
#1892 = ORIENTED_EDGE( '', *, *, #2645, .F. );
#1893 = ORIENTED_EDGE( '', *, *, #2531, .F. );
#1894 = ORIENTED_EDGE( '', *, *, #2668, .F. );
#1895 = ORIENTED_EDGE( '', *, *, #2705, .F. );
#1896 = ORIENTED_EDGE( '', *, *, #2535, .F. );
#1897 = ORIENTED_EDGE( '', *, *, #2459, .F. );
#1898 = ORIENTED_EDGE( '', *, *, #2520, .F. );
#1899 = ORIENTED_EDGE( '', *, *, #2706, .F. );
#1900 = ORIENTED_EDGE( '', *, *, #2416, .F. );
#1901 = ORIENTED_EDGE( '', *, *, #2506, .F. );
#1902 = ORIENTED_EDGE( '', *, *, #2707, .T. );
#1903 = CARTESIAN_POINT( '', ( 0.000000000000000, 0.000000000000000, -1.33500000000000 ) );
#1904 = DIRECTION( '', ( 0.000000000000000, 0.000000000000000, 1.00000000000000 ) );
#1905 = DIRECTION( '', ( 1.00000000000000, 0.000000000000000, 0.000000000000000 ) );
#1906 = SURFACE_STYLE_FILL_AREA( #2708 );
#1907 = ORIENTED_EDGE( '', *, *, #2674, .F. );
#1908 = ORIENTED_EDGE( '', *, *, #2709, .F. );
#1909 = ORIENTED_EDGE( '', *, *, #2710, .T. );
#1910 = ORIENTED_EDGE( '', *, *, #2620, .T. );
#1911 = CARTESIAN_POINT( '', ( 0.342122186495177, 1.00300000000000, -0.244533762057877 ) );
#1912 = DIRECTION( '', ( 1.00000000000000, 0.000000000000000, 0.000000000000000 ) );
#1913 = DIRECTION( '', ( 0.000000000000000, 0.000000000000000, -1.00000000000000 ) );
#1914 = SURFACE_STYLE_FILL_AREA( #2711 );
#1915 = ORIENTED_EDGE( '', *, *, #2616, .F. );
#1916 = ORIENTED_EDGE( '', *, *, #2712, .F. );
#1917 = ORIENTED_EDGE( '', *, *, #2702, .F. );
#1918 = ORIENTED_EDGE( '', *, *, #2600, .F. );
#1919 = ORIENTED_EDGE( '', *, *, #2604, .F. );
#1920 = ORIENTED_EDGE( '', *, *, #2501, .F. );
#1921 = ORIENTED_EDGE( '', *, *, #2487, .F. );
#1922 = CARTESIAN_POINT( '', ( 1.14215962863898, 1.00300000000000, 0.222875584879403 ) );
#1923 = DIRECTION( '', ( 0.000000000000000, 1.00000000000000, 0.000000000000000 ) );
#1924 = DIRECTION( '', ( 0.000000000000000, 0.000000000000000, 1.00000000000000 ) );
#1925 = SURFACE_STYLE_FILL_AREA( #2713 );
#1926 = ORIENTED_EDGE( '', *, *, #2714, .F. );
#1927 = ORIENTED_EDGE( '', *, *, #2715, .T. );
#1928 = ORIENTED_EDGE( '', *, *, #2606, .T. );
#1929 = ORIENTED_EDGE( '', *, *, #2716, .F. );
#1930 = CARTESIAN_POINT( '', ( 2.55519026509542, -1.31435778713738, -0.725000000000000 ) );
#1931 = DIRECTION( '', ( 1.00000000000000, 0.000000000000000, 0.000000000000000 ) );
#1932 = DIRECTION( '', ( 0.000000000000000, 1.00000000000000, 0.000000000000000 ) );
#1933 = SURFACE_STYLE_FILL_AREA( #2717 );
#1934 = ORIENTED_EDGE( '', *, *, #2718, .F. );
#1935 = ORIENTED_EDGE( '', *, *, #2421, .F. );
#1936 = ORIENTED_EDGE( '', *, *, #2719, .F. );
#1937 = ORIENTED_EDGE( '', *, *, #2497, .F. );
#1938 = ORIENTED_EDGE( '', *, *, #2565, .F. );
#1939 = ORIENTED_EDGE( '', *, *, #2589, .F. );
#1940 = ORIENTED_EDGE( '', *, *, #2569, .F. );
#1941 = CARTESIAN_POINT( '', ( 0.770127010577573, 1.00300000000000, -0.110874461105192 ) );
#1942 = DIRECTION( '', ( 0.000000000000000, 1.00000000000000, 0.000000000000000 ) );
#1943 = DIRECTION( '', ( 0.000000000000000, 0.000000000000000, 1.00000000000000 ) );
#1944 = SURFACE_STYLE_FILL_AREA( #2720 );
#1945 = ORIENTED_EDGE( '', *, *, #2721, .F. );
#1946 = ORIENTED_EDGE( '', *, *, #2722, .T. );
#1947 = ORIENTED_EDGE( '', *, *, #2445, .T. );
#1948 = ORIENTED_EDGE( '', *, *, #2522, .T. );
#1949 = CARTESIAN_POINT( '', ( -2.37500000000000, -0.0543577871373927, -0.725000000000000 ) );
#1950 = DIRECTION( '', ( 0.000000000000000, -1.00000000000000, 0.000000000000000 ) );
#1951 = DIRECTION( '', ( 0.000000000000000, 0.000000000000000, -1.00000000000000 ) );
#1952 = SURFACE_STYLE_FILL_AREA( #2723 );
#1953 = ORIENTED_EDGE( '', *, *, #2664, .F. );
#1954 = ORIENTED_EDGE( '', *, *, #2724, .F. );
#1955 = ORIENTED_EDGE( '', *, *, #2393, .T. );
#1956 = ORIENTED_EDGE( '', *, *, #2454, .F. );
#1957 = CARTESIAN_POINT( '', ( -2.45519026509522, 0.0756422128626330, 4.69837800000000 ) );
#1958 = DIRECTION( '', ( -0.000000000000000, -0.000000000000000, 1.00000000000000 ) );
#1959 = DIRECTION( '', ( -1.00000000000000, 0.000000000000000, 0.000000000000000 ) );
#1960 = SURFACE_STYLE_FILL_AREA( #2725 );
#1961 = ORIENTED_EDGE( '', *, *, #2573, .T. );
#1962 = ORIENTED_EDGE( '', *, *, #2726, .F. );
#1963 = ORIENTED_EDGE( '', *, *, #2636, .F. );
#1964 = ORIENTED_EDGE( '', *, *, #2608, .T. );
#1965 = CARTESIAN_POINT( '', ( 1.41519026509541, -1.00435778713738, -0.725000000000000 ) );
#1966 = DIRECTION( '', ( -1.00000000000000, 0.000000000000000, 0.000000000000000 ) );
#1967 = DIRECTION( '', ( 0.000000000000000, 0.000000000000000, 1.00000000000000 ) );
#1968 = SURFACE_STYLE_FILL_AREA( #2727 );
#1969 = ORIENTED_EDGE( '', *, *, #2728, .F. );
#1970 = ORIENTED_EDGE( '', *, *, #2729, .F. );
#1971 = ORIENTED_EDGE( '', *, *, #2662, .T. );
#1972 = ORIENTED_EDGE( '', *, *, #2452, .F. );
#1973 = CARTESIAN_POINT( '', ( -2.45519026509522, -1.14435778713736, 4.69837800000000 ) );
#1974 = DIRECTION( '', ( -0.000000000000000, -0.000000000000000, 1.00000000000000 ) );
#1975 = DIRECTION( '', ( 0.000000000000000, -1.00000000000000, 0.000000000000000 ) );
#1976 = SURFACE_STYLE_FILL_AREA( #2730 );
#1977 = ORIENTED_EDGE( '', *, *, #2681, .T. );
#1978 = ORIENTED_EDGE( '', *, *, #2432, .F. );
#1979 = ORIENTED_EDGE( '', *, *, #2731, .T. );
#1980 = ORIENTED_EDGE( '', *, *, #2504, .T. );
#1981 = ORIENTED_EDGE( '', *, *, #2414, .T. );
#1982 = ORIENTED_EDGE( '', *, *, #2732, .T. );
#1983 = ORIENTED_EDGE( '', *, *, #2518, .T. );
#1984 = ORIENTED_EDGE( '', *, *, #2457, .T. );
#1985 = ORIENTED_EDGE( '', *, *, #2534, .T. );
#1986 = ORIENTED_EDGE( '', *, *, #2733, .T. );
#1987 = ORIENTED_EDGE( '', *, *, #2666, .T. );
#1988 = ORIENTED_EDGE( '', *, *, #2529, .T. );
#1989 = ORIENTED_EDGE( '', *, *, #2644, .T. );
#1990 = ORIENTED_EDGE( '', *, *, #2491, .T. );
#1991 = CARTESIAN_POINT( '', ( 0.000000000000000, 0.000000000000000, 1.33500000000000 ) );
#1992 = DIRECTION( '', ( 0.000000000000000, 0.000000000000000, 1.00000000000000 ) );
#1993 = DIRECTION( '', ( 1.00000000000000, 0.000000000000000, 0.000000000000000 ) );
#1994 = SURFACE_STYLE_FILL_AREA( #2734 );
#1995 = ORIENTED_EDGE( '', *, *, #2735, .F. );
#1996 = ORIENTED_EDGE( '', *, *, #2632, .F. );
#1997 = ORIENTED_EDGE( '', *, *, #2449, .T. );
#1998 = ORIENTED_EDGE( '', *, *, #2696, .T. );
#1999 = CARTESIAN_POINT( '', ( -1.46500000000000, -1.01435778713738, -0.725000000000000 ) );
#2000 = DIRECTION( '', ( -0.000000000000000, 1.00000000000000, 0.000000000000000 ) );
#2001 = DIRECTION( '', ( 1.00000000000000, 0.000000000000000, 0.000000000000000 ) );
#2002 = SURFACE_STYLE_FILL_AREA( #2736 );
#2003 = ORIENTED_EDGE( '', *, *, #2440, .T. );
#2004 = ORIENTED_EDGE( '', *, *, #2737, .F. );
#2005 = ORIENTED_EDGE( '', *, *, #2738, .F. );
#2006 = ORIENTED_EDGE( '', *, *, #2611, .F. );
#2007 = CARTESIAN_POINT( '', ( 2.22519026509542, -0.154357787137382, -4.69837800000000 ) );
#2008 = DIRECTION( '', ( -0.000000000000000, -0.000000000000000, -1.00000000000000 ) );
#2009 = DIRECTION( '', ( 1.00000000000000, 0.000000000000000, 0.000000000000000 ) );
#2010 = SURFACE_STYLE_FILL_AREA( #2739 );
#2011 = ORIENTED_EDGE( '', *, *, #2451, .T. );
#2012 = ORIENTED_EDGE( '', *, *, #2634, .T. );
#2013 = ORIENTED_EDGE( '', *, *, #2740, .F. );
#2014 = ORIENTED_EDGE( '', *, *, #2728, .T. );
#2015 = CARTESIAN_POINT( '', ( -2.60500000000000, -1.24435778713738, -0.725000000000000 ) );
#2016 = DIRECTION( '', ( 0.000000000000000, -1.00000000000000, 0.000000000000000 ) );
#2017 = DIRECTION( '', ( 0.000000000000000, 0.000000000000000, -1.00000000000000 ) );
#2018 = SURFACE_STYLE_FILL_AREA( #2741 );
#2019 = ORIENTED_EDGE( '', *, *, #2617, .T. );
#2020 = CARTESIAN_POINT( '', ( 2.08685290420300, 1.00500000000000, -1.30250000000000 ) );
#2021 = DIRECTION( '', ( -0.000000000000000, 1.00000000000000, 0.000000000000000 ) );
#2022 = DIRECTION( '', ( 1.00000000000000, 0.000000000000000, 0.000000000000000 ) );
#2023 = SURFACE_STYLE_FILL_AREA( #2742 );
#2024 = ORIENTED_EDGE( '', *, *, #2675, .F. );
#2025 = ORIENTED_EDGE( '', *, *, #2526, .F. );
#2026 = ORIENTED_EDGE( '', *, *, #2510, .T. );
#2027 = ORIENTED_EDGE( '', *, *, #2551, .T. );
#2028 = CARTESIAN_POINT( '', ( -0.168167202572348, 1.00300000000000, -0.179903536977492 ) );
#2029 = DIRECTION( '', ( -1.00000000000000, 0.000000000000000, 0.000000000000000 ) );
#2030 = DIRECTION( '', ( 0.000000000000000, 0.000000000000000, 1.00000000000000 ) );
#2031 = SURFACE_STYLE_FILL_AREA( #2743 );
#2032 = ORIENTED_EDGE( '', *, *, #2678, .F. );
#2033 = ORIENTED_EDGE( '', *, *, #2744, .F. );
#2034 = ORIENTED_EDGE( '', *, *, #2745, .T. );
#2035 = ORIENTED_EDGE( '', *, *, #2746, .T. );
#2036 = CARTESIAN_POINT( '', ( -0.753697749196141, 1.00300000000000, -0.234244372990353 ) );
#2037 = DIRECTION( '', ( -0.943776519914421, 0.000000000000000, -0.330584150343335 ) );
#2038 = DIRECTION( '', ( -0.330584150343335, 0.000000000000000, 0.943776519914421 ) );
#2039 = SURFACE_STYLE_FILL_AREA( #2747 );
#2040 = ORIENTED_EDGE( '', *, *, #2690, .F. );
#2041 = ORIENTED_EDGE( '', *, *, #2654, .F. );
#2042 = ORIENTED_EDGE( '', *, *, #2748, .T. );
#2043 = ORIENTED_EDGE( '', *, *, #2749, .T. );
#2044 = CARTESIAN_POINT( '', ( 0.103858520900322, 1.00300000000000, -0.00787781350482255 ) );
#2045 = DIRECTION( '', ( -0.695795215827009, 0.000000000000000, -0.718240222789177 ) );
#2046 = DIRECTION( '', ( -0.718240222789177, 0.000000000000000, 0.695795215827009 ) );
#2047 = SURFACE_STYLE_FILL_AREA( #2750 );
#2048 = ORIENTED_EDGE( '', *, *, #2682, .F. );
#2049 = ORIENTED_EDGE( '', *, *, #2483, .F. );
#2050 = ORIENTED_EDGE( '', *, *, #2751, .T. );
#2051 = ORIENTED_EDGE( '', *, *, #2592, .T. );
#2052 = CARTESIAN_POINT( '', ( -0.355305466237942, 1.00300000000000, 0.170578778135049 ) );
#2053 = CARTESIAN_POINT( '', ( -0.361736334405145, 1.00300000000000, 0.158360128617364 ) );
#2054 = CARTESIAN_POINT( '', ( -0.365916398713826, 1.00300000000000, 0.143569131832798 ) );
#2055 = CARTESIAN_POINT( '', ( -0.367845659163987, 1.00300000000000, 0.126527331189711 ) );
#2056 = DIRECTION( '', ( 0.000000000000000, 1.00000000000000, 0.000000000000000 ) );
#2057 = SURFACE_STYLE_FILL_AREA( #2752 );
#2058 = ORIENTED_EDGE( '', *, *, #2667, .T. );
#2059 = ORIENTED_EDGE( '', *, *, #2733, .F. );
#2060 = ORIENTED_EDGE( '', *, *, #2533, .F. );
#2061 = ORIENTED_EDGE( '', *, *, #2705, .T. );
#2062 = CARTESIAN_POINT( '', ( -0.500000000000000, -1.13000000000000, -1.30250000000000 ) );
#2063 = DIRECTION( '', ( 0.000000000000000, -1.00000000000000, 0.000000000000000 ) );
#2064 = DIRECTION( '', ( 0.000000000000000, 0.000000000000000, -1.00000000000000 ) );
#2065 = SURFACE_STYLE_FILL_AREA( #2753 );
#2066 = ORIENTED_EDGE( '', *, *, #2431, .F. );
#2067 = ORIENTED_EDGE( '', *, *, #2707, .F. );
#2068 = ORIENTED_EDGE( '', *, *, #2505, .F. );
#2069 = ORIENTED_EDGE( '', *, *, #2731, .F. );
#2070 = CARTESIAN_POINT( '', ( 0.000000000000000, 1.00300000000000, 0.000000000000000 ) );
#2071 = DIRECTION( '', ( 0.000000000000000, -1.00000000000000, 0.000000000000000 ) );
#2072 = DIRECTION( '', ( 0.000000000000000, 0.000000000000000, -1.00000000000000 ) );
#2073 = SURFACE_STYLE_FILL_AREA( #2754 );
#2074 = ORIENTED_EDGE( '', *, *, #2755, .F. );
#2075 = ORIENTED_EDGE( '', *, *, #2756, .F. );
#2076 = ORIENTED_EDGE( '', *, *, #2621, .F. );
#2077 = ORIENTED_EDGE( '', *, *, #2710, .F. );
#2078 = CARTESIAN_POINT( '', ( 0.371704180064309, 1.00300000000000, -0.244533762057877 ) );
#2079 = DIRECTION( '', ( 0.000000000000000, 1.00000000000000, 0.000000000000000 ) );
#2080 = DIRECTION( '', ( 0.000000000000000, 0.000000000000000, 1.00000000000000 ) );
#2081 = SURFACE_STYLE_FILL_AREA( #2757 );
#2082 = ORIENTED_EDGE( '', *, *, #2672, .F. );
#2083 = ORIENTED_EDGE( '', *, *, #2622, .F. );
#2084 = ORIENTED_EDGE( '', *, *, #2756, .T. );
#2085 = ORIENTED_EDGE( '', *, *, #2758, .T. );
#2086 = CARTESIAN_POINT( '', ( 0.401286173633441, 1.00300000000000, -0.312379421221865 ) );
#2087 = DIRECTION( '', ( -1.00000000000000, 0.000000000000000, 7.99021032329365E-016 ) );
#2088 = DIRECTION( '', ( 7.99021032329365E-016, 0.000000000000000, 1.00000000000000 ) );
#2089 = SURFACE_STYLE_FILL_AREA( #2759 );
#2090 = ORIENTED_EDGE( '', *, *, #2685, .F. );
#2091 = ORIENTED_EDGE( '', *, *, #2473, .F. );
#2092 = ORIENTED_EDGE( '', *, *, #2760, .T. );
#2093 = ORIENTED_EDGE( '', *, *, #2466, .T. );
#2094 = CARTESIAN_POINT( '', ( 0.00353697749196164, 1.00300000000000, 0.170578778135049 ) );
#2095 = DIRECTION( '', ( 1.00000000000000, 0.000000000000000, -3.50768637278412E-016 ) );
#2096 = DIRECTION( '', ( -3.50768637278412E-016, 0.000000000000000, -1.00000000000000 ) );
#2097 = SURFACE_STYLE_FILL_AREA( #2761 );
#2098 = ORIENTED_EDGE( '', *, *, #2656, .F. );
#2099 = ORIENTED_EDGE( '', *, *, #2561, .F. );
#2100 = ORIENTED_EDGE( '', *, *, #2762, .T. );
#2101 = ORIENTED_EDGE( '', *, *, #2559, .T. );
#2102 = CARTESIAN_POINT( '', ( -0.371382636655949, 1.00300000000000, -0.00498392282958126 ) );
#2103 = CARTESIAN_POINT( '', ( -0.392926045016077, 1.00300000000000, 0.00369774919614222 ) );
#2104 = CARTESIAN_POINT( '', ( -0.425401929260450, 1.00300000000000, 0.0110932475884252 ) );
#2105 = CARTESIAN_POINT( '', ( -0.468810289389067, 1.00300000000000, 0.0172025723472677 ) );
#2106 = CARTESIAN_POINT( '', ( -0.493261065359502, 1.00300000000000, 0.0206437926690325 ) );
#2107 = CARTESIAN_POINT( '', ( -0.510610932475884, 1.00300000000000, 0.0249196141479107 ) );
#2108 = CARTESIAN_POINT( '', ( -0.520900321543408, 1.00300000000000, 0.0290996784565925 ) );
#2109 = CARTESIAN_POINT( '', ( -0.531301833040000, 1.00300000000000, 0.0333252925020828 ) );
#2110 = CARTESIAN_POINT( '', ( -0.538906752411575, 1.00300000000000, 0.0400321543408368 ) );
#2111 = CARTESIAN_POINT( '', ( -0.544372990353698, 1.00300000000000, 0.0483922829582001 ) );
#2112 = CARTESIAN_POINT( '', ( -0.550082801592723, 1.00300000000000, 0.0571249354414150 ) );
#2113 = CARTESIAN_POINT( '', ( -0.552733118971061, 1.00300000000000, 0.0663987138263674 ) );
#2114 = CARTESIAN_POINT( '', ( -0.552733118971061, 1.00300000000000, 0.0927652733118979 ) );
#2115 = CARTESIAN_POINT( '', ( -0.546623794212218, 1.00300000000000, 0.105948553054663 ) );
#2116 = CARTESIAN_POINT( '', ( -0.534726688102894, 1.00300000000000, 0.116237942122187 ) );
#2117 = DIRECTION( '', ( 0.000000000000000, 1.00000000000000, 0.000000000000000 ) );
#2118 = SURFACE_STYLE_FILL_AREA( #2763 );
#2119 = ORIENTED_EDGE( '', *, *, #2677, .F. );
#2120 = ORIENTED_EDGE( '', *, *, #2582, .F. );
#2121 = ORIENTED_EDGE( '', *, *, #2764, .T. );
#2122 = ORIENTED_EDGE( '', *, *, #2744, .T. );
#2123 = CARTESIAN_POINT( '', ( -0.753697749196141, 1.00300000000000, 0.170578778135049 ) );
#2124 = DIRECTION( '', ( 1.00000000000000, 0.000000000000000, -2.67821187961073E-016 ) );
#2125 = DIRECTION( '', ( -2.67821187961073E-016, 0.000000000000000, -1.00000000000000 ) );
#2126 = SURFACE_STYLE_FILL_AREA( #2765 );
#2127 = ORIENTED_EDGE( '', *, *, #2670, .F. );
#2128 = ORIENTED_EDGE( '', *, *, #2422, .F. );
#2129 = ORIENTED_EDGE( '', *, *, #2718, .T. );
#2130 = ORIENTED_EDGE( '', *, *, #2568, .T. );
#2131 = CARTESIAN_POINT( '', ( 0.549839228295821, 1.00300000000000, 0.170578778135048 ) );
#2132 = DIRECTION( '', ( 0.000000000000000, 0.000000000000000, -1.00000000000000 ) );
#2133 = DIRECTION( '', ( -1.00000000000000, 0.000000000000000, 0.000000000000000 ) );
#2134 = SURFACE_STYLE_FILL_AREA( #2766 );
#2135 = ORIENTED_EDGE( '', *, *, #2663, .T. );
#2136 = ORIENTED_EDGE( '', *, *, #2729, .T. );
#2137 = ORIENTED_EDGE( '', *, *, #2740, .T. );
#2138 = ORIENTED_EDGE( '', *, *, #2633, .T. );
#2139 = ORIENTED_EDGE( '', *, *, #2735, .T. );
#2140 = ORIENTED_EDGE( '', *, *, #2695, .T. );
#2141 = ORIENTED_EDGE( '', *, *, #2659, .T. );
#2142 = ORIENTED_EDGE( '', *, *, #2767, .T. );
#2143 = ORIENTED_EDGE( '', *, *, #2721, .T. );
#2144 = ORIENTED_EDGE( '', *, *, #2521, .T. );
#2145 = ORIENTED_EDGE( '', *, *, #2390, .T. );
#2146 = ORIENTED_EDGE( '', *, *, #2724, .T. );
#2147 = CARTESIAN_POINT( '', ( 0.000000000000000, 0.000000000000000, 0.725000000000000 ) );
#2148 = DIRECTION( '', ( 0.000000000000000, 0.000000000000000, 1.00000000000000 ) );
#2149 = DIRECTION( '', ( 1.00000000000000, 0.000000000000000, 0.000000000000000 ) );
#2150 = SURFACE_STYLE_FILL_AREA( #2768 );
#2151 = ORIENTED_EDGE( '', *, *, #2519, .T. );
#2152 = ORIENTED_EDGE( '', *, *, #2732, .F. );
#2153 = ORIENTED_EDGE( '', *, *, #2417, .F. );
#2154 = ORIENTED_EDGE( '', *, *, #2706, .T. );
#2155 = CARTESIAN_POINT( '', ( -2.04925936329685, 1.00171099134898, -1.30250000000000 ) );
#2156 = DIRECTION( '', ( -0.996194698091745, 0.0871557427476639, 0.000000000000000 ) );
#2157 = DIRECTION( '', ( 0.000000000000000, 0.000000000000000, 1.00000000000000 ) );
#2158 = SURFACE_STYLE_FILL_AREA( #2769 );
#2159 = ORIENTED_EDGE( '', *, *, #2671, .F. );
#2160 = ORIENTED_EDGE( '', *, *, #2498, .F. );
#2161 = ORIENTED_EDGE( '', *, *, #2719, .T. );
#2162 = ORIENTED_EDGE( '', *, *, #2420, .T. );
#2163 = CARTESIAN_POINT( '', ( 0.775562700964631, 1.00300000000000, 0.170578778135048 ) );
#2164 = DIRECTION( '', ( -4.58134341906240E-016, 0.000000000000000, -1.00000000000000 ) );
#2165 = DIRECTION( '', ( -1.00000000000000, 0.000000000000000, 4.58134341906240E-016 ) );
#2166 = SURFACE_STYLE_FILL_AREA( #2770 );
#2167 = ORIENTED_EDGE( '', *, *, #2687, .F. );
#2168 = ORIENTED_EDGE( '', *, *, #2403, .F. );
#2169 = ORIENTED_EDGE( '', *, *, #2771, .T. );
#2170 = ORIENTED_EDGE( '', *, *, #2772, .T. );
#2171 = CARTESIAN_POINT( '', ( 0.281028938906752, 1.00300000000000, -0.179903536977492 ) );
#2172 = DIRECTION( '', ( -0.696735230307812, 0.000000000000000, -0.717328389824299 ) );
#2173 = DIRECTION( '', ( -0.717328389824299, 0.000000000000000, 0.696735230307812 ) );
#2174 = SURFACE_STYLE_FILL_AREA( #2773 );
#2175 = ORIENTED_EDGE( '', *, *, #2684, .F. );
#2176 = ORIENTED_EDGE( '', *, *, #2749, .F. );
#2177 = ORIENTED_EDGE( '', *, *, #2774, .T. );
#2178 = ORIENTED_EDGE( '', *, *, #2471, .T. );
#2179 = CARTESIAN_POINT( '', ( 0.0627009646302250, 1.00300000000000, 0.0319935691318334 ) );
#2180 = DIRECTION( '', ( -1.00000000000000, 0.000000000000000, 3.91168069191406E-016 ) );
#2181 = DIRECTION( '', ( 3.91168069191406E-016, 0.000000000000000, 1.00000000000000 ) );
#2182 = SURFACE_STYLE_FILL_AREA( #2775 );
#2183 = ORIENTED_EDGE( '', *, *, #2515, .F. );
#2184 = ORIENTED_EDGE( '', *, *, #2397, .F. );
#2185 = ORIENTED_EDGE( '', *, *, #2700, .F. );
#2186 = ORIENTED_EDGE( '', *, *, #2538, .F. );
#2187 = CARTESIAN_POINT( '', ( 0.371704180064309, 1.00300000000000, 0.170578778135048 ) );
#2188 = DIRECTION( '', ( 0.000000000000000, 1.00000000000000, 0.000000000000000 ) );
#2189 = DIRECTION( '', ( 0.000000000000000, 0.000000000000000, 1.00000000000000 ) );
#2190 = SURFACE_STYLE_FILL_AREA( #2776 );
#2191 = ORIENTED_EDGE( '', *, *, #2777, .F. );
#2192 = ORIENTED_EDGE( '', *, *, #2442, .F. );
#2193 = ORIENTED_EDGE( '', *, *, #2610, .F. );
#2194 = ORIENTED_EDGE( '', *, *, #2638, .T. );
#2195 = CARTESIAN_POINT( '', ( 2.22519026509542, -0.914357787137383, -4.69837800000000 ) );
#2196 = DIRECTION( '', ( -0.000000000000000, -0.000000000000000, -1.00000000000000 ) );
#2197 = DIRECTION( '', ( 0.000000000000000, -1.00000000000000, 0.000000000000000 ) );
#2198 = SURFACE_STYLE_FILL_AREA( #2778 );
#2199 = ORIENTED_EDGE( '', *, *, #2683, .F. );
#2200 = ORIENTED_EDGE( '', *, *, #2642, .F. );
#2201 = ORIENTED_EDGE( '', *, *, #2779, .T. );
#2202 = ORIENTED_EDGE( '', *, *, #2481, .T. );
#2203 = CARTESIAN_POINT( '', ( -0.606109324758842, 1.00300000000000, -0.0799035369774912 ) );
#2204 = CARTESIAN_POINT( '', ( -0.600964630225080, 1.00300000000000, -0.104662379421221 ) );
#2205 = CARTESIAN_POINT( '', ( -0.592282958199357, 1.00300000000000, -0.124598070739549 ) );
#2206 = CARTESIAN_POINT( '', ( -0.580064308681672, 1.00300000000000, -0.140032154340835 ) );
#2207 = CARTESIAN_POINT( '', ( -0.568002141334971, 1.00300000000000, -0.155268576252457 ) );
#2208 = CARTESIAN_POINT( '', ( -0.550482315112540, 1.00300000000000, -0.167041800643086 ) );
#2209 = CARTESIAN_POINT( '', ( -0.527652733118971, 1.00300000000000, -0.175401929260450 ) );
#2210 = CARTESIAN_POINT( '', ( -0.504643453523563, 1.00300000000000, -0.183827862633415 ) );
#2211 = CARTESIAN_POINT( '', ( -0.478135048231511, 1.00300000000000, -0.187620578778134 ) );
#2212 = CARTESIAN_POINT( '', ( -0.418006430868167, 1.00300000000000, -0.187620578778134 ) );
#2213 = CARTESIAN_POINT( '', ( -0.393890675241158, 1.00300000000000, -0.184083601286173 ) );
#2214 = CARTESIAN_POINT( '', ( -0.374919614147910, 1.00300000000000, -0.177009646302250 ) );
#2215 = CARTESIAN_POINT( '', ( -0.356230846271435, 1.00300000000000, -0.170040953195768 ) );
#2216 = CARTESIAN_POINT( '', ( -0.342443729903537, 1.00300000000000, -0.161254019292604 ) );
#2217 = CARTESIAN_POINT( '', ( -0.325080385852089, 1.00300000000000, -0.140032154340835 ) );
#2218 = CARTESIAN_POINT( '', ( -0.318971061093248, 1.00300000000000, -0.126527331189710 ) );
#2219 = CARTESIAN_POINT( '', ( -0.315434083601286, 1.00300000000000, -0.110450160771703 ) );
#2220 = CARTESIAN_POINT( '', ( -0.313171011776021, 1.00300000000000, -0.100163470656863 ) );
#2221 = CARTESIAN_POINT( '', ( -0.312218649517685, 1.00300000000000, -0.0818327974276520 ) );
#2222 = CARTESIAN_POINT( '', ( -0.312218649517685, 1.00300000000000, -0.0554662379421214 ) );
#2223 = CARTESIAN_POINT( '', ( -0.312218649517685, 1.00300000000000, -0.0289924973204709 ) );
#2224 = CARTESIAN_POINT( '', ( -0.312218649517685, 1.00300000000000, -0.00251875669882031 ) );
#2225 = CARTESIAN_POINT( '', ( -0.312218649517685, 1.00300000000000, 0.0239549839228303 ) );
#2226 = CARTESIAN_POINT( '', ( -0.312218649517685, 1.00300000000000, 0.0792604501607724 ) );
#2227 = CARTESIAN_POINT( '', ( -0.310932475884245, 1.00300000000000, 0.113987138263666 ) );
#2228 = CARTESIAN_POINT( '', ( -0.308681672025723, 1.00300000000000, 0.128778135048232 ) );
#2229 = CARTESIAN_POINT( '', ( -0.306471413825623, 1.00300000000000, 0.143302688934600 ) );
#2230 = CARTESIAN_POINT( '', ( -0.301286173633440, 1.00300000000000, 0.157395498392284 ) );
#2231 = CARTESIAN_POINT( '', ( -0.294212218649518, 1.00300000000000, 0.170578778135049 ) );
#2232 = DIRECTION( '', ( 0.000000000000000, 1.00000000000000, 0.000000000000000 ) );
#2233 = SURFACE_STYLE_FILL_AREA( #2780 );
#2234 = ORIENTED_EDGE( '', *, *, #2781, .F. );
#2235 = ORIENTED_EDGE( '', *, *, #2646, .F. );
#2236 = ORIENTED_EDGE( '', *, *, #2612, .T. );
#2237 = ORIENTED_EDGE( '', *, *, #2738, .T. );
#2238 = CARTESIAN_POINT( '', ( -2.42480973490459, -0.0543577871373927, -0.725000000000000 ) );
#2239 = DIRECTION( '', ( 0.000000000000000, -1.00000000000000, 0.000000000000000 ) );
#2240 = DIRECTION( '', ( 0.000000000000000, 0.000000000000000, -1.00000000000000 ) );
#2241 = SURFACE_STYLE_FILL_AREA( #2782 );
#2242 = ORIENTED_EDGE( '', *, *, #2543, .T. );
#2243 = ORIENTED_EDGE( '', *, *, #2647, .F. );
#2244 = ORIENTED_EDGE( '', *, *, #2781, .T. );
#2245 = ORIENTED_EDGE( '', *, *, #2737, .T. );
#2246 = ORIENTED_EDGE( '', *, *, #2439, .T. );
#2247 = ORIENTED_EDGE( '', *, *, #2777, .T. );
#2248 = ORIENTED_EDGE( '', *, *, #2637, .T. );
#2249 = ORIENTED_EDGE( '', *, *, #2726, .T. );
#2250 = ORIENTED_EDGE( '', *, *, #2572, .T. );
#2251 = ORIENTED_EDGE( '', *, *, #2783, .T. );
#2252 = ORIENTED_EDGE( '', *, *, #2714, .T. );
#2253 = ORIENTED_EDGE( '', *, *, #2784, .T. );
#2254 = CARTESIAN_POINT( '', ( -0.0498097349045873, -0.00435778713738270, 0.725000000000000 ) );
#2255 = DIRECTION( '', ( 0.000000000000000, 0.000000000000000, 1.00000000000000 ) );
#2256 = DIRECTION( '', ( 1.00000000000000, 0.000000000000000, 0.000000000000000 ) );
#2257 = SURFACE_STYLE_FILL_AREA( #2785 );
#2258 = ORIENTED_EDGE( '', *, *, #2679, .F. );
#2259 = ORIENTED_EDGE( '', *, *, #2746, .F. );
#2260 = ORIENTED_EDGE( '', *, *, #2786, .T. );
#2261 = ORIENTED_EDGE( '', *, *, #2555, .T. );
#2262 = CARTESIAN_POINT( '', ( -0.895498392282958, 1.00300000000000, 0.170578778135049 ) );
#2263 = DIRECTION( '', ( -9.57917260349408E-016, 0.000000000000000, -1.00000000000000 ) );
#2264 = DIRECTION( '', ( -1.00000000000000, 0.000000000000000, 9.57917260349408E-016 ) );
#2265 = SURFACE_STYLE_FILL_AREA( #2787 );
#2266 = ORIENTED_EDGE( '', *, *, #2715, .F. );
#2267 = ORIENTED_EDGE( '', *, *, #2783, .F. );
#2268 = ORIENTED_EDGE( '', *, *, #2575, .T. );
#2269 = ORIENTED_EDGE( '', *, *, #2607, .F. );
#2270 = CARTESIAN_POINT( '', ( 2.45519026509541, -1.14435778713738, 4.69837800000000 ) );
#2271 = DIRECTION( '', ( -0.000000000000000, -0.000000000000000, 1.00000000000000 ) );
#2272 = DIRECTION( '', ( 1.00000000000000, 0.000000000000000, 0.000000000000000 ) );
#2273 = SURFACE_STYLE_FILL_AREA( #2788 );
#2274 = ORIENTED_EDGE( '', *, *, #2673, .F. );
#2275 = ORIENTED_EDGE( '', *, *, #2758, .F. );
#2276 = ORIENTED_EDGE( '', *, *, #2755, .T. );
#2277 = ORIENTED_EDGE( '', *, *, #2709, .T. );
#2278 = CARTESIAN_POINT( '', ( 0.401286173633441, 1.00300000000000, -0.244533762057877 ) );
#2279 = DIRECTION( '', ( 0.000000000000000, 0.000000000000000, -1.00000000000000 ) );
#2280 = DIRECTION( '', ( -1.00000000000000, 0.000000000000000, 0.000000000000000 ) );
#2281 = SURFACE_STYLE_FILL_AREA( #2789 );
#2282 = ORIENTED_EDGE( '', *, *, #2560, .F. );
#2283 = ORIENTED_EDGE( '', *, *, #2762, .F. );
#2284 = ORIENTED_EDGE( '', *, *, #2751, .F. );
#2285 = ORIENTED_EDGE( '', *, *, #2482, .F. );
#2286 = ORIENTED_EDGE( '', *, *, #2779, .F. );
#2287 = ORIENTED_EDGE( '', *, *, #2641, .F. );
#2288 = ORIENTED_EDGE( '', *, *, #2426, .F. );
#2289 = ORIENTED_EDGE( '', *, *, #2593, .F. );
#2290 = CARTESIAN_POINT( '', ( -0.363263665594855, 1.00300000000000, 0.150361736334406 ) );
#2291 = DIRECTION( '', ( 0.000000000000000, 1.00000000000000, 0.000000000000000 ) );
#2292 = DIRECTION( '', ( 0.000000000000000, 0.000000000000000, 1.00000000000000 ) );
#2293 = SURFACE_STYLE_FILL_AREA( #2790 );
#2294 = ORIENTED_EDGE( '', *, *, #2446, .F. );
#2295 = ORIENTED_EDGE( '', *, *, #2722, .F. );
#2296 = ORIENTED_EDGE( '', *, *, #2767, .F. );
#2297 = ORIENTED_EDGE( '', *, *, #2658, .F. );
#2298 = CARTESIAN_POINT( '', ( -2.22519026509522, -0.154357787137367, -0.725000000000000 ) );
#2299 = DIRECTION( '', ( -0.000000000000000, -0.000000000000000, 1.00000000000000 ) );
#2300 = DIRECTION( '', ( -1.00000000000000, 0.000000000000000, 0.000000000000000 ) );
#2301 = SURFACE_STYLE_FILL_AREA( #2791 );
#2302 = ORIENTED_EDGE( '', *, *, #2688, .F. );
#2303 = ORIENTED_EDGE( '', *, *, #2772, .F. );
#2304 = ORIENTED_EDGE( '', *, *, #2792, .T. );
#2305 = ORIENTED_EDGE( '', *, *, #2793, .T. );
#2306 = CARTESIAN_POINT( '', ( 0.146623794212218, 1.00300000000000, -0.0493569131832792 ) );
#2307 = DIRECTION( '', ( -0.829803825565357, 0.000000000000000, 0.558055204327581 ) );
#2308 = DIRECTION( '', ( 0.558055204327581, 0.000000000000000, 0.829803825565357 ) );
#2309 = SURFACE_STYLE_FILL_AREA( #2794 );
#2310 = ORIENTED_EDGE( '', *, *, #2689, .F. );
#2311 = ORIENTED_EDGE( '', *, *, #2793, .F. );
#2312 = ORIENTED_EDGE( '', *, *, #2795, .T. );
#2313 = ORIENTED_EDGE( '', *, *, #2652, .T. );
#2314 = CARTESIAN_POINT( '', ( 0.294533762057878, 1.00300000000000, 0.170578778135048 ) );
#2315 = DIRECTION( '', ( -3.69722451362930E-016, 0.000000000000000, -1.00000000000000 ) );
#2316 = DIRECTION( '', ( -1.00000000000000, 0.000000000000000, 3.69722451362930E-016 ) );
#2317 = SURFACE_STYLE_FILL_AREA( #2796 );
#2318 = ORIENTED_EDGE( '', *, *, #2693, .F. );
#2319 = ORIENTED_EDGE( '', *, *, #2703, .F. );
#2320 = ORIENTED_EDGE( '', *, *, #2712, .T. );
#2321 = ORIENTED_EDGE( '', *, *, #2486, .T. );
#2322 = CARTESIAN_POINT( '', ( 1.15273311897106, 1.00300000000000, -0.179903536977492 ) );
#2323 = CARTESIAN_POINT( '', ( 1.15273311897106, 1.00300000000000, -0.0789389067524114 ) );
#2324 = CARTESIAN_POINT( '', ( 1.15273311897106, 1.00300000000000, 0.0220257234726690 ) );
#2325 = CARTESIAN_POINT( '', ( 1.15273311897106, 1.00300000000000, 0.122990353697749 ) );
#2326 = CARTESIAN_POINT( '', ( 1.15273311897106, 1.00300000000000, 0.177331189710611 ) );
#2327 = CARTESIAN_POINT( '', ( 1.14726688102894, 1.00300000000000, 0.215916398713827 ) );
#2328 = CARTESIAN_POINT( '', ( 1.13601286173633, 1.00300000000000, 0.238745980707395 ) );
#2329 = CARTESIAN_POINT( '', ( 1.12482170402612, 1.00300000000000, 0.261448043490979 ) );
#2330 = CARTESIAN_POINT( '', ( 1.10739549839228, 1.00300000000000, 0.279581993569132 ) );
#2331 = CARTESIAN_POINT( '', ( 1.05916398713826, 1.00300000000000, 0.305948553054663 ) );
#2332 = CARTESIAN_POINT( '', ( 1.02958199356913, 1.00300000000000, 0.312379421221865 ) );
#2333 = CARTESIAN_POINT( '', ( 0.952411575562701, 1.00300000000000, 0.312379421221865 ) );
#2334 = CARTESIAN_POINT( '', ( 0.918649517684888, 1.00300000000000, 0.303054662379421 ) );
#2335 = CARTESIAN_POINT( '', ( 0.892926045016077, 1.00300000000000, 0.284405144694534 ) );
#2336 = CARTESIAN_POINT( '', ( 0.867049770072094, 1.00300000000000, 0.265644845360146 ) );
#2337 = CARTESIAN_POINT( '', ( 0.854662379421222, 1.00300000000000, 0.237138263665595 ) );
#2338 = CARTESIAN_POINT( '', ( 0.855627009646303, 1.00300000000000, 0.199196141479100 ) );
#2339 = DIRECTION( '', ( 0.000000000000000, 1.00000000000000, 0.000000000000000 ) );
#2340 = SURFACE_STYLE_FILL_AREA( #2797 );
#2341 = ORIENTED_EDGE( '', *, *, #2629, .F. );
#2342 = ORIENTED_EDGE( '', *, *, #2436, .F. );
#2343 = ORIENTED_EDGE( '', *, *, #2556, .F. );
#2344 = ORIENTED_EDGE( '', *, *, #2786, .F. );
#2345 = ORIENTED_EDGE( '', *, *, #2745, .F. );
#2346 = ORIENTED_EDGE( '', *, *, #2764, .F. );
#2347 = ORIENTED_EDGE( '', *, *, #2581, .F. );
#2348 = ORIENTED_EDGE( '', *, *, #2586, .F. );
#2349 = ORIENTED_EDGE( '', *, *, #2596, .F. );
#2350 = ORIENTED_EDGE( '', *, *, #2477, .F. );
#2351 = ORIENTED_EDGE( '', *, *, #2548, .F. );
#2352 = ORIENTED_EDGE( '', *, *, #2626, .F. );
#2353 = ORIENTED_EDGE( '', *, *, #2698, .F. );
#2354 = CARTESIAN_POINT( '', ( -0.988166107581267, 1.00300000000000, -0.105763895301266 ) );
#2355 = DIRECTION( '', ( 0.000000000000000, 1.00000000000000, 0.000000000000000 ) );
#2356 = DIRECTION( '', ( 0.000000000000000, 0.000000000000000, 1.00000000000000 ) );
#2357 = SURFACE_STYLE_FILL_AREA( #2798 );
#2358 = ORIENTED_EDGE( '', *, *, #2544, .F. );
#2359 = ORIENTED_EDGE( '', *, *, #2784, .F. );
#2360 = ORIENTED_EDGE( '', *, *, #2716, .T. );
#2361 = ORIENTED_EDGE( '', *, *, #2614, .F. );
#2362 = CARTESIAN_POINT( '', ( 2.45519026509541, 0.0756422128626073, 4.69837800000000 ) );
#2363 = DIRECTION( '', ( -0.000000000000000, -0.000000000000000, 1.00000000000000 ) );
#2364 = DIRECTION( '', ( 0.000000000000000, 1.00000000000000, 0.000000000000000 ) );
#2365 = SURFACE_STYLE_FILL_AREA( #2799 );
#2366 = ORIENTED_EDGE( '', *, *, #2686, .F. );
#2367 = ORIENTED_EDGE( '', *, *, #2468, .F. );
#2368 = ORIENTED_EDGE( '', *, *, #2800, .T. );
#2369 = ORIENTED_EDGE( '', *, *, #2411, .T. );
#2370 = CARTESIAN_POINT( '', ( 0.0627009646302249, 1.00300000000000, -0.312379421221865 ) );
#2371 = DIRECTION( '', ( -1.00000000000000, 0.000000000000000, 2.96124305307077E-016 ) );
#2372 = DIRECTION( '', ( 2.96124305307078E-016, 0.000000000000000, 1.00000000000000 ) );
#2373 = SURFACE_STYLE_FILL_AREA( #2801 );
#2374 = ORIENTED_EDGE( '', *, *, #2472, .F. );
#2375 = ORIENTED_EDGE( '', *, *, #2774, .F. );
#2376 = ORIENTED_EDGE( '', *, *, #2748, .F. );
#2377 = ORIENTED_EDGE( '', *, *, #2653, .F. );
#2378 = ORIENTED_EDGE( '', *, *, #2795, .F. );
#2379 = ORIENTED_EDGE( '', *, *, #2792, .F. );
#2380 = ORIENTED_EDGE( '', *, *, #2771, .F. );
#2381 = ORIENTED_EDGE( '', *, *, #2402, .F. );
#2382 = ORIENTED_EDGE( '', *, *, #2412, .F. );
#2383 = ORIENTED_EDGE( '', *, *, #2800, .F. );
#2384 = ORIENTED_EDGE( '', *, *, #2467, .F. );
#2385 = ORIENTED_EDGE( '', *, *, #2760, .F. );
#2386 = CARTESIAN_POINT( '', ( 0.0331189710610934, 1.00300000000000, 0.170578778135049 ) );
#2387 = DIRECTION( '', ( 0.000000000000000, 1.00000000000000, 0.000000000000000 ) );
#2388 = DIRECTION( '', ( 0.000000000000000, 0.000000000000000, 1.00000000000000 ) );
#2389 = FILL_AREA_STYLE( '', ( #2802 ) );
#2390 = EDGE_CURVE( '', #2803, #2804, #2805, .T. );
#2391 = EDGE_CURVE( '', #2806, #2803, #2807, .T. );
#2392 = EDGE_CURVE( '', #2806, #2808, #2809, .T. );
#2393 = EDGE_CURVE( '', #2804, #2808, #2810, .F. );
#2394 = FILL_AREA_STYLE( '', ( #2811 ) );
#2395 = EDGE_CURVE( '', #2812, #2813, #2814, .T. );
#2396 = EDGE_CURVE( '', #2815, #2812, #2816, .T. );
#2397 = EDGE_CURVE( '', #2815, #2817, #2818, .T. );
#2398 = EDGE_CURVE( '', #2817, #2813, #2819, .T. );
#2399 = FILL_AREA_STYLE( '', ( #2820 ) );
#2400 = EDGE_CURVE( '', #2821, #2822, #2823, .T. );
#2401 = EDGE_CURVE( '', #2824, #2821, #2825, .T. );
#2402 = EDGE_CURVE( '', #2824, #2826, #2827, .T. );
#2403 = EDGE_CURVE( '', #2826, #2822, #2828, .T. );
#2404 = FILL_AREA_STYLE( '', ( #2829 ) );
#2405 = EDGE_CURVE( '', #2830, #2831, #2832, .T. );
#2406 = EDGE_CURVE( '', #2833, #2830, #2834, .T. );
#2407 = EDGE_CURVE( '', #2833, #2835, #2836, .T. );
#2408 = EDGE_CURVE( '', #2835, #2831, #2837, .T. );
#2409 = FILL_AREA_STYLE( '', ( #2838 ) );
#2410 = EDGE_CURVE( '', #2839, #2821, #2840, .T. );
#2411 = EDGE_CURVE( '', #2841, #2839, #2842, .T. );
#2412 = EDGE_CURVE( '', #2841, #2824, #2843, .T. );
#2413 = FILL_AREA_STYLE( '', ( #2844 ) );
#2414 = EDGE_CURVE( '', #2845, #2846, #2847, .T. );
#2415 = EDGE_CURVE( '', #2845, #2848, #2849, .T. );
#2416 = EDGE_CURVE( '', #2848, #2850, #2851, .T. );
#2417 = EDGE_CURVE( '', #2850, #2846, #2852, .T. );
#2418 = FILL_AREA_STYLE( '', ( #2853 ) );
#2419 = EDGE_CURVE( '', #2854, #2855, #2856, .T. );
#2420 = EDGE_CURVE( '', #2857, #2854, #2858, .T. );
#2421 = EDGE_CURVE( '', #2857, #2859, #2860, .T. );
#2422 = EDGE_CURVE( '', #2859, #2855, #2861, .T. );
#2423 = FILL_AREA_STYLE( '', ( #2862 ) );
#2424 = EDGE_CURVE( '', #2863, #2864, #2865, .T. );
#2425 = EDGE_CURVE( '', #2866, #2863, #2867, .T. );
#2426 = EDGE_CURVE( '', #2866, #2868, #2869, .T. );
#2427 = EDGE_CURVE( '', #2868, #2864, #2870, .T. );
#2428 = FILL_AREA_STYLE( '', ( #2871 ) );
#2429 = EDGE_CURVE( '', #2872, #2873, #2874, .T. );
#2430 = EDGE_CURVE( '', #2875, #2872, #2876, .T. );
#2431 = EDGE_CURVE( '', #2875, #2877, #2878, .T. );
#2432 = EDGE_CURVE( '', #2877, #2873, #2879, .T. );
#2433 = FILL_AREA_STYLE( '', ( #2880 ) );
#2434 = EDGE_CURVE( '', #2881, #2882, #2883, .T. );
#2435 = EDGE_CURVE( '', #2884, #2881, #2885, .T. );
#2436 = EDGE_CURVE( '', #2884, #2886, #2887, .T. );
#2437 = EDGE_CURVE( '', #2886, #2882, #2888, .T. );
#2438 = FILL_AREA_STYLE( '', ( #2889 ) );
#2439 = EDGE_CURVE( '', #2890, #2891, #2892, .T. );
#2440 = EDGE_CURVE( '', #2893, #2890, #2894, .T. );
#2441 = EDGE_CURVE( '', #2893, #2895, #2896, .T. );
#2442 = EDGE_CURVE( '', #2895, #2891, #2897, .T. );
#2443 = FILL_AREA_STYLE( '', ( #2898 ) );
#2444 = EDGE_CURVE( '', #2899, #2806, #2900, .T. );
#2445 = EDGE_CURVE( '', #2901, #2899, #2902, .T. );
#2446 = EDGE_CURVE( '', #2901, #2903, #2904, .T. );
#2447 = EDGE_CURVE( '', #2905, #2903, #2906, .T. );
#2448 = EDGE_CURVE( '', #2905, #2907, #2908, .T. );
#2449 = EDGE_CURVE( '', #2909, #2907, #2910, .T. );
#2450 = EDGE_CURVE( '', #2911, #2909, #2912, .T. );
#2451 = EDGE_CURVE( '', #2913, #2911, #2914, .T. );
#2452 = EDGE_CURVE( '', #2913, #2915, #2916, .T. );
#2453 = EDGE_CURVE( '', #2917, #2915, #2918, .T. );
#2454 = EDGE_CURVE( '', #2917, #2808, #2919, .T. );
#2455 = FILL_AREA_STYLE( '', ( #2920 ) );
#2456 = EDGE_CURVE( '', #2921, #2922, #2923, .T. );
#2457 = EDGE_CURVE( '', #2924, #2922, #2925, .T. );
#2458 = EDGE_CURVE( '', #2926, #2924, #2927, .T. );
#2459 = EDGE_CURVE( '', #2926, #2921, #2928, .T. );
#2460 = FILL_AREA_STYLE( '', ( #2929 ) );
#2461 = EDGE_CURVE( '', #2930, #2830, #2931, .T. );
#2462 = EDGE_CURVE( '', #2932, #2930, #2933, .T. );
#2463 = EDGE_CURVE( '', #2932, #2833, #2934, .T. );
#2464 = FILL_AREA_STYLE( '', ( #2935 ) );
#2465 = EDGE_CURVE( '', #2936, #2937, #2938, .T. );
#2466 = EDGE_CURVE( '', #2939, #2936, #2940, .T. );
#2467 = EDGE_CURVE( '', #2939, #2941, #2942, .T. );
#2468 = EDGE_CURVE( '', #2941, #2937, #2943, .T. );
#2469 = FILL_AREA_STYLE( '', ( #2944 ) );
#2470 = EDGE_CURVE( '', #2945, #2946, #2947, .T. );
#2471 = EDGE_CURVE( '', #2948, #2945, #2949, .T. );
#2472 = EDGE_CURVE( '', #2948, #2950, #2951, .T. );
#2473 = EDGE_CURVE( '', #2950, #2946, #2952, .T. );
#2474 = FILL_AREA_STYLE( '', ( #2953 ) );
#2475 = EDGE_CURVE( '', #2954, #2955, #2956, .T. );
#2476 = EDGE_CURVE( '', #2957, #2954, #2958, .T. );
#2477 = EDGE_CURVE( '', #2957, #2959, #2960, .T. );
#2478 = EDGE_CURVE( '', #2959, #2955, #2961, .T. );
#2479 = FILL_AREA_STYLE( '', ( #2962 ) );
#2480 = EDGE_CURVE( '', #2963, #2964, #2965, .T. );
#2481 = EDGE_CURVE( '', #2966, #2963, #2967, .T. );
#2482 = EDGE_CURVE( '', #2966, #2968, #2969, .T. );
#2483 = EDGE_CURVE( '', #2968, #2964, #2970, .T. );
#2484 = FILL_AREA_STYLE( '', ( #2971 ) );
#2485 = EDGE_CURVE( '', #2972, #2973, #2974, .T. );
#2486 = EDGE_CURVE( '', #2975, #2972, #2976, .T. );
#2487 = EDGE_CURVE( '', #2975, #2977, #2978, .T. );
#2488 = EDGE_CURVE( '', #2977, #2973, #2979, .T. );
#2489 = FILL_AREA_STYLE( '', ( #2980 ) );
#2490 = EDGE_CURVE( '', #2981, #2982, #2983, .T. );
#2491 = EDGE_CURVE( '', #2984, #2982, #2985, .T. );
#2492 = EDGE_CURVE( '', #2986, #2984, #2987, .T. );
#2493 = EDGE_CURVE( '', #2986, #2981, #2988, .T. );
#2494 = FILL_AREA_STYLE( '', ( #2989 ) );
#2495 = EDGE_CURVE( '', #2990, #2991, #2992, .T. );
#2496 = EDGE_CURVE( '', #2993, #2990, #2994, .T. );
#2497 = EDGE_CURVE( '', #2993, #2995, #2996, .T. );
#2498 = EDGE_CURVE( '', #2995, #2991, #2997, .T. );
#2499 = FILL_AREA_STYLE( '', ( #2998 ) );
#2500 = EDGE_CURVE( '', #2973, #2999, #3000, .T. );
#2501 = EDGE_CURVE( '', #2977, #3001, #3002, .T. );
#2502 = EDGE_CURVE( '', #3001, #2999, #3003, .T. );
#2503 = FILL_AREA_STYLE( '', ( #3004 ) );
#2504 = EDGE_CURVE( '', #3005, #2845, #3006, .T. );
#2505 = EDGE_CURVE( '', #3005, #3007, #3008, .T. );
#2506 = EDGE_CURVE( '', #3007, #2848, #3009, .T. );
#2507 = FILL_AREA_STYLE( '', ( #3010 ) );
#2508 = EDGE_CURVE( '', #3011, #2932, #3012, .T. );
#2509 = EDGE_CURVE( '', #3013, #3011, #3014, .T. );
#2510 = EDGE_CURVE( '', #3015, #3013, #3016, .T. );
#2511 = EDGE_CURVE( '', #3017, #3015, #3018, .T. );
#2512 = EDGE_CURVE( '', #2835, #3017, #3019, .T. );
#2513 = FILL_AREA_STYLE( '', ( #3020 ) );
#2514 = EDGE_CURVE( '', #2813, #3021, #3022, .T. );
#2515 = EDGE_CURVE( '', #2817, #3023, #3024, .T. );
#2516 = EDGE_CURVE( '', #3023, #3021, #3025, .T. );
#2517 = FILL_AREA_STYLE( '', ( #3026 ) );
#2518 = EDGE_CURVE( '', #3027, #2924, #3028, .T. );
#2519 = EDGE_CURVE( '', #3029, #3027, #3030, .T. );
#2520 = EDGE_CURVE( '', #3029, #2926, #3031, .T. );
#2521 = EDGE_CURVE( '', #3032, #2803, #3033, .T. );
#2522 = EDGE_CURVE( '', #2899, #3032, #3034, .T. );
#2523 = FILL_AREA_STYLE( '', ( #3035 ) );
#2524 = EDGE_CURVE( '', #3036, #3037, #3038, .T. );
#2525 = EDGE_CURVE( '', #3017, #3036, #3039, .T. );
#2526 = EDGE_CURVE( '', #3015, #3037, #3040, .T. );
#2527 = FILL_AREA_STYLE( '', ( #3041 ) );
#2528 = EDGE_CURVE( '', #3042, #3043, #3044, .T. );
#2529 = EDGE_CURVE( '', #3045, #3043, #3046, .T. );
#2530 = EDGE_CURVE( '', #3047, #3045, #3048, .T. );
#2531 = EDGE_CURVE( '', #3047, #3042, #3049, .T. );
#2532 = FILL_AREA_STYLE( '', ( #3050 ) );
#2533 = EDGE_CURVE( '', #3051, #3052, #3053, .T. );
#2534 = EDGE_CURVE( '', #2922, #3052, #3054, .T. );
#2535 = EDGE_CURVE( '', #2921, #3051, #3055, .T. );
#2536 = FILL_AREA_STYLE( '', ( #3056 ) );
#2537 = EDGE_CURVE( '', #3021, #3057, #3058, .T. );
#2538 = EDGE_CURVE( '', #3023, #3059, #3060, .T. );
#2539 = EDGE_CURVE( '', #3059, #3057, #3061, .T. );
#2540 = FILL_AREA_STYLE( '', ( #3062 ) );
#2541 = EDGE_CURVE( '', #3063, #3064, #3065, .T. );
#2542 = EDGE_CURVE( '', #3064, #3066, #3067, .T. );
#2543 = EDGE_CURVE( '', #3068, #3066, #3069, .T. );
#2544 = EDGE_CURVE( '', #3068, #3063, #3070, .T. );
#2545 = FILL_AREA_STYLE( '', ( #3071 ) );
#2546 = EDGE_CURVE( '', #3072, #2954, #3073, .T. );
#2547 = EDGE_CURVE( '', #3074, #3072, #3075, .T. );
#2548 = EDGE_CURVE( '', #3074, #2957, #3076, .T. );
#2549 = FILL_AREA_STYLE( '', ( #3077 ) );
#2550 = EDGE_CURVE( '', #3078, #3079, #3080, .T. );
#2551 = EDGE_CURVE( '', #3013, #3078, #3081, .T. );
#2552 = EDGE_CURVE( '', #3011, #3079, #3082, .T. );
#2553 = FILL_AREA_STYLE( '', ( #3083 ) );
#2554 = EDGE_CURVE( '', #3084, #2881, #3085, .T. );
#2555 = EDGE_CURVE( '', #3086, #3084, #3087, .T. );
#2556 = EDGE_CURVE( '', #3086, #2884, #3088, .T. );
#2557 = FILL_AREA_STYLE( '', ( #3089 ) );
#2558 = EDGE_CURVE( '', #3090, #3091, #3092, .T. );
#2559 = EDGE_CURVE( '', #3093, #3090, #3094, .T. );
#2560 = EDGE_CURVE( '', #3093, #3095, #3096, .T. );
#2561 = EDGE_CURVE( '', #3095, #3091, #3097, .T. );
#2562 = FILL_AREA_STYLE( '', ( #3098 ) );
#2563 = EDGE_CURVE( '', #3099, #2990, #3100, .T. );
#2564 = EDGE_CURVE( '', #3101, #3099, #3102, .T. );
#2565 = EDGE_CURVE( '', #3101, #2993, #3103, .T. );
#2566 = FILL_AREA_STYLE( '', ( #3104 ) );
#2567 = EDGE_CURVE( '', #3105, #3106, #3107, .T. );
#2568 = EDGE_CURVE( '', #3108, #3105, #3109, .T. );
#2569 = EDGE_CURVE( '', #3108, #3110, #3111, .T. );
#2570 = EDGE_CURVE( '', #3110, #3106, #3112, .T. );
#2571 = FILL_AREA_STYLE( '', ( #3113 ) );
#2572 = EDGE_CURVE( '', #3114, #3115, #3116, .T. );
#2573 = EDGE_CURVE( '', #3117, #3114, #3118, .T. );
#2574 = EDGE_CURVE( '', #3117, #3119, #3120, .T. );
#2575 = EDGE_CURVE( '', #3115, #3119, #3121, .T. );
#2576 = FILL_AREA_STYLE( '', ( #3122 ) );
#2577 = EDGE_CURVE( '', #3079, #2930, #3123, .T. );
#2578 = FILL_AREA_STYLE( '', ( #3124 ) );
#2579 = EDGE_CURVE( '', #3125, #3126, #3127, .T. );
#2580 = EDGE_CURVE( '', #3128, #3125, #3129, .T. );
#2581 = EDGE_CURVE( '', #3128, #3130, #3131, .T. );
#2582 = EDGE_CURVE( '', #3130, #3126, #3132, .T. );
#2583 = FILL_AREA_STYLE( '', ( #3133 ) );
#2584 = EDGE_CURVE( '', #3134, #3125, #3135, .T. );
#2585 = EDGE_CURVE( '', #3136, #3134, #3137, .T. );
#2586 = EDGE_CURVE( '', #3136, #3128, #3138, .T. );
#2587 = FILL_AREA_STYLE( '', ( #3139 ) );
#2588 = EDGE_CURVE( '', #3106, #3099, #3140, .T. );
#2589 = EDGE_CURVE( '', #3110, #3101, #3141, .T. );
#2590 = FILL_AREA_STYLE( '', ( #3142 ) );
#2591 = EDGE_CURVE( '', #3143, #2863, #3144, .T. );
#2592 = EDGE_CURVE( '', #3145, #3143, #3146, .T. );
#2593 = EDGE_CURVE( '', #3145, #2866, #3147, .T. );
#2594 = FILL_AREA_STYLE( '', ( #3148 ) );
#2595 = EDGE_CURVE( '', #2955, #3134, #3149, .T. );
#2596 = EDGE_CURVE( '', #2959, #3136, #3150, .T. );
#2597 = FILL_AREA_STYLE( '', ( #3151 ) );
#2598 = EDGE_CURVE( '', #3152, #3153, #3154, .T. );
#2599 = EDGE_CURVE( '', #3155, #3152, #3156, .T. );
#2600 = EDGE_CURVE( '', #3155, #3157, #3158, .T. );
#2601 = EDGE_CURVE( '', #3157, #3153, #3159, .T. );
#2602 = FILL_AREA_STYLE( '', ( #3160 ) );
#2603 = EDGE_CURVE( '', #2999, #3152, #3161, .T. );
#2604 = EDGE_CURVE( '', #3001, #3155, #3162, .T. );
#2605 = FILL_AREA_STYLE( '', ( #3163 ) );
#2606 = EDGE_CURVE( '', #3164, #3165, #3166, .T. );
#2607 = EDGE_CURVE( '', #3164, #3119, #3167, .T. );
#2608 = EDGE_CURVE( '', #3168, #3117, #3169, .T. );
#2609 = EDGE_CURVE( '', #3170, #3168, #3171, .T. );
#2610 = EDGE_CURVE( '', #3170, #2895, #3172, .T. );
#2611 = EDGE_CURVE( '', #2893, #3173, #3174, .T. );
#2612 = EDGE_CURVE( '', #3175, #3173, #3176, .T. );
#2613 = EDGE_CURVE( '', #3175, #3064, #3177, .T. );
#2614 = EDGE_CURVE( '', #3063, #3165, #3178, .T. );
#2615 = FILL_AREA_STYLE( '', ( #3179 ) );
#2616 = EDGE_CURVE( '', #3180, #3180, #3181, .T. );
#2617 = EDGE_CURVE( '', #3182, #3182, #3183, .T. );
#2618 = FILL_AREA_STYLE( '', ( #3184 ) );
#2619 = EDGE_CURVE( '', #3185, #3186, #3187, .T. );
#2620 = EDGE_CURVE( '', #3188, #3185, #3189, .T. );
#2621 = EDGE_CURVE( '', #3188, #3190, #3191, .T. );
#2622 = EDGE_CURVE( '', #3190, #3186, #3192, .T. );
#2623 = FILL_AREA_STYLE( '', ( #3193 ) );
#2624 = EDGE_CURVE( '', #3194, #3072, #3195, .T. );
#2625 = EDGE_CURVE( '', #3196, #3194, #3197, .T. );
#2626 = EDGE_CURVE( '', #3196, #3074, #3198, .T. );
#2627 = FILL_AREA_STYLE( '', ( #3199 ) );
#2628 = EDGE_CURVE( '', #2882, #3200, #3201, .T. );
#2629 = EDGE_CURVE( '', #2886, #3202, #3203, .T. );
#2630 = EDGE_CURVE( '', #3202, #3200, #3204, .T. );
#2631 = FILL_AREA_STYLE( '', ( #3205 ) );
#2632 = EDGE_CURVE( '', #2909, #3206, #3207, .T. );
#2633 = EDGE_CURVE( '', #3208, #3206, #3209, .T. );
#2634 = EDGE_CURVE( '', #2911, #3208, #3210, .T. );
#2635 = FILL_AREA_STYLE( '', ( #3211 ) );
#2636 = EDGE_CURVE( '', #3168, #3212, #3213, .T. );
#2637 = EDGE_CURVE( '', #3214, #3212, #3215, .T. );
#2638 = EDGE_CURVE( '', #3170, #3214, #3216, .T. );
#2639 = FILL_AREA_STYLE( '', ( #3217 ) );
#2640 = EDGE_CURVE( '', #2864, #3218, #3219, .T. );
#2641 = EDGE_CURVE( '', #2868, #3220, #3221, .T. );
#2642 = EDGE_CURVE( '', #3220, #3218, #3222, .T. );
#2643 = FILL_AREA_STYLE( '', ( #3223 ) );
#2644 = EDGE_CURVE( '', #3043, #2984, #3224, .T. );
#2645 = EDGE_CURVE( '', #3042, #2986, #3225, .T. );
#2646 = EDGE_CURVE( '', #3175, #3226, #3227, .T. );
#2647 = EDGE_CURVE( '', #3226, #3066, #3228, .T. );
#2648 = FILL_AREA_STYLE( '', ( #3229 ) );
#2649 = EDGE_CURVE( '', #2831, #3036, #3230, .T. );
#2650 = FILL_AREA_STYLE( '', ( #3231 ) );
#2651 = EDGE_CURVE( '', #3232, #3233, #3234, .T. );
#2652 = EDGE_CURVE( '', #3235, #3232, #3236, .T. );
#2653 = EDGE_CURVE( '', #3235, #3237, #3238, .T. );
#2654 = EDGE_CURVE( '', #3237, #3233, #3239, .T. );
#2655 = FILL_AREA_STYLE( '', ( #3240 ) );
#2656 = EDGE_CURVE( '', #3091, #3090, #3241, .T. );
#2657 = FILL_AREA_STYLE( '', ( #3242 ) );
#2658 = EDGE_CURVE( '', #2903, #3243, #3244, .T. );
#2659 = EDGE_CURVE( '', #3245, #3243, #3246, .T. );
#2660 = EDGE_CURVE( '', #2905, #3245, #3247, .T. );
#2661 = FILL_AREA_STYLE( '', ( #3248 ) );
#2662 = EDGE_CURVE( '', #3249, #2915, #3250, .F. );
#2663 = EDGE_CURVE( '', #3251, #3249, #3252, .T. );
#2664 = EDGE_CURVE( '', #3251, #2917, #3253, .T. );
#2665 = FILL_AREA_STYLE( '', ( #3254 ) );
#2666 = EDGE_CURVE( '', #3255, #3045, #3256, .T. );
#2667 = EDGE_CURVE( '', #3257, #3255, #3258, .T. );
#2668 = EDGE_CURVE( '', #3257, #3047, #3259, .T. );
#2669 = FILL_AREA_STYLE( '', ( #3260 ) );
#2670 = EDGE_CURVE( '', #2855, #3105, #3261, .T. );
#2671 = EDGE_CURVE( '', #2991, #2854, #3262, .T. );
#2672 = EDGE_CURVE( '', #3186, #3263, #3264, .T. );
#2673 = EDGE_CURVE( '', #3263, #3265, #3266, .T. );
#2674 = EDGE_CURVE( '', #3265, #3185, #3267, .T. );
#2675 = EDGE_CURVE( '', #3037, #3078, #3268, .T. );
#2676 = EDGE_CURVE( '', #3200, #3194, #3269, .T. );
#2677 = EDGE_CURVE( '', #3126, #3270, #3271, .T. );
#2678 = EDGE_CURVE( '', #3270, #3272, #3273, .T. );
#2679 = EDGE_CURVE( '', #3272, #3084, #3274, .T. );
#2680 = EDGE_CURVE( '', #2981, #2872, #3275, .T. );
#2681 = EDGE_CURVE( '', #2982, #2873, #3276, .T. );
#2682 = EDGE_CURVE( '', #2964, #3143, #3277, .T. );
#2683 = EDGE_CURVE( '', #3218, #2963, #3278, .T. );
#2684 = EDGE_CURVE( '', #3279, #2945, #3280, .T. );
#2685 = EDGE_CURVE( '', #2946, #2936, #3281, .T. );
#2686 = EDGE_CURVE( '', #2937, #2839, #3282, .T. );
#2687 = EDGE_CURVE( '', #2822, #3283, #3284, .T. );
#2688 = EDGE_CURVE( '', #3283, #3285, #3286, .T. );
#2689 = EDGE_CURVE( '', #3285, #3232, #3287, .T. );
#2690 = EDGE_CURVE( '', #3233, #3279, #3288, .T. );
#2691 = EDGE_CURVE( '', #3057, #2812, #3289, .T. );
#2692 = EDGE_CURVE( '', #3153, #3290, #3291, .T. );
#2693 = EDGE_CURVE( '', #3290, #2972, #3292, .T. );
#2694 = FILL_AREA_STYLE( '', ( #3293 ) );
#2695 = EDGE_CURVE( '', #3294, #3245, #3295, .T. );
#2696 = EDGE_CURVE( '', #2907, #3294, #3296, .F. );
#2697 = FILL_AREA_STYLE( '', ( #3297 ) );
#2698 = EDGE_CURVE( '', #3202, #3196, #3298, .T. );
#2699 = FILL_AREA_STYLE( '', ( #3299 ) );
#2700 = EDGE_CURVE( '', #3059, #2815, #3300, .T. );
#2701 = FILL_AREA_STYLE( '', ( #3301 ) );
#2702 = EDGE_CURVE( '', #3157, #3302, #3303, .T. );
#2703 = EDGE_CURVE( '', #3302, #3290, #3304, .T. );
#2704 = FILL_AREA_STYLE( '', ( #3305 ) );
#2705 = EDGE_CURVE( '', #3051, #3257, #3306, .T. );
#2706 = EDGE_CURVE( '', #2850, #3029, #3307, .T. );
#2707 = EDGE_CURVE( '', #3007, #2875, #3308, .T. );
#2708 = FILL_AREA_STYLE( '', ( #3309 ) );
#2709 = EDGE_CURVE( '', #3310, #3265, #3311, .T. );
#2710 = EDGE_CURVE( '', #3310, #3188, #3312, .T. );
#2711 = FILL_AREA_STYLE( '', ( #3313 ) );
#2712 = EDGE_CURVE( '', #3302, #2975, #3314, .T. );
#2713 = FILL_AREA_STYLE( '', ( #3315 ) );
#2714 = EDGE_CURVE( '', #3316, #3317, #3318, .T. );
#2715 = EDGE_CURVE( '', #3316, #3164, #3319, .T. );
#2716 = EDGE_CURVE( '', #3317, #3165, #3320, .T. );
#2717 = FILL_AREA_STYLE( '', ( #3321 ) );
#2718 = EDGE_CURVE( '', #2859, #3108, #3322, .T. );
#2719 = EDGE_CURVE( '', #2995, #2857, #3323, .T. );
#2720 = FILL_AREA_STYLE( '', ( #3324 ) );
#2721 = EDGE_CURVE( '', #3325, #3032, #3326, .T. );
#2722 = EDGE_CURVE( '', #3325, #2901, #3327, .F. );
#2723 = FILL_AREA_STYLE( '', ( #3328 ) );
#2724 = EDGE_CURVE( '', #2804, #3251, #3329, .T. );
#2725 = FILL_AREA_STYLE( '', ( #3330 ) );
#2726 = EDGE_CURVE( '', #3212, #3114, #3331, .T. );
#2727 = FILL_AREA_STYLE( '', ( #3332 ) );
#2728 = EDGE_CURVE( '', #3333, #2913, #3334, .T. );
#2729 = EDGE_CURVE( '', #3249, #3333, #3335, .T. );
#2730 = FILL_AREA_STYLE( '', ( #3336 ) );
#2731 = EDGE_CURVE( '', #2877, #3005, #3337, .T. );
#2732 = EDGE_CURVE( '', #2846, #3027, #3338, .T. );
#2733 = EDGE_CURVE( '', #3052, #3255, #3339, .T. );
#2734 = FILL_AREA_STYLE( '', ( #3340 ) );
#2735 = EDGE_CURVE( '', #3206, #3294, #3341, .T. );
#2736 = FILL_AREA_STYLE( '', ( #3342 ) );
#2737 = EDGE_CURVE( '', #3343, #2890, #3344, .T. );
#2738 = EDGE_CURVE( '', #3173, #3343, #3345, .T. );
#2739 = FILL_AREA_STYLE( '', ( #3346 ) );
#2740 = EDGE_CURVE( '', #3333, #3208, #3347, .T. );
#2741 = FILL_AREA_STYLE( '', ( #3348 ) );
#2742 = FILL_AREA_STYLE( '', ( #3349 ) );
#2743 = FILL_AREA_STYLE( '', ( #3350 ) );
#2744 = EDGE_CURVE( '', #3351, #3270, #3352, .T. );
#2745 = EDGE_CURVE( '', #3351, #3353, #3354, .T. );
#2746 = EDGE_CURVE( '', #3353, #3272, #3355, .T. );
#2747 = FILL_AREA_STYLE( '', ( #3356 ) );
#2748 = EDGE_CURVE( '', #3237, #3357, #3358, .T. );
#2749 = EDGE_CURVE( '', #3357, #3279, #3359, .T. );
#2750 = FILL_AREA_STYLE( '', ( #3360 ) );
#2751 = EDGE_CURVE( '', #2968, #3145, #3361, .T. );
#2752 = FILL_AREA_STYLE( '', ( #3362 ) );
#2753 = FILL_AREA_STYLE( '', ( #3363 ) );
#2754 = FILL_AREA_STYLE( '', ( #3364 ) );
#2755 = EDGE_CURVE( '', #3365, #3310, #3366, .T. );
#2756 = EDGE_CURVE( '', #3190, #3365, #3367, .T. );
#2757 = FILL_AREA_STYLE( '', ( #3368 ) );
#2758 = EDGE_CURVE( '', #3365, #3263, #3369, .T. );
#2759 = FILL_AREA_STYLE( '', ( #3370 ) );
#2760 = EDGE_CURVE( '', #2950, #2939, #3371, .T. );
#2761 = FILL_AREA_STYLE( '', ( #3372 ) );
#2762 = EDGE_CURVE( '', #3095, #3093, #3373, .T. );
#2763 = FILL_AREA_STYLE( '', ( #3374 ) );
#2764 = EDGE_CURVE( '', #3130, #3351, #3375, .T. );
#2765 = FILL_AREA_STYLE( '', ( #3376 ) );
#2766 = FILL_AREA_STYLE( '', ( #3377 ) );
#2767 = EDGE_CURVE( '', #3243, #3325, #3378, .F. );
#2768 = FILL_AREA_STYLE( '', ( #3379 ) );
#2769 = FILL_AREA_STYLE( '', ( #3380 ) );
#2770 = FILL_AREA_STYLE( '', ( #3381 ) );
#2771 = EDGE_CURVE( '', #2826, #3382, #3383, .T. );
#2772 = EDGE_CURVE( '', #3382, #3283, #3384, .T. );
#2773 = FILL_AREA_STYLE( '', ( #3385 ) );
#2774 = EDGE_CURVE( '', #3357, #2948, #3386, .T. );
#2775 = FILL_AREA_STYLE( '', ( #3387 ) );
#2776 = FILL_AREA_STYLE( '', ( #3388 ) );
#2777 = EDGE_CURVE( '', #2891, #3214, #3389, .T. );
#2778 = FILL_AREA_STYLE( '', ( #3390 ) );
#2779 = EDGE_CURVE( '', #3220, #2966, #3391, .T. );
#2780 = FILL_AREA_STYLE( '', ( #3392 ) );
#2781 = EDGE_CURVE( '', #3226, #3343, #3393, .T. );
#2782 = FILL_AREA_STYLE( '', ( #3394 ) );
#2783 = EDGE_CURVE( '', #3115, #3316, #3395, .T. );
#2784 = EDGE_CURVE( '', #3317, #3068, #3396, .T. );
#2785 = FILL_AREA_STYLE( '', ( #3397 ) );
#2786 = EDGE_CURVE( '', #3353, #3086, #3398, .T. );
#2787 = FILL_AREA_STYLE( '', ( #3399 ) );
#2788 = FILL_AREA_STYLE( '', ( #3400 ) );
#2789 = FILL_AREA_STYLE( '', ( #3401 ) );
#2790 = FILL_AREA_STYLE( '', ( #3402 ) );
#2791 = FILL_AREA_STYLE( '', ( #3403 ) );
#2792 = EDGE_CURVE( '', #3382, #3404, #3405, .T. );
#2793 = EDGE_CURVE( '', #3404, #3285, #3406, .T. );
#2794 = FILL_AREA_STYLE( '', ( #3407 ) );
#2795 = EDGE_CURVE( '', #3404, #3235, #3408, .T. );
#2796 = FILL_AREA_STYLE( '', ( #3409 ) );
#2797 = FILL_AREA_STYLE( '', ( #3410 ) );
#2798 = FILL_AREA_STYLE( '', ( #3411 ) );
#2799 = FILL_AREA_STYLE( '', ( #3412 ) );
#2800 = EDGE_CURVE( '', #2941, #2841, #3413, .T. );
#2801 = FILL_AREA_STYLE( '', ( #3414 ) );
#2802 = FILL_AREA_STYLE_COLOUR( '', #3415 );
#2803 = VERTEX_POINT( '', #3416 );
#2804 = VERTEX_POINT( '', #3417 );
#2805 = LINE( '', #3418, #3419 );
#2806 = VERTEX_POINT( '', #3420 );
#2807 = LINE( '', #3421, #3422 );
#2808 = VERTEX_POINT( '', #3423 );
#2809 = LINE( '', #3424, #3425 );
#2810 = LINE( '', #3426, #3427 );
#2811 = FILL_AREA_STYLE_COLOUR( '', #3428 );
#2812 = VERTEX_POINT( '', #3429 );
#2813 = VERTEX_POINT( '', #3430 );
#2814 = B_SPLINE_CURVE_WITH_KNOTS( '', 1, ( #3431, #3432 ), .UNSPECIFIED., .F., .F., ( 2, 2 ), ( 0.500000000000000, 0.927786499215071 ), .UNSPECIFIED. );
#2815 = VERTEX_POINT( '', #3433 );
#2816 = LINE( '', #3434, #3435 );
#2817 = VERTEX_POINT( '', #3436 );
#2818 = B_SPLINE_CURVE_WITH_KNOTS( '', 1, ( #3437, #3438 ), .UNSPECIFIED., .F., .F., ( 2, 2 ), ( 0.500000000000000, 0.927786499215071 ), .UNSPECIFIED. );
#2819 = LINE( '', #3439, #3440 );
#2820 = FILL_AREA_STYLE_COLOUR( '', #3441 );
#2821 = VERTEX_POINT( '', #3442 );
#2822 = VERTEX_POINT( '', #3443 );
#2823 = B_SPLINE_CURVE_WITH_KNOTS( '', 1, ( #3444, #3445 ), .UNSPECIFIED., .F., .F., ( 2, 2 ), ( 0.486950552238425, 0.523899473310671 ), .UNSPECIFIED. );
#2824 = VERTEX_POINT( '', #3446 );
#2825 = LINE( '', #3447, #3448 );
#2826 = VERTEX_POINT( '', #3449 );
#2827 = B_SPLINE_CURVE_WITH_KNOTS( '', 1, ( #3450, #3451 ), .UNSPECIFIED., .F., .F., ( 2, 2 ), ( 0.486950552238425, 0.523899473310671 ), .UNSPECIFIED. );
#2828 = LINE( '', #3452, #3453 );
#2829 = FILL_AREA_STYLE_COLOUR( '', #3454 );
#2830 = VERTEX_POINT( '', #3455 );
#2831 = VERTEX_POINT( '', #3456 );
#2832 = B_SPLINE_CURVE_WITH_KNOTS( '', 3, ( #3457, #3458, #3459, #3460 ), .UNSPECIFIED., .F., .F., ( 4, 4 ), ( 0.947219656909034, 1.00000000000000 ), .UNSPECIFIED. );
#2833 = VERTEX_POINT( '', #3461 );
#2834 = LINE( '', #3462, #3463 );
#2835 = VERTEX_POINT( '', #3464 );
#2836 = B_SPLINE_CURVE_WITH_KNOTS( '', 3, ( #3465, #3466, #3467, #3468 ), .UNSPECIFIED., .F., .F., ( 4, 4 ), ( 0.947219656909034, 1.00000000000000 ), .UNSPECIFIED. );
#2837 = LINE( '', #3469, #3470 );
#2838 = FILL_AREA_STYLE_COLOUR( '', #3471 );
#2839 = VERTEX_POINT( '', #3472 );
#2840 = B_SPLINE_CURVE_WITH_KNOTS( '', 1, ( #3473, #3474 ), .UNSPECIFIED., .F., .F., ( 2, 2 ), ( 0.391042748014596, 0.486950552238425 ), .UNSPECIFIED. );
#2841 = VERTEX_POINT( '', #3475 );
#2842 = LINE( '', #3476, #3477 );
#2843 = B_SPLINE_CURVE_WITH_KNOTS( '', 1, ( #3478, #3479 ), .UNSPECIFIED., .F., .F., ( 2, 2 ), ( 0.391042748014596, 0.486950552238425 ), .UNSPECIFIED. );
#2844 = FILL_AREA_STYLE_COLOUR( '', #3480 );
#2845 = VERTEX_POINT( '', #3481 );
#2846 = VERTEX_POINT( '', #3482 );
#2847 = LINE( '', #3483, #3484 );
#2848 = VERTEX_POINT( '', #3485 );
#2849 = LINE( '', #3486, #3487 );
#2850 = VERTEX_POINT( '', #3488 );
#2851 = LINE( '', #3489, #3490 );
#2852 = LINE( '', #3491, #3492 );
#2853 = FILL_AREA_STYLE_COLOUR( '', #3493 );
#2854 = VERTEX_POINT( '', #3494 );
#2855 = VERTEX_POINT( '', #3495 );
#2856 = B_SPLINE_CURVE_WITH_KNOTS( '', 3, ( #3496, #3497, #3498, #3499, #3500, #3501, #3502, #3503, #3504, #3505, #3506, #3507, #3508, #3509, #3510, #3511, #3512, #3513, #3514, #3515 ), .UNSPECIFIED., .F., .F., ( 4, 3, 3, 2, 3, 2, 3, 4 ), ( 0.582301816735135, 0.697897258735781, 0.727682193021292, 0.749965873996903, 0.772249554972515, 0.818209178399425, 0.864168801826335, 0.967967528120303 ), .UNSPECIFIED. );
#2857 = VERTEX_POINT( '', #3516 );
#2858 = LINE( '', #3517, #3518 );
#2859 = VERTEX_POINT( '', #3519 );
#2860 = B_SPLINE_CURVE_WITH_KNOTS( '', 3, ( #3520, #3521, #3522, #3523, #3524, #3525, #3526, #3527, #3528, #3529, #3530, #3531, #3532, #3533, #3534, #3535, #3536, #3537, #3538, #3539 ), .UNSPECIFIED., .F., .F., ( 4, 3, 3, 2, 3, 2, 3, 4 ), ( 0.582301816735135, 0.697897258735781, 0.727682193021292, 0.749965873996903, 0.772249554972515, 0.818209178399425, 0.864168801826335, 0.967967528120303 ), .UNSPECIFIED. );
#2861 = LINE( '', #3540, #3541 );
#2862 = FILL_AREA_STYLE_COLOUR( '', #3542 );
#2863 = VERTEX_POINT( '', #3543 );
#2864 = VERTEX_POINT( '', #3544 );
#2865 = B_SPLINE_CURVE_WITH_KNOTS( '', 3, ( #3545, #3546, #3547, #3548, #3549, #3550, #3551, #3552, #3553, #3554, #3555, #3556, #3557, #3558, #3559 ), .UNSPECIFIED., .F., .F., ( 4, 2, 3, 3, 3, 4 ), ( 0.361874099558836, 0.365413816403879, 0.403339354029330, 0.445351932389542, 0.482793293465244, 0.518253236707345 ), .UNSPECIFIED. );
#2866 = VERTEX_POINT( '', #3560 );
#2867 = LINE( '', #3561, #3562 );
#2868 = VERTEX_POINT( '', #3563 );
#2869 = B_SPLINE_CURVE_WITH_KNOTS( '', 3, ( #3564, #3565, #3566, #3567, #3568, #3569, #3570, #3571, #3572, #3573, #3574, #3575, #3576, #3577, #3578 ), .UNSPECIFIED., .F., .F., ( 4, 2, 3, 3, 3, 4 ), ( 0.361874099558836, 0.365413816403879, 0.403339354029330, 0.445351932389542, 0.482793293465244, 0.518253236707345 ), .UNSPECIFIED. );
#2870 = LINE( '', #3579, #3580 );
#2871 = FILL_AREA_STYLE_COLOUR( '', #3581 );
#2872 = VERTEX_POINT( '', #3582 );
#2873 = VERTEX_POINT( '', #3583 );
#2874 = LINE( '', #3584, #3585 );
#2875 = VERTEX_POINT( '', #3586 );
#2876 = LINE( '', #3587, #3588 );
#2877 = VERTEX_POINT( '', #3589 );
#2878 = LINE( '', #3590, #3591 );
#2879 = LINE( '', #3592, #3593 );
#2880 = FILL_AREA_STYLE_COLOUR( '', #3594 );
#2881 = VERTEX_POINT( '', #3595 );
#2882 = VERTEX_POINT( '', #3596 );
#2883 = B_SPLINE_CURVE_WITH_KNOTS( '', 3, ( #3597, #3598, #3599, #3600 ), .UNSPECIFIED., .F., .F., ( 4, 4 ), ( 0.878124202881752, 0.984247345950703 ), .UNSPECIFIED. );
#2884 = VERTEX_POINT( '', #3601 );
#2885 = LINE( '', #3602, #3603 );
#2886 = VERTEX_POINT( '', #3604 );
#2887 = B_SPLINE_CURVE_WITH_KNOTS( '', 3, ( #3605, #3606, #3607, #3608 ), .UNSPECIFIED., .F., .F., ( 4, 4 ), ( 0.878124202881752, 0.984247345950703 ), .UNSPECIFIED. );
#2888 = LINE( '', #3609, #3610 );
#2889 = FILL_AREA_STYLE_COLOUR( '', #3611 );
#2890 = VERTEX_POINT( '', #3612 );
#2891 = VERTEX_POINT( '', #3613 );
#2892 = LINE( '', #3614, #3615 );
#2893 = VERTEX_POINT( '', #3616 );
#2894 = LINE( '', #3617, #3618 );
#2895 = VERTEX_POINT( '', #3619 );
#2896 = LINE( '', #3620, #3621 );
#2897 = LINE( '', #3622, #3623 );
#2898 = FILL_AREA_STYLE_COLOUR( '', #3624 );
#2899 = VERTEX_POINT( '', #3625 );
#2900 = LINE( '', #3626, #3627 );
#2901 = VERTEX_POINT( '', #3628 );
#2902 = LINE( '', #3629, #3630 );
#2903 = VERTEX_POINT( '', #3631 );
#2904 = CIRCLE( '', #3632, 0.100000000000000 );
#2905 = VERTEX_POINT( '', #3633 );
#2906 = LINE( '', #3634, #3635 );
#2907 = VERTEX_POINT( '', #3636 );
#2908 = CIRCLE( '', #3637, 0.100000000000000 );
#2909 = VERTEX_POINT( '', #3638 );
#2910 = LINE( '', #3639, #3640 );
#2911 = VERTEX_POINT( '', #3641 );
#2912 = LINE( '', #3642, #3643 );
#2913 = VERTEX_POINT( '', #3644 );
#2914 = LINE( '', #3645, #3646 );
#2915 = VERTEX_POINT( '', #3647 );
#2916 = CIRCLE( '', #3648, 0.100000000000000 );
#2917 = VERTEX_POINT( '', #3649 );
#2918 = LINE( '', #3650, #3651 );
#2919 = CIRCLE( '', #3652, 0.100000000000000 );
#2920 = FILL_AREA_STYLE_COLOUR( '', #3653 );
#2921 = VERTEX_POINT( '', #3654 );
#2922 = VERTEX_POINT( '', #3655 );
#2923 = LINE( '', #3656, #3657 );
#2924 = VERTEX_POINT( '', #3658 );
#2925 = LINE( '', #3659, #3660 );
#2926 = VERTEX_POINT( '', #3661 );
#2927 = LINE( '', #3662, #3663 );
#2928 = LINE( '', #3664, #3665 );
#2929 = FILL_AREA_STYLE_COLOUR( '', #3666 );
#2930 = VERTEX_POINT( '', #3667 );
#2931 = B_SPLINE_CURVE_WITH_KNOTS( '', 3, ( #3668, #3669, #3670, #3671, #3672, #3673, #3674, #3675, #3676, #3677, #3678, #3679, #3680, #3681, #3682 ), .UNSPECIFIED., .F., .F., ( 4, 2, 3, 3, 3, 4 ), ( 0.610615742799227, 0.649515610191698, 0.683995038107752, 0.719625121518288, 0.782799083170768, 0.947219656909034 ), .UNSPECIFIED. );
#2932 = VERTEX_POINT( '', #3683 );
#2933 = LINE( '', #3684, #3685 );
#2934 = B_SPLINE_CURVE_WITH_KNOTS( '', 3, ( #3686, #3687, #3688, #3689, #3690, #3691, #3692, #3693, #3694, #3695, #3696, #3697, #3698, #3699, #3700 ), .UNSPECIFIED., .F., .F., ( 4, 2, 3, 3, 3, 4 ), ( 0.610615742799227, 0.649515610191698, 0.683995038107752, 0.719625121518288, 0.782799083170768, 0.947219656909034 ), .UNSPECIFIED. );
#2935 = FILL_AREA_STYLE_COLOUR( '', #3701 );
#2936 = VERTEX_POINT( '', #3702 );
#2937 = VERTEX_POINT( '', #3703 );
#2938 = B_SPLINE_CURVE_WITH_KNOTS( '', 1, ( #3704, #3705 ), .UNSPECIFIED., .F., .F., ( 2, 2 ), ( 0.231238664377136, 0.259566170532524 ), .UNSPECIFIED. );
#2939 = VERTEX_POINT( '', #3706 );
#2940 = LINE( '', #3707, #3708 );
#2941 = VERTEX_POINT( '', #3709 );
#2942 = B_SPLINE_CURVE_WITH_KNOTS( '', 1, ( #3710, #3711 ), .UNSPECIFIED., .F., .F., ( 2, 2 ), ( 0.231238664377136, 0.259566170532524 ), .UNSPECIFIED. );
#2943 = LINE( '', #3712, #3713 );
#2944 = FILL_AREA_STYLE_COLOUR( '', #3714 );
#2945 = VERTEX_POINT( '', #3715 );
#2946 = VERTEX_POINT( '', #3716 );
#2947 = B_SPLINE_CURVE_WITH_KNOTS( '', 1, ( #3717, #3718 ), .UNSPECIFIED., .F., .F., ( 2, 2 ), ( 0.971672493844612, 1.00000000000000 ), .UNSPECIFIED. );
#2948 = VERTEX_POINT( '', #3719 );
#2949 = LINE( '', #3720, #3721 );
#2950 = VERTEX_POINT( '', #3722 );
#2951 = B_SPLINE_CURVE_WITH_KNOTS( '', 1, ( #3723, #3724 ), .UNSPECIFIED., .F., .F., ( 2, 2 ), ( 0.971672493844612, 1.00000000000000 ), .UNSPECIFIED. );
#2952 = LINE( '', #3725, #3726 );
#2953 = FILL_AREA_STYLE_COLOUR( '', #3727 );
#2954 = VERTEX_POINT( '', #3728 );
#2955 = VERTEX_POINT( '', #3729 );
#2956 = B_SPLINE_CURVE_WITH_KNOTS( '', 3, ( #3730, #3731, #3732, #3733, #3734, #3735, #3736 ), .UNSPECIFIED., .F., .F., ( 4, 3, 4 ), ( 0.261468230552944, 0.282521875201089, 0.374240109198532 ), .UNSPECIFIED. );
#2957 = VERTEX_POINT( '', #3737 );
#2958 = LINE( '', #3738, #3739 );
#2959 = VERTEX_POINT( '', #3740 );
#2960 = B_SPLINE_CURVE_WITH_KNOTS( '', 3, ( #3741, #3742, #3743, #3744, #3745, #3746, #3747 ), .UNSPECIFIED., .F., .F., ( 4, 3, 4 ), ( 0.261468230552944, 0.282521875201089, 0.374240109198532 ), .UNSPECIFIED. );
#2961 = LINE( '', #3748, #3749 );
#2962 = FILL_AREA_STYLE_COLOUR( '', #3750 );
#2963 = VERTEX_POINT( '', #3751 );
#2964 = VERTEX_POINT( '', #3752 );
#2965 = B_SPLINE_CURVE_WITH_KNOTS( '', 3, ( #3753, #3754, #3755, #3756 ), .UNSPECIFIED., .F., .F., ( 4, 4 ), ( 0.937795278096468, 0.973259864798146 ), .UNSPECIFIED. );
#2966 = VERTEX_POINT( '', #3757 );
#2967 = LINE( '', #3758, #3759 );
#2968 = VERTEX_POINT( '', #3760 );
#2969 = B_SPLINE_CURVE_WITH_KNOTS( '', 3, ( #3761, #3762, #3763, #3764 ), .UNSPECIFIED., .F., .F., ( 4, 4 ), ( 0.937795278096468, 0.973259864798146 ), .UNSPECIFIED. );
#2970 = LINE( '', #3765, #3766 );
#2971 = FILL_AREA_STYLE_COLOUR( '', #3767 );
#2972 = VERTEX_POINT( '', #3768 );
#2973 = VERTEX_POINT( '', #3769 );
#2974 = B_SPLINE_CURVE_WITH_KNOTS( '', 3, ( #3770, #3771, #3772, #3773 ), .UNSPECIFIED., .F., .F., ( 4, 4 ), ( 0.000000000000000, 0.0289427784437565 ), .UNSPECIFIED. );
#2975 = VERTEX_POINT( '', #3774 );
#2976 = LINE( '', #3775, #3776 );
#2977 = VERTEX_POINT( '', #3777 );
#2978 = B_SPLINE_CURVE_WITH_KNOTS( '', 3, ( #3778, #3779, #3780, #3781 ), .UNSPECIFIED., .F., .F., ( 4, 4 ), ( 0.000000000000000, 0.0289427784437565 ), .UNSPECIFIED. );
#2979 = LINE( '', #3782, #3783 );
#2980 = FILL_AREA_STYLE_COLOUR( '', #3784 );
#2981 = VERTEX_POINT( '', #3785 );
#2982 = VERTEX_POINT( '', #3786 );
#2983 = LINE( '', #3787, #3788 );
#2984 = VERTEX_POINT( '', #3789 );
#2985 = LINE( '', #3790, #3791 );
#2986 = VERTEX_POINT( '', #3792 );
#2987 = LINE( '', #3793, #3794 );
#2988 = LINE( '', #3795, #3796 );
#2989 = FILL_AREA_STYLE_COLOUR( '', #3797 );
#2990 = VERTEX_POINT( '', #3798 );
#2991 = VERTEX_POINT( '', #3799 );
#2992 = B_SPLINE_CURVE_WITH_KNOTS( '', 3, ( #3800, #3801, #3802, #3803, #3804, #3805, #3806, #3807, #3808, #3809, #3810, #3811, #3812, #3813, #3814, #3815, #3816, #3817 ), .UNSPECIFIED., .F., .F., ( 4, 2, 3, 3, 3, 3, 4 ), ( 0.245640314251374, 0.317563337196489, 0.348999890271838, 0.376335385920032, 0.402372375392432, 0.433633459013528, 0.550269344855437 ), .UNSPECIFIED. );
#2993 = VERTEX_POINT( '', #3818 );
#2994 = LINE( '', #3819, #3820 );
#2995 = VERTEX_POINT( '', #3821 );
#2996 = B_SPLINE_CURVE_WITH_KNOTS( '', 3, ( #3822, #3823, #3824, #3825, #3826, #3827, #3828, #3829, #3830, #3831, #3832, #3833, #3834, #3835, #3836, #3837, #3838, #3839 ), .UNSPECIFIED., .F., .F., ( 4, 2, 3, 3, 3, 3, 4 ), ( 0.245640314251374, 0.317563337196489, 0.348999890271838, 0.376335385920032, 0.402372375392432, 0.433633459013528, 0.550269344855437 ), .UNSPECIFIED. );
#2997 = LINE( '', #3840, #3841 );
#2998 = FILL_AREA_STYLE_COLOUR( '', #3842 );
#2999 = VERTEX_POINT( '', #3843 );
#3000 = B_SPLINE_CURVE_WITH_KNOTS( '', 3, ( #3844, #3845, #3846, #3847, #3848, #3849, #3850, #3851, #3852, #3853, #3854, #3855, #3856, #3857 ), .UNSPECIFIED., .F., .F., ( 4, 3, 2, 2, 3, 4 ), ( 0.0289427784437565, 0.0517557706347697, 0.0811537898240827, 0.113124135692461, 0.145094481560838, 0.182838976793792 ), .UNSPECIFIED. );
#3001 = VERTEX_POINT( '', #3858 );
#3002 = B_SPLINE_CURVE_WITH_KNOTS( '', 3, ( #3859, #3860, #3861, #3862, #3863, #3864, #3865, #3866, #3867, #3868, #3869, #3870, #3871, #3872 ), .UNSPECIFIED., .F., .F., ( 4, 3, 2, 2, 3, 4 ), ( 0.0289427784437565, 0.0517557706347697, 0.0811537898240827, 0.113124135692461, 0.145094481560838, 0.182838976793792 ), .UNSPECIFIED. );
#3003 = LINE( '', #3873, #3874 );
#3004 = FILL_AREA_STYLE_COLOUR( '', #3875 );
#3005 = VERTEX_POINT( '', #3876 );
#3006 = LINE( '', #3877, #3878 );
#3007 = VERTEX_POINT( '', #3879 );
#3008 = LINE( '', #3880, #3881 );
#3009 = LINE( '', #3882, #3883 );
#3010 = FILL_AREA_STYLE_COLOUR( '', #3884 );
#3011 = VERTEX_POINT( '', #3885 );
#3012 = B_SPLINE_CURVE_WITH_KNOTS( '', 3, ( #3886, #3887, #3888, #3889 ), .UNSPECIFIED., .F., .F., ( 4, 4 ), ( 0.558495160106586, 0.610615742799227 ), .UNSPECIFIED. );
#3013 = VERTEX_POINT( '', #3890 );
#3014 = B_SPLINE_CURVE_WITH_KNOTS( '', 3, ( #3891, #3892, #3893, #3894, #3895, #3896, #3897, #3898, #3899 ), .UNSPECIFIED., .F., .F., ( 4, 3, 2, 4 ), ( 0.409840806187226, 0.465242072542818, 0.502901973289724, 0.558495160106586 ), .UNSPECIFIED. );
#3015 = VERTEX_POINT( '', #3900 );
#3016 = B_SPLINE_CURVE_WITH_KNOTS( '', 3, ( #3901, #3902, #3903, #3904 ), .UNSPECIFIED., .F., .F., ( 4, 4 ), ( 0.362251972252749, 0.409840806187226 ), .UNSPECIFIED. );
#3017 = VERTEX_POINT( '', #3905 );
#3018 = B_SPLINE_CURVE_WITH_KNOTS( '', 3, ( #3906, #3907, #3908, #3909 ), .UNSPECIFIED., .F., .F., ( 4, 4 ), ( 0.314374721142912, 0.362251972252749 ), .UNSPECIFIED. );
#3019 = B_SPLINE_CURVE_WITH_KNOTS( '', 3, ( #3910, #3911, #3912, #3913 ), .UNSPECIFIED., .F., .F., ( 4, 4 ), ( 0.000000000000000, 0.314374721142912 ), .UNSPECIFIED. );
#3020 = FILL_AREA_STYLE_COLOUR( '', #3914 );
#3021 = VERTEX_POINT( '', #3915 );
#3022 = B_SPLINE_CURVE_WITH_KNOTS( '', 1, ( #3916, #3917 ), .UNSPECIFIED., .F., .F., ( 2, 2 ), ( 0.927786499215071, 1.00000000000000 ), .UNSPECIFIED. );
#3023 = VERTEX_POINT( '', #3918 );
#3024 = B_SPLINE_CURVE_WITH_KNOTS( '', 1, ( #3919, #3920 ), .UNSPECIFIED., .F., .F., ( 2, 2 ), ( 0.927786499215071, 1.00000000000000 ), .UNSPECIFIED. );
#3025 = LINE( '', #3921, #3922 );
#3026 = FILL_AREA_STYLE_COLOUR( '', #3923 );
#3027 = VERTEX_POINT( '', #3924 );
#3028 = LINE( '', #3925, #3926 );
#3029 = VERTEX_POINT( '', #3927 );
#3030 = LINE( '', #3928, #3929 );
#3031 = LINE( '', #3930, #3931 );
#3032 = VERTEX_POINT( '', #3932 );
#3033 = LINE( '', #3933, #3934 );
#3034 = LINE( '', #3935, #3936 );
#3035 = FILL_AREA_STYLE_COLOUR( '', #3937 );
#3036 = VERTEX_POINT( '', #3938 );
#3037 = VERTEX_POINT( '', #3939 );
#3038 = B_SPLINE_CURVE_WITH_KNOTS( '', 3, ( #3940, #3941, #3942, #3943 ), .UNSPECIFIED., .F., .F., ( 4, 4 ), ( 0.314374721142912, 0.362251972252749 ), .UNSPECIFIED. );
#3039 = LINE( '', #3944, #3945 );
#3040 = LINE( '', #3946, #3947 );
#3041 = FILL_AREA_STYLE_COLOUR( '', #3948 );
#3042 = VERTEX_POINT( '', #3949 );
#3043 = VERTEX_POINT( '', #3950 );
#3044 = LINE( '', #3951, #3952 );
#3045 = VERTEX_POINT( '', #3953 );
#3046 = LINE( '', #3954, #3955 );
#3047 = VERTEX_POINT( '', #3956 );
#3048 = LINE( '', #3957, #3958 );
#3049 = LINE( '', #3959, #3960 );
#3050 = FILL_AREA_STYLE_COLOUR( '', #3961 );
#3051 = VERTEX_POINT( '', #3962 );
#3052 = VERTEX_POINT( '', #3963 );
#3053 = LINE( '', #3964, #3965 );
#3054 = LINE( '', #3966, #3967 );
#3055 = LINE( '', #3968, #3969 );
#3056 = FILL_AREA_STYLE_COLOUR( '', #3970 );
#3057 = VERTEX_POINT( '', #3971 );
#3058 = B_SPLINE_CURVE_WITH_KNOTS( '', 1, ( #3972, #3973 ), .UNSPECIFIED., .F., .F., ( 2, 2 ), ( 0.000000000000000, 0.427786499215071 ), .UNSPECIFIED. );
#3059 = VERTEX_POINT( '', #3974 );
#3060 = B_SPLINE_CURVE_WITH_KNOTS( '', 1, ( #3975, #3976 ), .UNSPECIFIED., .F., .F., ( 2, 2 ), ( 0.000000000000000, 0.427786499215071 ), .UNSPECIFIED. );
#3061 = LINE( '', #3977, #3978 );
#3062 = FILL_AREA_STYLE_COLOUR( '', #3979 );
#3063 = VERTEX_POINT( '', #3980 );
#3064 = VERTEX_POINT( '', #3981 );
#3065 = LINE( '', #3982, #3983 );
#3066 = VERTEX_POINT( '', #3984 );
#3067 = LINE( '', #3985, #3986 );
#3068 = VERTEX_POINT( '', #3987 );
#3069 = LINE( '', #3988, #3989 );
#3070 = LINE( '', #3990, #3991 );
#3071 = FILL_AREA_STYLE_COLOUR( '', #3992 );
#3072 = VERTEX_POINT( '', #3993 );
#3073 = B_SPLINE_CURVE_WITH_KNOTS( '', 3, ( #3994, #3995, #3996, #3997, #3998, #3999, #4000 ), .UNSPECIFIED., .F., .F., ( 4, 3, 4 ), ( 0.149069852529666, 0.242039240282829, 0.261468230552944 ), .UNSPECIFIED. );
#3074 = VERTEX_POINT( '', #4001 );
#3075 = LINE( '', #4002, #4003 );
#3076 = B_SPLINE_CURVE_WITH_KNOTS( '', 3, ( #4004, #4005, #4006, #4007, #4008, #4009, #4010 ), .UNSPECIFIED., .F., .F., ( 4, 3, 4 ), ( 0.149069852529666, 0.242039240282829, 0.261468230552944 ), .UNSPECIFIED. );
#3077 = FILL_AREA_STYLE_COLOUR( '', #4011 );
#3078 = VERTEX_POINT( '', #4012 );
#3079 = VERTEX_POINT( '', #4013 );
#3080 = B_SPLINE_CURVE_WITH_KNOTS( '', 3, ( #4014, #4015, #4016, #4017, #4018, #4019, #4020, #4021, #4022 ), .UNSPECIFIED., .F., .F., ( 4, 3, 2, 4 ), ( 0.409840806187226, 0.465242072542818, 0.502901973289724, 0.558495160106586 ), .UNSPECIFIED. );
#3081 = LINE( '', #4023, #4024 );
#3082 = LINE( '', #4025, #4026 );
#3083 = FILL_AREA_STYLE_COLOUR( '', #4027 );
#3084 = VERTEX_POINT( '', #4028 );
#3085 = B_SPLINE_CURVE_WITH_KNOTS( '', 3, ( #4029, #4030, #4031, #4032 ), .UNSPECIFIED., .F., .F., ( 4, 4 ), ( 0.766066837949627, 0.878124202881752 ), .UNSPECIFIED. );
#3086 = VERTEX_POINT( '', #4033 );
#3087 = LINE( '', #4034, #4035 );
#3088 = B_SPLINE_CURVE_WITH_KNOTS( '', 3, ( #4036, #4037, #4038, #4039 ), .UNSPECIFIED., .F., .F., ( 4, 4 ), ( 0.766066837949627, 0.878124202881752 ), .UNSPECIFIED. );
#3089 = FILL_AREA_STYLE_COLOUR( '', #4040 );
#3090 = VERTEX_POINT( '', #4041 );
#3091 = VERTEX_POINT( '', #4042 );
#3092 = B_SPLINE_CURVE_WITH_KNOTS( '', 3, ( #4043, #4044, #4045, #4046, #4047, #4048, #4049, #4050, #4051, #4052, #4053, #4054, #4055, #4056, #4057, #4058 ), .UNSPECIFIED., .F., .F., ( 4, 3, 3, 3, 3, 4 ), ( 0.499265096298639, 0.607595818716467, 0.730441237094497, 0.841672752430367, 0.958533283835744, 1.00000000000000 ), .UNSPECIFIED. );
#3093 = VERTEX_POINT( '', #4059 );
#3094 = LINE( '', #4060, #4061 );
#3095 = VERTEX_POINT( '', #4062 );
#3096 = B_SPLINE_CURVE_WITH_KNOTS( '', 3, ( #4063, #4064, #4065, #4066, #4067, #4068, #4069, #4070, #4071, #4072, #4073, #4074, #4075, #4076, #4077, #4078 ), .UNSPECIFIED., .F., .F., ( 4, 3, 3, 3, 3, 4 ), ( 0.499265096298639, 0.607595818716467, 0.730441237094497, 0.841672752430367, 0.958533283835744, 1.00000000000000 ), .UNSPECIFIED. );
#3097 = LINE( '', #4079, #4080 );
#3098 = FILL_AREA_STYLE_COLOUR( '', #4081 );
#3099 = VERTEX_POINT( '', #4082 );
#3100 = B_SPLINE_CURVE_WITH_KNOTS( '', 3, ( #4083, #4084, #4085, #4086 ), .UNSPECIFIED., .F., .F., ( 4, 4 ), ( 0.218656438483151, 0.245640314251374 ), .UNSPECIFIED. );
#3101 = VERTEX_POINT( '', #4087 );
#3102 = LINE( '', #4088, #4089 );
#3103 = B_SPLINE_CURVE_WITH_KNOTS( '', 3, ( #4090, #4091, #4092, #4093 ), .UNSPECIFIED., .F., .F., ( 4, 4 ), ( 0.218656438483151, 0.245640314251374 ), .UNSPECIFIED. );
#3104 = FILL_AREA_STYLE_COLOUR( '', #4094 );
#3105 = VERTEX_POINT( '', #4095 );
#3106 = VERTEX_POINT( '', #4096 );
#3107 = B_SPLINE_CURVE_WITH_KNOTS( '', 3, ( #4097, #4098, #4099, #4100 ), .UNSPECIFIED., .F., .F., ( 4, 4 ), ( 0.000000000000000, 0.189757577982990 ), .UNSPECIFIED. );
#3108 = VERTEX_POINT( '', #4101 );
#3109 = LINE( '', #4102, #4103 );
#3110 = VERTEX_POINT( '', #4104 );
#3111 = B_SPLINE_CURVE_WITH_KNOTS( '', 3, ( #4105, #4106, #4107, #4108 ), .UNSPECIFIED., .F., .F., ( 4, 4 ), ( 0.000000000000000, 0.189757577982990 ), .UNSPECIFIED. );
#3112 = LINE( '', #4109, #4110 );
#3113 = FILL_AREA_STYLE_COLOUR( '', #4111 );
#3114 = VERTEX_POINT( '', #4112 );
#3115 = VERTEX_POINT( '', #4113 );
#3116 = LINE( '', #4114, #4115 );
#3117 = VERTEX_POINT( '', #4116 );
#3118 = LINE( '', #4117, #4118 );
#3119 = VERTEX_POINT( '', #4119 );
#3120 = LINE( '', #4120, #4121 );
#3121 = LINE( '', #4122, #4123 );
#3122 = FILL_AREA_STYLE_COLOUR( '', #4124 );
#3123 = B_SPLINE_CURVE_WITH_KNOTS( '', 3, ( #4125, #4126, #4127, #4128 ), .UNSPECIFIED., .F., .F., ( 4, 4 ), ( 0.558495160106586, 0.610615742799227 ), .UNSPECIFIED. );
#3124 = FILL_AREA_STYLE_COLOUR( '', #4129 );
#3125 = VERTEX_POINT( '', #4130 );
#3126 = VERTEX_POINT( '', #4131 );
#3127 = B_SPLINE_CURVE_WITH_KNOTS( '', 3, ( #4132, #4133, #4134, #4135 ), .UNSPECIFIED., .F., .F., ( 4, 4 ), ( 0.520656883151474, 0.536492445906294 ), .UNSPECIFIED. );
#3128 = VERTEX_POINT( '', #4136 );
#3129 = LINE( '', #4137, #4138 );
#3130 = VERTEX_POINT( '', #4139 );
#3131 = B_SPLINE_CURVE_WITH_KNOTS( '', 3, ( #4140, #4141, #4142, #4143 ), .UNSPECIFIED., .F., .F., ( 4, 4 ), ( 0.520656883151474, 0.536492445906294 ), .UNSPECIFIED. );
#3132 = LINE( '', #4144, #4145 );
#3133 = FILL_AREA_STYLE_COLOUR( '', #4146 );
#3134 = VERTEX_POINT( '', #4147 );
#3135 = B_SPLINE_CURVE_WITH_KNOTS( '', 3, ( #4148, #4149, #4150, #4151 ), .UNSPECIFIED., .F., .F., ( 4, 4 ), ( 0.396128007456503, 0.520656883151474 ), .UNSPECIFIED. );
#3136 = VERTEX_POINT( '', #4152 );
#3137 = LINE( '', #4153, #4154 );
#3138 = B_SPLINE_CURVE_WITH_KNOTS( '', 3, ( #4155, #4156, #4157, #4158 ), .UNSPECIFIED., .F., .F., ( 4, 4 ), ( 0.396128007456503, 0.520656883151474 ), .UNSPECIFIED. );
#3139 = FILL_AREA_STYLE_COLOUR( '', #4159 );
#3140 = B_SPLINE_CURVE_WITH_KNOTS( '', 3, ( #4160, #4161, #4162, #4163 ), .UNSPECIFIED., .F., .F., ( 4, 4 ), ( 0.189757577982990, 0.218656438483151 ), .UNSPECIFIED. );
#3141 = B_SPLINE_CURVE_WITH_KNOTS( '', 3, ( #4164, #4165, #4166, #4167 ), .UNSPECIFIED., .F., .F., ( 4, 4 ), ( 0.189757577982990, 0.218656438483151 ), .UNSPECIFIED. );
#3142 = FILL_AREA_STYLE_COLOUR( '', #4168 );
#3143 = VERTEX_POINT( '', #4169 );
#3144 = B_SPLINE_CURVE_WITH_KNOTS( '', 3, ( #4170, #4171, #4172, #4173, #4174, #4175, #4176, #4177, #4178, #4179, #4180, #4181, #4182, #4183, #4184, #4185, #4186, #4187, #4188, #4189, #4190, #4191, #4192, #4193, #4194 ), .UNSPECIFIED., .F., .F., ( 4, 3, 2, 3, 2, 2, 3, 3, 3, 4 ), ( 0.000000000000000, 0.0435638216839924, 0.0792759739261161, 0.137980881721388, 0.185553075564697, 0.212958795930951, 0.240364516297205, 0.267788989284261, 0.299022718295815, 0.361874099558836 ), .UNSPECIFIED. );
#3145 = VERTEX_POINT( '', #4195 );
#3146 = LINE( '', #4196, #4197 );
#3147 = B_SPLINE_CURVE_WITH_KNOTS( '', 3, ( #4198, #4199, #4200, #4201, #4202, #4203, #4204, #4205, #4206, #4207, #4208, #4209, #4210, #4211, #4212, #4213, #4214, #4215, #4216, #4217, #4218, #4219, #4220, #4221, #4222 ), .UNSPECIFIED., .F., .F., ( 4, 3, 2, 3, 2, 2, 3, 3, 3, 4 ), ( 0.000000000000000, 0.0435638216839924, 0.0792759739261161, 0.137980881721388, 0.185553075564697, 0.212958795930951, 0.240364516297205, 0.267788989284261, 0.299022718295815, 0.361874099558836 ), .UNSPECIFIED. );
#3148 = FILL_AREA_STYLE_COLOUR( '', #4223 );
#3149 = B_SPLINE_CURVE_WITH_KNOTS( '', 3, ( #4224, #4225, #4226, #4227 ), .UNSPECIFIED., .F., .F., ( 4, 4 ), ( 0.374240109198532, 0.396128007456503 ), .UNSPECIFIED. );
#3150 = B_SPLINE_CURVE_WITH_KNOTS( '', 3, ( #4228, #4229, #4230, #4231 ), .UNSPECIFIED., .F., .F., ( 4, 4 ), ( 0.374240109198532, 0.396128007456503 ), .UNSPECIFIED. );
#3151 = FILL_AREA_STYLE_COLOUR( '', #4232 );
#3152 = VERTEX_POINT( '', #4233 );
#3153 = VERTEX_POINT( '', #4234 );
#3154 = B_SPLINE_CURVE_WITH_KNOTS( '', 3, ( #4235, #4236, #4237, #4238 ), .UNSPECIFIED., .F., .F., ( 4, 4 ), ( 0.558850231379431, 0.580207515797439 ), .UNSPECIFIED. );
#3155 = VERTEX_POINT( '', #4239 );
#3156 = LINE( '', #4240, #4241 );
#3157 = VERTEX_POINT( '', #4242 );
#3158 = B_SPLINE_CURVE_WITH_KNOTS( '', 3, ( #4243, #4244, #4245, #4246 ), .UNSPECIFIED., .F., .F., ( 4, 4 ), ( 0.558850231379431, 0.580207515797439 ), .UNSPECIFIED. );
#3159 = LINE( '', #4247, #4248 );
#3160 = FILL_AREA_STYLE_COLOUR( '', #4249 );
#3161 = B_SPLINE_CURVE_WITH_KNOTS( '', 3, ( #4250, #4251, #4252, #4253, #4254, #4255, #4256, #4257, #4258, #4259, #4260, #4261, #4262, #4263, #4264, #4265, #4266, #4267 ), .UNSPECIFIED., .F., .F., ( 4, 2, 3, 2, 3, 2, 2, 4 ), ( 0.182838976793792, 0.235524243111121, 0.301819869893760, 0.369369061871496, 0.415142527487989, 0.458299330204614, 0.501456132921240, 0.558850231379431 ), .UNSPECIFIED. );
#3162 = B_SPLINE_CURVE_WITH_KNOTS( '', 3, ( #4268, #4269, #4270, #4271, #4272, #4273, #4274, #4275, #4276, #4277, #4278, #4279, #4280, #4281, #4282, #4283, #4284, #4285 ), .UNSPECIFIED., .F., .F., ( 4, 2, 3, 2, 3, 2, 2, 4 ), ( 0.182838976793792, 0.235524243111121, 0.301819869893760, 0.369369061871496, 0.415142527487989, 0.458299330204614, 0.501456132921240, 0.558850231379431 ), .UNSPECIFIED. );
#3163 = FILL_AREA_STYLE_COLOUR( '', #4286 );
#3164 = VERTEX_POINT( '', #4287 );
#3165 = VERTEX_POINT( '', #4288 );
#3166 = LINE( '', #4289, #4290 );
#3167 = CIRCLE( '', #4291, 0.100000000000000 );
#3168 = VERTEX_POINT( '', #4292 );
#3169 = LINE( '', #4293, #4294 );
#3170 = VERTEX_POINT( '', #4295 );
#3171 = LINE( '', #4296, #4297 );
#3172 = CIRCLE( '', #4298, 0.100000000000000 );
#3173 = VERTEX_POINT( '', #4299 );
#3174 = CIRCLE( '', #4300, 0.100000000000000 );
#3175 = VERTEX_POINT( '', #4301 );
#3176 = LINE( '', #4302, #4303 );
#3177 = LINE( '', #4304, #4305 );
#3178 = CIRCLE( '', #4306, 0.100000000000000 );
#3179 = FILL_AREA_STYLE_COLOUR( '', #4307 );
#3180 = VERTEX_POINT( '', #4308 );
#3181 = B_SPLINE_CURVE_WITH_KNOTS( '', 3, ( #4309, #4310, #4311, #4312, #4313, #4314, #4315, #4316, #4317, #4318, #4319, #4320, #4321, #4322, #4323, #4324, #4325, #4326, #4327, #4328, #4329, #4330 ), .UNSPECIFIED., .T., .F., ( 4, 2, 2, 3, 2, 3, 3, 3, 4 ), ( 0.000000000000000, 0.119629600204718, 0.239259200409437, 0.360296207675392, 0.506488056325201, 0.646414540032877, 0.754586018311960, 0.860643409138521, 1.00000000000000 ), .UNSPECIFIED. );
#3182 = VERTEX_POINT( '', #4331 );
#3183 = B_SPLINE_CURVE_WITH_KNOTS( '', 3, ( #4332, #4333, #4334, #4335, #4336, #4337, #4338, #4339, #4340, #4341, #4342, #4343, #4344, #4345, #4346, #4347, #4348, #4349, #4350, #4351, #4352, #4353 ), .UNSPECIFIED., .T., .F., ( 4, 2, 2, 3, 2, 3, 3, 3, 4 ), ( 0.000000000000000, 0.119629600204718, 0.239259200409437, 0.360296207675392, 0.506488056325201, 0.646414540032877, 0.754586018311960, 0.860643409138521, 1.00000000000000 ), .UNSPECIFIED. );
#3184 = FILL_AREA_STYLE_COLOUR( '', #4354 );
#3185 = VERTEX_POINT( '', #4355 );
#3186 = VERTEX_POINT( '', #4356 );
#3187 = B_SPLINE_CURVE_WITH_KNOTS( '', 1, ( #4357, #4358 ), .UNSPECIFIED., .F., .F., ( 2, 2 ), ( 0.267088607594937, 0.500000000000000 ), .UNSPECIFIED. );
#3188 = VERTEX_POINT( '', #4359 );
#3189 = LINE( '', #4360, #4361 );
#3190 = VERTEX_POINT( '', #4362 );
#3191 = B_SPLINE_CURVE_WITH_KNOTS( '', 1, ( #4363, #4364 ), .UNSPECIFIED., .F., .F., ( 2, 2 ), ( 0.267088607594937, 0.500000000000000 ), .UNSPECIFIED. );
#3192 = LINE( '', #4365, #4366 );
#3193 = FILL_AREA_STYLE_COLOUR( '', #4367 );
#3194 = VERTEX_POINT( '', #4368 );
#3195 = B_SPLINE_CURVE_WITH_KNOTS( '', 3, ( #4369, #4370, #4371, #4372 ), .UNSPECIFIED., .F., .F., ( 4, 4 ), ( 0.124528875694971, 0.149069852529666 ), .UNSPECIFIED. );
#3196 = VERTEX_POINT( '', #4373 );
#3197 = LINE( '', #4374, #4375 );
#3198 = B_SPLINE_CURVE_WITH_KNOTS( '', 3, ( #4376, #4377, #4378, #4379 ), .UNSPECIFIED., .F., .F., ( 4, 4 ), ( 0.124528875694971, 0.149069852529666 ), .UNSPECIFIED. );
#3199 = FILL_AREA_STYLE_COLOUR( '', #4380 );
#3200 = VERTEX_POINT( '', #4381 );
#3201 = B_SPLINE_CURVE_WITH_KNOTS( '', 3, ( #4382, #4383, #4384, #4385 ), .UNSPECIFIED., .F., .F., ( 4, 4 ), ( 0.984247345950703, 1.00000000000000 ), .UNSPECIFIED. );
#3202 = VERTEX_POINT( '', #4386 );
#3203 = B_SPLINE_CURVE_WITH_KNOTS( '', 3, ( #4387, #4388, #4389, #4390 ), .UNSPECIFIED., .F., .F., ( 4, 4 ), ( 0.984247345950703, 1.00000000000000 ), .UNSPECIFIED. );
#3204 = LINE( '', #4391, #4392 );
#3205 = FILL_AREA_STYLE_COLOUR( '', #4393 );
#3206 = VERTEX_POINT( '', #4394 );
#3207 = LINE( '', #4395, #4396 );
#3208 = VERTEX_POINT( '', #4397 );
#3209 = LINE( '', #4398, #4399 );
#3210 = LINE( '', #4400, #4401 );
#3211 = FILL_AREA_STYLE_COLOUR( '', #4402 );
#3212 = VERTEX_POINT( '', #4403 );
#3213 = LINE( '', #4404, #4405 );
#3214 = VERTEX_POINT( '', #4406 );
#3215 = LINE( '', #4407, #4408 );
#3216 = LINE( '', #4409, #4410 );
#3217 = FILL_AREA_STYLE_COLOUR( '', #4411 );
#3218 = VERTEX_POINT( '', #4412 );
#3219 = B_SPLINE_CURVE_WITH_KNOTS( '', 3, ( #4413, #4414, #4415, #4416 ), .UNSPECIFIED., .F., .F., ( 4, 4 ), ( 0.518253236707345, 0.552703734267950 ), .UNSPECIFIED. );
#3220 = VERTEX_POINT( '', #4417 );
#3221 = B_SPLINE_CURVE_WITH_KNOTS( '', 3, ( #4418, #4419, #4420, #4421 ), .UNSPECIFIED., .F., .F., ( 4, 4 ), ( 0.518253236707345, 0.552703734267950 ), .UNSPECIFIED. );
#3222 = LINE( '', #4422, #4423 );
#3223 = FILL_AREA_STYLE_COLOUR( '', #4424 );
#3224 = LINE( '', #4425, #4426 );
#3225 = LINE( '', #4427, #4428 );
#3226 = VERTEX_POINT( '', #4429 );
#3227 = LINE( '', #4430, #4431 );
#3228 = LINE( '', #4432, #4433 );
#3229 = FILL_AREA_STYLE_COLOUR( '', #4434 );
#3230 = B_SPLINE_CURVE_WITH_KNOTS( '', 3, ( #4435, #4436, #4437, #4438 ), .UNSPECIFIED., .F., .F., ( 4, 4 ), ( 0.000000000000000, 0.314374721142912 ), .UNSPECIFIED. );
#3231 = FILL_AREA_STYLE_COLOUR( '', #4439 );
#3232 = VERTEX_POINT( '', #4440 );
#3233 = VERTEX_POINT( '', #4441 );
#3234 = B_SPLINE_CURVE_WITH_KNOTS( '', 1, ( #4442, #4443 ), .UNSPECIFIED., .F., .F., ( 2, 2 ), ( 0.775615380794607, 0.877881759759685 ), .UNSPECIFIED. );
#3235 = VERTEX_POINT( '', #4444 );
#3236 = LINE( '', #4445, #4446 );
#3237 = VERTEX_POINT( '', #4447 );
#3238 = B_SPLINE_CURVE_WITH_KNOTS( '', 1, ( #4448, #4449 ), .UNSPECIFIED., .F., .F., ( 2, 2 ), ( 0.775615380794607, 0.877881759759685 ), .UNSPECIFIED. );
#3239 = LINE( '', #4450, #4451 );
#3240 = FILL_AREA_STYLE_COLOUR( '', #4452 );
#3241 = B_SPLINE_CURVE_WITH_KNOTS( '', 3, ( #4453, #4454, #4455, #4456, #4457, #4458, #4459, #4460, #4461, #4462, #4463, #4464, #4465, #4466, #4467 ), .UNSPECIFIED., .F., .F., ( 4, 3, 3, 3, 2, 4 ), ( 0.000000000000000, 0.192720247722041, 0.295769340488981, 0.355183468830475, 0.411410445403417, 0.499265096298639 ), .UNSPECIFIED. );
#3242 = FILL_AREA_STYLE_COLOUR( '', #4468 );
#3243 = VERTEX_POINT( '', #4469 );
#3244 = LINE( '', #4470, #4471 );
#3245 = VERTEX_POINT( '', #4472 );
#3246 = LINE( '', #4473, #4474 );
#3247 = LINE( '', #4475, #4476 );
#3248 = FILL_AREA_STYLE_COLOUR( '', #4477 );
#3249 = VERTEX_POINT( '', #4478 );
#3250 = LINE( '', #4479, #4480 );
#3251 = VERTEX_POINT( '', #4481 );
#3252 = LINE( '', #4482, #4483 );
#3253 = LINE( '', #4484, #4485 );
#3254 = FILL_AREA_STYLE_COLOUR( '', #4486 );
#3255 = VERTEX_POINT( '', #4487 );
#3256 = LINE( '', #4488, #4489 );
#3257 = VERTEX_POINT( '', #4490 );
#3258 = LINE( '', #4491, #4492 );
#3259 = LINE( '', #4493, #4494 );
#3260 = FILL_AREA_STYLE_COLOUR( '', #4495 );
#3261 = B_SPLINE_CURVE_WITH_KNOTS( '', 3, ( #4496, #4497, #4498, #4499 ), .UNSPECIFIED., .F., .F., ( 4, 4 ), ( 0.967967528120303, 1.00000000000000 ), .UNSPECIFIED. );
#3262 = B_SPLINE_CURVE_WITH_KNOTS( '', 3, ( #4500, #4501, #4502, #4503 ), .UNSPECIFIED., .F., .F., ( 4, 4 ), ( 0.550269344855437, 0.582301816735135 ), .UNSPECIFIED. );
#3263 = VERTEX_POINT( '', #4504 );
#3264 = B_SPLINE_CURVE_WITH_KNOTS( '', 1, ( #4505, #4506 ), .UNSPECIFIED., .F., .F., ( 2, 2 ), ( 0.500000000000000, 0.767088607594937 ), .UNSPECIFIED. );
#3265 = VERTEX_POINT( '', #4507 );
#3266 = B_SPLINE_CURVE_WITH_KNOTS( '', 1, ( #4508, #4509 ), .UNSPECIFIED., .F., .F., ( 2, 2 ), ( 0.767088607594937, 1.00000000000000 ), .UNSPECIFIED. );
#3267 = B_SPLINE_CURVE_WITH_KNOTS( '', 1, ( #4510, #4511 ), .UNSPECIFIED., .F., .F., ( 2, 2 ), ( 0.000000000000000, 0.267088607594937 ), .UNSPECIFIED. );
#3268 = B_SPLINE_CURVE_WITH_KNOTS( '', 3, ( #4512, #4513, #4514, #4515 ), .UNSPECIFIED., .F., .F., ( 4, 4 ), ( 0.362251972252749, 0.409840806187226 ), .UNSPECIFIED. );
#3269 = B_SPLINE_CURVE_WITH_KNOTS( '', 3, ( #4516, #4517, #4518, #4519 ), .UNSPECIFIED., .F., .F., ( 4, 4 ), ( 0.000000000000000, 0.124528875694971 ), .UNSPECIFIED. );
#3270 = VERTEX_POINT( '', #4520 );
#3271 = B_SPLINE_CURVE_WITH_KNOTS( '', 3, ( #4521, #4522, #4523, #4524 ), .UNSPECIFIED., .F., .F., ( 4, 4 ), ( 0.536492445906294, 0.640874506159270 ), .UNSPECIFIED. );
#3272 = VERTEX_POINT( '', #4525 );
#3273 = B_SPLINE_CURVE_WITH_KNOTS( '', 3, ( #4526, #4527, #4528, #4529 ), .UNSPECIFIED., .F., .F., ( 4, 4 ), ( 0.640874506159270, 0.751474905777646 ), .UNSPECIFIED. );
#3274 = B_SPLINE_CURVE_WITH_KNOTS( '', 3, ( #4530, #4531, #4532, #4533 ), .UNSPECIFIED., .F., .F., ( 4, 4 ), ( 0.751474905777646, 0.766066837949627 ), .UNSPECIFIED. );
#3275 = LINE( '', #4534, #4535 );
#3276 = LINE( '', #4536, #4537 );
#3277 = B_SPLINE_CURVE_WITH_KNOTS( '', 3, ( #4538, #4539, #4540, #4541 ), .UNSPECIFIED., .F., .F., ( 4, 4 ), ( 0.973259864798146, 1.00000000000000 ), .UNSPECIFIED. );
#3278 = B_SPLINE_CURVE_WITH_KNOTS( '', 3, ( #4542, #4543, #4544, #4545, #4546, #4547, #4548, #4549, #4550, #4551, #4552, #4553, #4554, #4555, #4556, #4557, #4558, #4559, #4560, #4561, #4562, #4563, #4564, #4565, #4566, #4567, #4568, #4569, #4570 ), .UNSPECIFIED., .F., .F., ( 4, 3, 3, 2, 3, 2, 3, 3, 3, 3, 4 ), ( 0.552703734267950, 0.591087798597977, 0.628264512461586, 0.673559569258793, 0.718372763749648, 0.745662116123218, 0.772951468496788, 0.804970043029894, 0.851074147843539, 0.911992415995526, 0.937795278096468 ), .UNSPECIFIED. );
#3279 = VERTEX_POINT( '', #4571 );
#3280 = B_SPLINE_CURVE_WITH_KNOTS( '', 1, ( #4572, #4573 ), .UNSPECIFIED., .F., .F., ( 2, 2 ), ( 0.905318389752371, 0.971672493844612 ), .UNSPECIFIED. );
#3281 = B_SPLINE_CURVE_WITH_KNOTS( '', 1, ( #4574, #4575 ), .UNSPECIFIED., .F., .F., ( 2, 2 ), ( 0.000000000000000, 0.231238664377136 ), .UNSPECIFIED. );
#3282 = B_SPLINE_CURVE_WITH_KNOTS( '', 1, ( #4576, #4577 ), .UNSPECIFIED., .F., .F., ( 2, 2 ), ( 0.259566170532524, 0.391042748014596 ), .UNSPECIFIED. );
#3283 = VERTEX_POINT( '', #4578 );
#3284 = B_SPLINE_CURVE_WITH_KNOTS( '', 1, ( #4579, #4580 ), .UNSPECIFIED., .F., .F., ( 2, 2 ), ( 0.523899473310671, 0.613611110426539 ), .UNSPECIFIED. );
#3285 = VERTEX_POINT( '', #4581 );
#3286 = B_SPLINE_CURVE_WITH_KNOTS( '', 1, ( #4582, #4583 ), .UNSPECIFIED., .F., .F., ( 2, 2 ), ( 0.613611110426539, 0.740513905775974 ), .UNSPECIFIED. );
#3287 = B_SPLINE_CURVE_WITH_KNOTS( '', 1, ( #4584, #4585 ), .UNSPECIFIED., .F., .F., ( 2, 2 ), ( 0.740513905775974, 0.775615380794607 ), .UNSPECIFIED. );
#3288 = B_SPLINE_CURVE_WITH_KNOTS( '', 1, ( #4586, #4587 ), .UNSPECIFIED., .F., .F., ( 2, 2 ), ( 0.877881759759685, 0.905318389752371 ), .UNSPECIFIED. );
#3289 = B_SPLINE_CURVE_WITH_KNOTS( '', 1, ( #4588, #4589 ), .UNSPECIFIED., .F., .F., ( 2, 2 ), ( 0.427786499215071, 0.500000000000000 ), .UNSPECIFIED. );
#3290 = VERTEX_POINT( '', #4590 );
#3291 = B_SPLINE_CURVE_WITH_KNOTS( '', 3, ( #4591, #4592, #4593, #4594 ), .UNSPECIFIED., .F., .F., ( 4, 4 ), ( 0.580207515797439, 0.606665047240643 ), .UNSPECIFIED. );
#3292 = B_SPLINE_CURVE_WITH_KNOTS( '', 3, ( #4595, #4596, #4597, #4598, #4599, #4600, #4601, #4602, #4603, #4604, #4605, #4606, #4607, #4608, #4609, #4610, #4611 ), .UNSPECIFIED., .F., .F., ( 4, 3, 3, 2, 2, 3, 4 ), ( 0.606665047240643, 0.756803569044848, 0.815199863785841, 0.858155349706570, 0.901110835627300, 0.951876409897253, 1.00000000000000 ), .UNSPECIFIED. );
#3293 = FILL_AREA_STYLE_COLOUR( '', #4612 );
#3294 = VERTEX_POINT( '', #4613 );
#3295 = CIRCLE( '', #4614, 0.100000000000000 );
#3296 = LINE( '', #4615, #4616 );
#3297 = FILL_AREA_STYLE_COLOUR( '', #4617 );
#3298 = B_SPLINE_CURVE_WITH_KNOTS( '', 3, ( #4618, #4619, #4620, #4621 ), .UNSPECIFIED., .F., .F., ( 4, 4 ), ( 0.000000000000000, 0.124528875694971 ), .UNSPECIFIED. );
#3299 = FILL_AREA_STYLE_COLOUR( '', #4622 );
#3300 = B_SPLINE_CURVE_WITH_KNOTS( '', 1, ( #4623, #4624 ), .UNSPECIFIED., .F., .F., ( 2, 2 ), ( 0.427786499215071, 0.500000000000000 ), .UNSPECIFIED. );
#3301 = FILL_AREA_STYLE_COLOUR( '', #4625 );
#3302 = VERTEX_POINT( '', #4626 );
#3303 = B_SPLINE_CURVE_WITH_KNOTS( '', 3, ( #4627, #4628, #4629, #4630 ), .UNSPECIFIED., .F., .F., ( 4, 4 ), ( 0.580207515797439, 0.606665047240643 ), .UNSPECIFIED. );
#3304 = LINE( '', #4631, #4632 );
#3305 = FILL_AREA_STYLE_COLOUR( '', #4633 );
#3306 = LINE( '', #4634, #4635 );
#3307 = LINE( '', #4636, #4637 );
#3308 = LINE( '', #4638, #4639 );
#3309 = FILL_AREA_STYLE_COLOUR( '', #4640 );
#3310 = VERTEX_POINT( '', #4641 );
#3311 = LINE( '', #4642, #4643 );
#3312 = B_SPLINE_CURVE_WITH_KNOTS( '', 1, ( #4644, #4645 ), .UNSPECIFIED., .F., .F., ( 2, 2 ), ( 0.000000000000000, 0.267088607594937 ), .UNSPECIFIED. );
#3313 = FILL_AREA_STYLE_COLOUR( '', #4646 );
#3314 = B_SPLINE_CURVE_WITH_KNOTS( '', 3, ( #4647, #4648, #4649, #4650, #4651, #4652, #4653, #4654, #4655, #4656, #4657, #4658, #4659, #4660, #4661, #4662, #4663 ), .UNSPECIFIED., .F., .F., ( 4, 3, 3, 2, 2, 3, 4 ), ( 0.606665047240643, 0.756803569044848, 0.815199863785841, 0.858155349706570, 0.901110835627300, 0.951876409897253, 1.00000000000000 ), .UNSPECIFIED. );
#3315 = FILL_AREA_STYLE_COLOUR( '', #4664 );
#3316 = VERTEX_POINT( '', #4665 );
#3317 = VERTEX_POINT( '', #4666 );
#3318 = LINE( '', #4667, #4668 );
#3319 = LINE( '', #4669, #4670 );
#3320 = LINE( '', #4671, #4672 );
#3321 = FILL_AREA_STYLE_COLOUR( '', #4673 );
#3322 = B_SPLINE_CURVE_WITH_KNOTS( '', 3, ( #4674, #4675, #4676, #4677 ), .UNSPECIFIED., .F., .F., ( 4, 4 ), ( 0.967967528120303, 1.00000000000000 ), .UNSPECIFIED. );
#3323 = B_SPLINE_CURVE_WITH_KNOTS( '', 3, ( #4678, #4679, #4680, #4681 ), .UNSPECIFIED., .F., .F., ( 4, 4 ), ( 0.550269344855437, 0.582301816735135 ), .UNSPECIFIED. );
#3324 = FILL_AREA_STYLE_COLOUR( '', #4682 );
#3325 = VERTEX_POINT( '', #4683 );
#3326 = LINE( '', #4684, #4685 );
#3327 = LINE( '', #4686, #4687 );
#3328 = FILL_AREA_STYLE_COLOUR( '', #4688 );
#3329 = CIRCLE( '', #4689, 0.100000000000000 );
#3330 = FILL_AREA_STYLE_COLOUR( '', #4690 );
#3331 = LINE( '', #4691, #4692 );
#3332 = FILL_AREA_STYLE_COLOUR( '', #4693 );
#3333 = VERTEX_POINT( '', #4694 );
#3334 = LINE( '', #4695, #4696 );
#3335 = CIRCLE( '', #4697, 0.100000000000000 );
#3336 = FILL_AREA_STYLE_COLOUR( '', #4698 );
#3337 = LINE( '', #4699, #4700 );
#3338 = LINE( '', #4701, #4702 );
#3339 = LINE( '', #4703, #4704 );
#3340 = FILL_AREA_STYLE_COLOUR( '', #4705 );
#3341 = LINE( '', #4706, #4707 );
#3342 = FILL_AREA_STYLE_COLOUR( '', #4708 );
#3343 = VERTEX_POINT( '', #4709 );
#3344 = CIRCLE( '', #4710, 0.100000000000000 );
#3345 = LINE( '', #4711, #4712 );
#3346 = FILL_AREA_STYLE_COLOUR( '', #4713 );
#3347 = LINE( '', #4714, #4715 );
#3348 = FILL_AREA_STYLE_COLOUR( '', #4716 );
#3349 = FILL_AREA_STYLE_COLOUR( '', #4717 );
#3350 = FILL_AREA_STYLE_COLOUR( '', #4718 );
#3351 = VERTEX_POINT( '', #4719 );
#3352 = LINE( '', #4720, #4721 );
#3353 = VERTEX_POINT( '', #4722 );
#3354 = B_SPLINE_CURVE_WITH_KNOTS( '', 3, ( #4723, #4724, #4725, #4726 ), .UNSPECIFIED., .F., .F., ( 4, 4 ), ( 0.640874506159270, 0.751474905777646 ), .UNSPECIFIED. );
#3355 = LINE( '', #4727, #4728 );
#3356 = FILL_AREA_STYLE_COLOUR( '', #4729 );
#3357 = VERTEX_POINT( '', #4730 );
#3358 = B_SPLINE_CURVE_WITH_KNOTS( '', 1, ( #4731, #4732 ), .UNSPECIFIED., .F., .F., ( 2, 2 ), ( 0.877881759759685, 0.905318389752371 ), .UNSPECIFIED. );
#3359 = LINE( '', #4733, #4734 );
#3360 = FILL_AREA_STYLE_COLOUR( '', #4735 );
#3361 = B_SPLINE_CURVE_WITH_KNOTS( '', 3, ( #4736, #4737, #4738, #4739 ), .UNSPECIFIED., .F., .F., ( 4, 4 ), ( 0.973259864798146, 1.00000000000000 ), .UNSPECIFIED. );
#3362 = FILL_AREA_STYLE_COLOUR( '', #4740 );
#3363 = FILL_AREA_STYLE_COLOUR( '', #4741 );
#3364 = FILL_AREA_STYLE_COLOUR( '', #4742 );
#3365 = VERTEX_POINT( '', #4743 );
#3366 = B_SPLINE_CURVE_WITH_KNOTS( '', 1, ( #4744, #4745 ), .UNSPECIFIED., .F., .F., ( 2, 2 ), ( 0.767088607594937, 1.00000000000000 ), .UNSPECIFIED. );
#3367 = B_SPLINE_CURVE_WITH_KNOTS( '', 1, ( #4746, #4747 ), .UNSPECIFIED., .F., .F., ( 2, 2 ), ( 0.500000000000000, 0.767088607594937 ), .UNSPECIFIED. );
#3368 = FILL_AREA_STYLE_COLOUR( '', #4748 );
#3369 = LINE( '', #4749, #4750 );
#3370 = FILL_AREA_STYLE_COLOUR( '', #4751 );
#3371 = B_SPLINE_CURVE_WITH_KNOTS( '', 1, ( #4752, #4753 ), .UNSPECIFIED., .F., .F., ( 2, 2 ), ( 0.000000000000000, 0.231238664377136 ), .UNSPECIFIED. );
#3372 = FILL_AREA_STYLE_COLOUR( '', #4754 );
#3373 = B_SPLINE_CURVE_WITH_KNOTS( '', 3, ( #4755, #4756, #4757, #4758, #4759, #4760, #4761, #4762, #4763, #4764, #4765, #4766, #4767, #4768, #4769 ), .UNSPECIFIED., .F., .F., ( 4, 3, 3, 3, 2, 4 ), ( 0.000000000000000, 0.192720247722041, 0.295769340488981, 0.355183468830475, 0.411410445403417, 0.499265096298639 ), .UNSPECIFIED. );
#3374 = FILL_AREA_STYLE_COLOUR( '', #4770 );
#3375 = B_SPLINE_CURVE_WITH_KNOTS( '', 3, ( #4771, #4772, #4773, #4774 ), .UNSPECIFIED., .F., .F., ( 4, 4 ), ( 0.536492445906294, 0.640874506159270 ), .UNSPECIFIED. );
#3376 = FILL_AREA_STYLE_COLOUR( '', #4775 );
#3377 = FILL_AREA_STYLE_COLOUR( '', #4776 );
#3378 = CIRCLE( '', #4777, 0.100000000000000 );
#3379 = FILL_AREA_STYLE_COLOUR( '', #4778 );
#3380 = FILL_AREA_STYLE_COLOUR( '', #4779 );
#3381 = FILL_AREA_STYLE_COLOUR( '', #4780 );
#3382 = VERTEX_POINT( '', #4781 );
#3383 = B_SPLINE_CURVE_WITH_KNOTS( '', 1, ( #4782, #4783 ), .UNSPECIFIED., .F., .F., ( 2, 2 ), ( 0.523899473310671, 0.613611110426539 ), .UNSPECIFIED. );
#3384 = LINE( '', #4784, #4785 );
#3385 = FILL_AREA_STYLE_COLOUR( '', #4786 );
#3386 = B_SPLINE_CURVE_WITH_KNOTS( '', 1, ( #4787, #4788 ), .UNSPECIFIED., .F., .F., ( 2, 2 ), ( 0.905318389752371, 0.971672493844612 ), .UNSPECIFIED. );
#3387 = FILL_AREA_STYLE_COLOUR( '', #4789 );
#3388 = FILL_AREA_STYLE_COLOUR( '', #4790 );
#3389 = CIRCLE( '', #4791, 0.100000000000000 );
#3390 = FILL_AREA_STYLE_COLOUR( '', #4792 );
#3391 = B_SPLINE_CURVE_WITH_KNOTS( '', 3, ( #4793, #4794, #4795, #4796, #4797, #4798, #4799, #4800, #4801, #4802, #4803, #4804, #4805, #4806, #4807, #4808, #4809, #4810, #4811, #4812, #4813, #4814, #4815, #4816, #4817, #4818, #4819, #4820, #4821 ), .UNSPECIFIED., .F., .F., ( 4, 3, 3, 2, 3, 2, 3, 3, 3, 3, 4 ), ( 0.552703734267950, 0.591087798597977, 0.628264512461586, 0.673559569258793, 0.718372763749648, 0.745662116123218, 0.772951468496788, 0.804970043029894, 0.851074147843539, 0.911992415995526, 0.937795278096468 ), .UNSPECIFIED. );
#3392 = FILL_AREA_STYLE_COLOUR( '', #4822 );
#3393 = LINE( '', #4823, #4824 );
#3394 = FILL_AREA_STYLE_COLOUR( '', #4825 );
#3395 = CIRCLE( '', #4826, 0.100000000000000 );
#3396 = CIRCLE( '', #4827, 0.100000000000000 );
#3397 = FILL_AREA_STYLE_COLOUR( '', #4828 );
#3398 = B_SPLINE_CURVE_WITH_KNOTS( '', 3, ( #4829, #4830, #4831, #4832 ), .UNSPECIFIED., .F., .F., ( 4, 4 ), ( 0.751474905777646, 0.766066837949627 ), .UNSPECIFIED. );
#3399 = FILL_AREA_STYLE_COLOUR( '', #4833 );
#3400 = FILL_AREA_STYLE_COLOUR( '', #4834 );
#3401 = FILL_AREA_STYLE_COLOUR( '', #4835 );
#3402 = FILL_AREA_STYLE_COLOUR( '', #4836 );
#3403 = FILL_AREA_STYLE_COLOUR( '', #4837 );
#3404 = VERTEX_POINT( '', #4838 );
#3405 = B_SPLINE_CURVE_WITH_KNOTS( '', 1, ( #4839, #4840 ), .UNSPECIFIED., .F., .F., ( 2, 2 ), ( 0.613611110426539, 0.740513905775974 ), .UNSPECIFIED. );
#3406 = LINE( '', #4841, #4842 );
#3407 = FILL_AREA_STYLE_COLOUR( '', #4843 );
#3408 = B_SPLINE_CURVE_WITH_KNOTS( '', 1, ( #4844, #4845 ), .UNSPECIFIED., .F., .F., ( 2, 2 ), ( 0.740513905775974, 0.775615380794607 ), .UNSPECIFIED. );
#3409 = FILL_AREA_STYLE_COLOUR( '', #4846 );
#3410 = FILL_AREA_STYLE_COLOUR( '', #4847 );
#3411 = FILL_AREA_STYLE_COLOUR( '', #4848 );
#3412 = FILL_AREA_STYLE_COLOUR( '', #4849 );
#3413 = B_SPLINE_CURVE_WITH_KNOTS( '', 1, ( #4850, #4851 ), .UNSPECIFIED., .F., .F., ( 2, 2 ), ( 0.259566170532524, 0.391042748014596 ), .UNSPECIFIED. );
#3414 = FILL_AREA_STYLE_COLOUR( '', #4852 );
#3415 = COLOUR_RGB( '', 0.819607853889465, 0.819607853889465, 0.819607853889465 );
#3416 = CARTESIAN_POINT( '', ( -2.11846891348400, 0.175642212862618, 0.725000000000000 ) );
#3417 = CARTESIAN_POINT( '', ( -2.45518733440625, 0.175642212862618, 0.725000000000000 ) );
#3418 = CARTESIAN_POINT( '', ( -2.15596894838800, 0.175642212862618, 0.725000000000000 ) );
#3419 = VECTOR( '', #4853, 1000.00000000000 );
#3420 = CARTESIAN_POINT( '', ( -2.11846891348400, 0.175642212862618, -0.725000000000000 ) );
#3421 = CARTESIAN_POINT( '', ( -2.11846891348400, 0.175642212862618, -0.725000000000000 ) );
#3422 = VECTOR( '', #4854, 1000.00000000000 );
#3423 = CARTESIAN_POINT( '', ( -2.45518733440625, 0.175642212862618, -0.725000000000000 ) );
#3424 = CARTESIAN_POINT( '', ( -2.15596894838800, 0.175642212862618, -0.725000000000000 ) );
#3425 = VECTOR( '', #4855, 1000.00000000000 );
#3426 = CARTESIAN_POINT( '', ( -2.45519026509522, 0.175642212862618, 4.69837800000000 ) );
#3427 = VECTOR( '', #4856, 1000.00000000000 );
#3428 = COLOUR_RGB( '', 0.568627476692200, 0.568627476692200, 0.568627476692200 );
#3429 = CARTESIAN_POINT( '', ( 0.401286173633441, 1.00500000000000, -0.179903536977492 ) );
#3430 = CARTESIAN_POINT( '', ( 0.401286173633441, 1.00500000000000, 0.170578778135049 ) );
#3431 = CARTESIAN_POINT( '', ( 0.401286173633441, 1.00500000000000, -0.179903536977492 ) );
#3432 = CARTESIAN_POINT( '', ( 0.401286173633441, 1.00500000000000, 0.170578778135048 ) );
#3433 = CARTESIAN_POINT( '', ( 0.401286173633441, 1.00300000000000, -0.179903536977492 ) );
#3434 = CARTESIAN_POINT( '', ( 0.401286173633441, 1.00300000000000, -0.179903536977492 ) );
#3435 = VECTOR( '', #4857, 1000.00000000000 );
#3436 = CARTESIAN_POINT( '', ( 0.401286173633441, 1.00300000000000, 0.170578778135048 ) );
#3437 = CARTESIAN_POINT( '', ( 0.401286173633441, 1.00300000000000, -0.179903536977492 ) );
#3438 = CARTESIAN_POINT( '', ( 0.401286173633441, 1.00300000000000, 0.170578778135048 ) );
#3439 = CARTESIAN_POINT( '', ( 0.401286173633441, 1.00300000000000, 0.170578778135048 ) );
#3440 = VECTOR( '', #4858, 1000.00000000000 );
#3441 = COLOUR_RGB( '', 0.568627476692200, 0.568627476692200, 0.568627476692200 );
#3442 = CARTESIAN_POINT( '', ( 0.203858520900322, 1.00500000000000, -0.179903536977492 ) );
#3443 = CARTESIAN_POINT( '', ( 0.281028938906752, 1.00500000000000, -0.179903536977492 ) );
#3444 = CARTESIAN_POINT( '', ( 0.203858520900322, 1.00500000000000, -0.179903536977492 ) );
#3445 = CARTESIAN_POINT( '', ( 0.281028938906752, 1.00500000000000, -0.179903536977492 ) );
#3446 = CARTESIAN_POINT( '', ( 0.203858520900322, 1.00300000000000, -0.179903536977492 ) );
#3447 = CARTESIAN_POINT( '', ( 0.203858520900322, 1.00300000000000, -0.179903536977492 ) );
#3448 = VECTOR( '', #4859, 1000.00000000000 );
#3449 = CARTESIAN_POINT( '', ( 0.281028938906752, 1.00300000000000, -0.179903536977492 ) );
#3450 = CARTESIAN_POINT( '', ( 0.203858520900322, 1.00300000000000, -0.179903536977492 ) );
#3451 = CARTESIAN_POINT( '', ( 0.281028938906752, 1.00300000000000, -0.179903536977492 ) );
#3452 = CARTESIAN_POINT( '', ( 0.281028938906752, 1.00300000000000, -0.179903536977492 ) );
#3453 = VECTOR( '', #4860, 1000.00000000000 );
#3454 = COLOUR_RGB( '', 0.568627476692200, 0.568627476692200, 0.568627476692200 );
#3455 = CARTESIAN_POINT( '', ( -0.162700964630224, 1.00500000000000, 0.170578778135049 ) );
#3456 = CARTESIAN_POINT( '', ( -0.221543408360128, 1.00500000000000, 0.170578778135049 ) );
#3457 = CARTESIAN_POINT( '', ( -0.162700964630224, 1.00500000000000, 0.170578778135049 ) );
#3458 = CARTESIAN_POINT( '', ( -0.182315112540193, 1.00500000000000, 0.170578778135049 ) );
#3459 = CARTESIAN_POINT( '', ( -0.201929260450161, 1.00500000000000, 0.170578778135049 ) );
#3460 = CARTESIAN_POINT( '', ( -0.221543408360128, 1.00500000000000, 0.170578778135049 ) );
#3461 = CARTESIAN_POINT( '', ( -0.162700964630224, 1.00300000000000, 0.170578778135049 ) );
#3462 = CARTESIAN_POINT( '', ( -0.162700964630224, 1.00300000000000, 0.170578778135049 ) );
#3463 = VECTOR( '', #4861, 1000.00000000000 );
#3464 = CARTESIAN_POINT( '', ( -0.221543408360128, 1.00300000000000, 0.170578778135049 ) );
#3465 = CARTESIAN_POINT( '', ( -0.162700964630224, 1.00300000000000, 0.170578778135049 ) );
#3466 = CARTESIAN_POINT( '', ( -0.182315112540193, 1.00300000000000, 0.170578778135049 ) );
#3467 = CARTESIAN_POINT( '', ( -0.201929260450161, 1.00300000000000, 0.170578778135049 ) );
#3468 = CARTESIAN_POINT( '', ( -0.221543408360128, 1.00300000000000, 0.170578778135049 ) );
#3469 = CARTESIAN_POINT( '', ( -0.221543408360128, 1.00300000000000, 0.170578778135049 ) );
#3470 = VECTOR( '', #4862, 1000.00000000000 );
#3471 = COLOUR_RGB( '', 0.568627476692200, 0.568627476692200, 0.568627476692200 );
#3472 = CARTESIAN_POINT( '', ( 0.0627009646302249, 1.00500000000000, -0.0377813504823145 ) );
#3473 = CARTESIAN_POINT( '', ( 0.0627009646302249, 1.00500000000000, -0.0377813504823145 ) );
#3474 = CARTESIAN_POINT( '', ( 0.203858520900322, 1.00500000000000, -0.179903536977492 ) );
#3475 = CARTESIAN_POINT( '', ( 0.0627009646302249, 1.00300000000000, -0.0377813504823145 ) );
#3476 = CARTESIAN_POINT( '', ( 0.0627009646302249, 1.00300000000000, -0.0377813504823145 ) );
#3477 = VECTOR( '', #4863, 1000.00000000000 );
#3478 = CARTESIAN_POINT( '', ( 0.0627009646302249, 1.00300000000000, -0.0377813504823145 ) );
#3479 = CARTESIAN_POINT( '', ( 0.203858520900322, 1.00300000000000, -0.179903536977492 ) );
#3480 = COLOUR_RGB( '', 0.117647059261799, 0.117647059261799, 0.117647059261799 );
#3481 = CARTESIAN_POINT( '', ( -1.43891012660909, 1.00500000000000, 1.33500000000000 ) );
#3482 = CARTESIAN_POINT( '', ( -2.04897161232564, 1.00500000000000, 1.33500000000000 ) );
#3483 = CARTESIAN_POINT( '', ( 2.08685290420300, 1.00500000000000, 1.33500000000000 ) );
#3484 = VECTOR( '', #4864, 1000.00000000000 );
#3485 = CARTESIAN_POINT( '', ( -1.43891012660909, 1.00500000000000, -1.33500000000000 ) );
#3486 = CARTESIAN_POINT( '', ( -1.43891012660909, 1.00500000000000, 1.33500000000000 ) );
#3487 = VECTOR( '', #4865, 1000.00000000000 );
#3488 = CARTESIAN_POINT( '', ( -2.04897161232564, 1.00500000000000, -1.33500000000000 ) );
#3489 = CARTESIAN_POINT( '', ( 2.08685290420300, 1.00500000000000, -1.33500000000000 ) );
#3490 = VECTOR( '', #4866, 1000.00000000000 );
#3491 = CARTESIAN_POINT( '', ( -2.04897161232564, 1.00500000000000, -1.30250000000000 ) );
#3492 = VECTOR( '', #4867, 1000.00000000000 );
#3493 = COLOUR_RGB( '', 0.568627476692200, 0.568627476692200, 0.568627476692200 );
#3494 = CARTESIAN_POINT( '', ( 0.716398713826367, 1.00500000000000, 0.170578778135048 ) );
#3495 = CARTESIAN_POINT( '', ( 0.549839228295821, 1.00500000000000, 0.170578778135048 ) );
#3496 = CARTESIAN_POINT( '', ( 0.716398713826367, 1.00500000000000, 0.170578778135048 ) );
#3497 = CARTESIAN_POINT( '', ( 0.716398713826367, 1.00500000000000, 0.0994105037513401 ) );
#3498 = CARTESIAN_POINT( '', ( 0.716398713826367, 1.00500000000000, 0.0282422293676316 ) );
#3499 = CARTESIAN_POINT( '', ( 0.716398713826367, 1.00500000000000, -0.0429260450160768 ) );
#3500 = CARTESIAN_POINT( '', ( 0.716398713826367, 1.00500000000000, -0.0670418006430865 ) );
#3501 = CARTESIAN_POINT( '', ( 0.714147909967846, 1.00500000000000, -0.0850482315112537 ) );
#3502 = CARTESIAN_POINT( '', ( 0.709646302250804, 1.00500000000000, -0.0972668810289386 ) );
#3503 = CARTESIAN_POINT( '', ( 0.705210571719866, 1.00500000000000, -0.109306721041487 ) );
#3504 = CARTESIAN_POINT( '', ( 0.696784565916399, 1.00500000000000, -0.118810289389067 ) );
#3505 = CARTESIAN_POINT( '', ( 0.672990353697749, 1.00500000000000, -0.132958199356913 ) );
#3506 = CARTESIAN_POINT( '', ( 0.659163987138264, 1.00500000000000, -0.136495176848874 ) );
#3507 = CARTESIAN_POINT( '', ( 0.643086816720258, 1.00500000000000, -0.136816720257234 ) );
#3508 = CARTESIAN_POINT( '', ( 0.617701472465676, 1.00500000000000, -0.137324427142326 ) );
#3509 = CARTESIAN_POINT( '', ( 0.595819935691319, 1.00500000000000, -0.128456591639871 ) );
#3510 = CARTESIAN_POINT( '', ( 0.559163987138264, 1.00500000000000, -0.0963022508038581 ) );
#3511 = CARTESIAN_POINT( '', ( 0.549839228295821, 1.00500000000000, -0.0657556270096459 ) );
#3512 = CARTESIAN_POINT( '', ( 0.549839228295821, 1.00500000000000, -0.0210610932475880 ) );
#3513 = CARTESIAN_POINT( '', ( 0.549839228295821, 1.00500000000000, 0.0428188638799576 ) );
#3514 = CARTESIAN_POINT( '', ( 0.549839228295821, 1.00500000000000, 0.106698821007503 ) );
#3515 = CARTESIAN_POINT( '', ( 0.549839228295821, 1.00500000000000, 0.170578778135048 ) );
#3516 = CARTESIAN_POINT( '', ( 0.716398713826367, 1.00300000000000, 0.170578778135048 ) );
#3517 = CARTESIAN_POINT( '', ( 0.716398713826367, 1.00300000000000, 0.170578778135048 ) );
#3518 = VECTOR( '', #4868, 1000.00000000000 );
#3519 = CARTESIAN_POINT( '', ( 0.549839228295821, 1.00300000000000, 0.170578778135048 ) );
#3520 = CARTESIAN_POINT( '', ( 0.716398713826367, 1.00300000000000, 0.170578778135048 ) );
#3521 = CARTESIAN_POINT( '', ( 0.716398713826367, 1.00300000000000, 0.0994105037513401 ) );
#3522 = CARTESIAN_POINT( '', ( 0.716398713826367, 1.00300000000000, 0.0282422293676316 ) );
#3523 = CARTESIAN_POINT( '', ( 0.716398713826367, 1.00300000000000, -0.0429260450160768 ) );
#3524 = CARTESIAN_POINT( '', ( 0.716398713826367, 1.00300000000000, -0.0670418006430865 ) );
#3525 = CARTESIAN_POINT( '', ( 0.714147909967846, 1.00300000000000, -0.0850482315112537 ) );
#3526 = CARTESIAN_POINT( '', ( 0.709646302250804, 1.00300000000000, -0.0972668810289386 ) );
#3527 = CARTESIAN_POINT( '', ( 0.705210571719866, 1.00300000000000, -0.109306721041487 ) );
#3528 = CARTESIAN_POINT( '', ( 0.696784565916399, 1.00300000000000, -0.118810289389067 ) );
#3529 = CARTESIAN_POINT( '', ( 0.672990353697749, 1.00300000000000, -0.132958199356913 ) );
#3530 = CARTESIAN_POINT( '', ( 0.659163987138264, 1.00300000000000, -0.136495176848874 ) );
#3531 = CARTESIAN_POINT( '', ( 0.643086816720258, 1.00300000000000, -0.136816720257234 ) );
#3532 = CARTESIAN_POINT( '', ( 0.617701472465676, 1.00300000000000, -0.137324427142326 ) );
#3533 = CARTESIAN_POINT( '', ( 0.595819935691319, 1.00300000000000, -0.128456591639871 ) );
#3534 = CARTESIAN_POINT( '', ( 0.559163987138264, 1.00300000000000, -0.0963022508038581 ) );
#3535 = CARTESIAN_POINT( '', ( 0.549839228295821, 1.00300000000000, -0.0657556270096459 ) );
#3536 = CARTESIAN_POINT( '', ( 0.549839228295821, 1.00300000000000, -0.0210610932475880 ) );
#3537 = CARTESIAN_POINT( '', ( 0.549839228295821, 1.00300000000000, 0.0428188638799576 ) );
#3538 = CARTESIAN_POINT( '', ( 0.549839228295821, 1.00300000000000, 0.106698821007503 ) );
#3539 = CARTESIAN_POINT( '', ( 0.549839228295821, 1.00300000000000, 0.170578778135048 ) );
#3540 = CARTESIAN_POINT( '', ( 0.549839228295821, 1.00300000000000, 0.170578778135048 ) );
#3541 = VECTOR( '', #4869, 1000.00000000000 );
#3542 = COLOUR_RGB( '', 0.568627476692200, 0.568627476692200, 0.568627476692200 );
#3543 = CARTESIAN_POINT( '', ( -0.371704180064308, 1.00500000000000, -0.0516077170417999 ) );
#3544 = CARTESIAN_POINT( '', ( -0.547266881028939, 1.00500000000000, -0.0721864951768481 ) );
#3545 = CARTESIAN_POINT( '', ( -0.371704180064308, 1.00500000000000, -0.0516077170417999 ) );
#3546 = CARTESIAN_POINT( '', ( -0.371382636655949, 1.00500000000000, -0.0596463022508032 ) );
#3547 = CARTESIAN_POINT( '', ( -0.371382636655949, 1.00500000000000, -0.0651125401929253 ) );
#3548 = CARTESIAN_POINT( '', ( -0.371382636655949, 1.00500000000000, -0.0914790996784558 ) );
#3549 = CARTESIAN_POINT( '', ( -0.376848874598070, 1.00500000000000, -0.108520900321543 ) );
#3550 = CARTESIAN_POINT( '', ( -0.388102893890675, 1.00500000000000, -0.118810289389067 ) );
#3551 = CARTESIAN_POINT( '', ( -0.403059880847364, 1.00500000000000, -0.132485248892326 ) );
#3552 = CARTESIAN_POINT( '', ( -0.426045016077170, 1.00500000000000, -0.138745980707395 ) );
#3553 = CARTESIAN_POINT( '', ( -0.455948553054662, 1.00500000000000, -0.139067524115755 ) );
#3554 = CARTESIAN_POINT( '', ( -0.483594632269576, 1.00500000000000, -0.139364793784732 ) );
#3555 = CARTESIAN_POINT( '', ( -0.504180064308682, 1.00500000000000, -0.133922829581993 ) );
#3556 = CARTESIAN_POINT( '', ( -0.517684887459807, 1.00500000000000, -0.124276527331189 ) );
#3557 = CARTESIAN_POINT( '', ( -0.531128878074215, 1.00500000000000, -0.114673676892326 ) );
#3558 = CARTESIAN_POINT( '', ( -0.540836012861736, 1.00500000000000, -0.0969453376205780 ) );
#3559 = CARTESIAN_POINT( '', ( -0.547266881028939, 1.00500000000000, -0.0721864951768481 ) );
#3560 = CARTESIAN_POINT( '', ( -0.371704180064308, 1.00300000000000, -0.0516077170417999 ) );
#3561 = CARTESIAN_POINT( '', ( -0.371704180064308, 1.00300000000000, -0.0516077170417999 ) );
#3562 = VECTOR( '', #4870, 1000.00000000000 );
#3563 = CARTESIAN_POINT( '', ( -0.547266881028939, 1.00300000000000, -0.0721864951768481 ) );
#3564 = CARTESIAN_POINT( '', ( -0.371704180064308, 1.00300000000000, -0.0516077170417999 ) );
#3565 = CARTESIAN_POINT( '', ( -0.371382636655949, 1.00300000000000, -0.0596463022508032 ) );
#3566 = CARTESIAN_POINT( '', ( -0.371382636655949, 1.00300000000000, -0.0651125401929253 ) );
#3567 = CARTESIAN_POINT( '', ( -0.371382636655949, 1.00300000000000, -0.0914790996784558 ) );
#3568 = CARTESIAN_POINT( '', ( -0.376848874598070, 1.00300000000000, -0.108520900321543 ) );
#3569 = CARTESIAN_POINT( '', ( -0.388102893890675, 1.00300000000000, -0.118810289389067 ) );
#3570 = CARTESIAN_POINT( '', ( -0.403059880847364, 1.00300000000000, -0.132485248892326 ) );
#3571 = CARTESIAN_POINT( '', ( -0.426045016077170, 1.00300000000000, -0.138745980707395 ) );
#3572 = CARTESIAN_POINT( '', ( -0.455948553054662, 1.00300000000000, -0.139067524115755 ) );
#3573 = CARTESIAN_POINT( '', ( -0.483594632269576, 1.00300000000000, -0.139364793784732 ) );
#3574 = CARTESIAN_POINT( '', ( -0.504180064308682, 1.00300000000000, -0.133922829581993 ) );
#3575 = CARTESIAN_POINT( '', ( -0.517684887459807, 1.00300000000000, -0.124276527331189 ) );
#3576 = CARTESIAN_POINT( '', ( -0.531128878074215, 1.00300000000000, -0.114673676892326 ) );
#3577 = CARTESIAN_POINT( '', ( -0.540836012861736, 1.00300000000000, -0.0969453376205780 ) );
#3578 = CARTESIAN_POINT( '', ( -0.547266881028939, 1.00300000000000, -0.0721864951768481 ) );
#3579 = CARTESIAN_POINT( '', ( -0.547266881028939, 1.00300000000000, -0.0721864951768481 ) );
#3580 = VECTOR( '', #4871, 1000.00000000000 );
#3581 = COLOUR_RGB( '', 0.568627476692200, 0.568627476692200, 0.568627476692200 );
#3582 = CARTESIAN_POINT( '', ( -1.20891012660909, 1.00500000000000, -1.33500000000000 ) );
#3583 = CARTESIAN_POINT( '', ( -1.20891012660909, 1.00500000000000, 1.33500000000000 ) );
#3584 = CARTESIAN_POINT( '', ( -1.20891012660909, 1.00500000000000, -1.33500000000000 ) );
#3585 = VECTOR( '', #4872, 1000.00000000000 );
#3586 = CARTESIAN_POINT( '', ( -1.20891012660909, 1.00300000000000, -1.33500000000000 ) );
#3587 = CARTESIAN_POINT( '', ( -1.20891012660909, 1.00300000000000, -1.33500000000000 ) );
#3588 = VECTOR( '', #4873, 1000.00000000000 );
#3589 = CARTESIAN_POINT( '', ( -1.20891012660909, 1.00300000000000, 1.33500000000000 ) );
#3590 = CARTESIAN_POINT( '', ( -1.20891012660909, 1.00300000000000, -1.33500000000000 ) );
#3591 = VECTOR( '', #4874, 1000.00000000000 );
#3592 = CARTESIAN_POINT( '', ( -1.20891012660909, 1.00300000000000, 1.33500000000000 ) );
#3593 = VECTOR( '', #4875, 1000.00000000000 );
#3594 = COLOUR_RGB( '', 0.568627476692200, 0.568627476692200, 0.568627476692200 );
#3595 = CARTESIAN_POINT( '', ( -1.09163987138264, 1.00500000000000, -0.240996784565916 ) );
#3596 = CARTESIAN_POINT( '', ( -1.09163987138264, 1.00500000000000, 0.170578778135049 ) );
#3597 = CARTESIAN_POINT( '', ( -1.09163987138264, 1.00500000000000, -0.240996784565916 ) );
#3598 = CARTESIAN_POINT( '', ( -1.09163987138264, 1.00500000000000, -0.103804930332260 ) );
#3599 = CARTESIAN_POINT( '', ( -1.09163987138264, 1.00500000000000, 0.0333869239013943 ) );
#3600 = CARTESIAN_POINT( '', ( -1.09163987138264, 1.00500000000000, 0.170578778135049 ) );
#3601 = CARTESIAN_POINT( '', ( -1.09163987138264, 1.00300000000000, -0.240996784565916 ) );
#3602 = CARTESIAN_POINT( '', ( -1.09163987138264, 1.00300000000000, -0.240996784565916 ) );
#3603 = VECTOR( '', #4876, 1000.00000000000 );
#3604 = CARTESIAN_POINT( '', ( -1.09163987138264, 1.00300000000000, 0.170578778135049 ) );
#3605 = CARTESIAN_POINT( '', ( -1.09163987138264, 1.00300000000000, -0.240996784565916 ) );
#3606 = CARTESIAN_POINT( '', ( -1.09163987138264, 1.00300000000000, -0.103804930332260 ) );
#3607 = CARTESIAN_POINT( '', ( -1.09163987138264, 1.00300000000000, 0.0333869239013943 ) );
#3608 = CARTESIAN_POINT( '', ( -1.09163987138264, 1.00300000000000, 0.170578778135049 ) );
#3609 = CARTESIAN_POINT( '', ( -1.09163987138264, 1.00300000000000, 0.170578778135049 ) );
#3610 = VECTOR( '', #4877, 1000.00000000000 );
#3611 = COLOUR_RGB( '', 0.819607853889465, 0.819607853889465, 0.819607853889465 );
#3612 = CARTESIAN_POINT( '', ( 2.32519026509541, -0.154357787137382, 0.725000000000000 ) );
#3613 = CARTESIAN_POINT( '', ( 2.32519026509541, -0.914357787137383, 0.725000000000000 ) );
#3614 = CARTESIAN_POINT( '', ( 2.32519026509541, -0.154357787137382, 0.725000000000000 ) );
#3615 = VECTOR( '', #4878, 1000.00000000000 );
#3616 = CARTESIAN_POINT( '', ( 2.32519026509541, -0.154357787137382, -0.725000000000000 ) );
#3617 = CARTESIAN_POINT( '', ( 2.32519026509541, -0.154357787137382, -0.725000000000000 ) );
#3618 = VECTOR( '', #4879, 1000.00000000000 );
#3619 = CARTESIAN_POINT( '', ( 2.32519026509541, -0.914357787137383, -0.725000000000000 ) );
#3620 = CARTESIAN_POINT( '', ( 2.32519026509541, -0.154357787137382, -0.725000000000000 ) );
#3621 = VECTOR( '', #4880, 1000.00000000000 );
#3622 = CARTESIAN_POINT( '', ( 2.32519026509541, -0.914357787137383, -0.725000000000000 ) );
#3623 = VECTOR( '', #4881, 1000.00000000000 );
#3624 = COLOUR_RGB( '', 0.819607853889465, 0.819607853889465, 0.819607853889465 );
#3625 = CARTESIAN_POINT( '', ( -2.09834652087305, -0.0543577871373927, -0.725000000000000 ) );
#3626 = CARTESIAN_POINT( '', ( -2.09900973666640, -0.0467771959274154, -0.725000000000000 ) );
#3627 = VECTOR( '', #4882, 1000.00000000000 );
#3628 = CARTESIAN_POINT( '', ( -2.22518733417972, -0.0543577871373927, -0.725000000000000 ) );
#3629 = CARTESIAN_POINT( '', ( -2.37500000000000, -0.0543577871373927, -0.725000000000000 ) );
#3630 = VECTOR( '', #4883, 1000.00000000000 );
#3631 = CARTESIAN_POINT( '', ( -2.32519026509541, -0.154362008937372, -0.725000000000000 ) );
#3632 = AXIS2_PLACEMENT_3D( '', #4884, #4885, #4886 );
#3633 = CARTESIAN_POINT( '', ( -2.32519026509541, -0.914357787137357, -0.725000000000000 ) );
#3634 = CARTESIAN_POINT( '', ( -2.32519026509541, -0.980000000000000, -0.725000000000000 ) );
#3635 = VECTOR( '', #4887, 1000.00000000000 );
#3636 = CARTESIAN_POINT( '', ( -2.22518754782369, -1.01435778713738, -0.725000000000000 ) );
#3637 = AXIS2_PLACEMENT_3D( '', #4888, #4889, #4890 );
#3638 = CARTESIAN_POINT( '', ( -1.41519026509541, -1.01435778713738, -0.725000000000000 ) );
#3639 = CARTESIAN_POINT( '', ( -1.46500000000000, -1.01435778713738, -0.725000000000000 ) );
#3640 = VECTOR( '', #4891, 1000.00000000000 );
#3641 = CARTESIAN_POINT( '', ( -1.41519026509541, -1.24435778713738, -0.725000000000000 ) );
#3642 = CARTESIAN_POINT( '', ( -1.41519026509541, -1.24000000000000, -0.725000000000000 ) );
#3643 = VECTOR( '', #4892, 1000.00000000000 );
#3644 = CARTESIAN_POINT( '', ( -2.45518754781834, -1.24435778713738, -0.725000000000000 ) );
#3645 = CARTESIAN_POINT( '', ( -2.50500000000000, -1.24435778713738, -0.725000000000000 ) );
#3646 = VECTOR( '', #4893, 1000.00000000000 );
#3647 = CARTESIAN_POINT( '', ( -2.55519026509542, -1.14435778713736, -0.725000000000000 ) );
#3648 = AXIS2_PLACEMENT_3D( '', #4894, #4895, #4896 );
#3649 = CARTESIAN_POINT( '', ( -2.55519026509542, 0.0756379910696442, -0.725000000000000 ) );
#3650 = CARTESIAN_POINT( '', ( -2.55519026509542, 0.0799999999999900, -0.725000000000000 ) );
#3651 = VECTOR( '', #4897, 1000.00000000000 );
#3652 = AXIS2_PLACEMENT_3D( '', #4898, #4899, #4900 );
#3653 = COLOUR_RGB( '', 0.117647059261799, 0.117647059261799, 0.117647059261799 );
#3654 = CARTESIAN_POINT( '', ( -1.20891012660909, -0.789357787137383, -1.33500000000000 ) );
#3655 = CARTESIAN_POINT( '', ( -1.20891012660909, -0.789357787137383, 1.33500000000000 ) );
#3656 = CARTESIAN_POINT( '', ( -1.20891012660909, -0.789357787137383, -1.30250000000000 ) );
#3657 = VECTOR( '', #4901, 1000.00000000000 );
#3658 = CARTESIAN_POINT( '', ( -2.03404235318150, -0.789357787137383, 1.33500000000000 ) );
#3659 = CARTESIAN_POINT( '', ( -2.06454329500400, -0.789357787137383, 1.33500000000000 ) );
#3660 = VECTOR( '', #4902, 1000.00000000000 );
#3661 = CARTESIAN_POINT( '', ( -2.03404235318150, -0.789357787137383, -1.33500000000000 ) );
#3662 = CARTESIAN_POINT( '', ( -2.03404235318150, -0.789357787137383, -1.30250000000000 ) );
#3663 = VECTOR( '', #4903, 1000.00000000000 );
#3664 = CARTESIAN_POINT( '', ( -2.06454329500400, -0.789357787137383, -1.33500000000000 ) );
#3665 = VECTOR( '', #4904, 1000.00000000000 );
#3666 = COLOUR_RGB( '', 0.568627476692200, 0.568627476692200, 0.568627476692200 );
#3667 = CARTESIAN_POINT( '', ( -0.0540192926045013, 1.00500000000000, -0.114308681672025 ) );
#3668 = CARTESIAN_POINT( '', ( -0.0540192926045013, 1.00500000000000, -0.114308681672025 ) );
#3669 = CARTESIAN_POINT( '', ( -0.0681672025723471, 1.00500000000000, -0.122347266881028 ) );
#3670 = CARTESIAN_POINT( '', ( -0.0826366559485531, 1.00500000000000, -0.126527331189710 ) );
#3671 = CARTESIAN_POINT( '', ( -0.109324758842443, 1.00500000000000, -0.126527331189710 ) );
#3672 = CARTESIAN_POINT( '', ( -0.120900321543408, 1.00500000000000, -0.122668810289388 ) );
#3673 = CARTESIAN_POINT( '', ( -0.130868167202572, 1.00500000000000, -0.114630225080385 ) );
#3674 = CARTESIAN_POINT( '', ( -0.140873722240018, 1.00500000000000, -0.106561229082445 ) );
#3675 = CARTESIAN_POINT( '', ( -0.148231511254019, 1.00500000000000, -0.0959807073954977 ) );
#3676 = CARTESIAN_POINT( '', ( -0.152733118971061, 1.00500000000000, -0.0821543408360122 ) );
#3677 = CARTESIAN_POINT( '', ( -0.159596694942571, 1.00500000000000, -0.0610733574949484 ) );
#3678 = CARTESIAN_POINT( '', ( -0.162700964630224, 1.00500000000000, -0.0377813504823145 ) );
#3679 = CARTESIAN_POINT( '', ( -0.162700964630224, 1.00500000000000, -0.0127009646302244 ) );
#3680 = CARTESIAN_POINT( '', ( -0.162700964630224, 1.00500000000000, 0.0483922829582000 ) );
#3681 = CARTESIAN_POINT( '', ( -0.162700964630224, 1.00500000000000, 0.109485530546624 ) );
#3682 = CARTESIAN_POINT( '', ( -0.162700964630224, 1.00500000000000, 0.170578778135049 ) );
#3683 = CARTESIAN_POINT( '', ( -0.0540192926045013, 1.00300000000000, -0.114308681672025 ) );
#3684 = CARTESIAN_POINT( '', ( -0.0540192926045013, 1.00300000000000, -0.114308681672025 ) );
#3685 = VECTOR( '', #4905, 1000.00000000000 );
#3686 = CARTESIAN_POINT( '', ( -0.0540192926045013, 1.00300000000000, -0.114308681672025 ) );
#3687 = CARTESIAN_POINT( '', ( -0.0681672025723471, 1.00300000000000, -0.122347266881028 ) );
#3688 = CARTESIAN_POINT( '', ( -0.0826366559485531, 1.00300000000000, -0.126527331189710 ) );
#3689 = CARTESIAN_POINT( '', ( -0.109324758842443, 1.00300000000000, -0.126527331189710 ) );
#3690 = CARTESIAN_POINT( '', ( -0.120900321543408, 1.00300000000000, -0.122668810289388 ) );
#3691 = CARTESIAN_POINT( '', ( -0.130868167202572, 1.00300000000000, -0.114630225080385 ) );
#3692 = CARTESIAN_POINT( '', ( -0.140873722240018, 1.00300000000000, -0.106561229082445 ) );
#3693 = CARTESIAN_POINT( '', ( -0.148231511254019, 1.00300000000000, -0.0959807073954977 ) );
#3694 = CARTESIAN_POINT( '', ( -0.152733118971061, 1.00300000000000, -0.0821543408360122 ) );
#3695 = CARTESIAN_POINT( '', ( -0.159596694942571, 1.00300000000000, -0.0610733574949484 ) );
#3696 = CARTESIAN_POINT( '', ( -0.162700964630224, 1.00300000000000, -0.0377813504823145 ) );
#3697 = CARTESIAN_POINT( '', ( -0.162700964630224, 1.00300000000000, -0.0127009646302244 ) );
#3698 = CARTESIAN_POINT( '', ( -0.162700964630224, 1.00300000000000, 0.0483922829582000 ) );
#3699 = CARTESIAN_POINT( '', ( -0.162700964630224, 1.00300000000000, 0.109485530546624 ) );
#3700 = CARTESIAN_POINT( '', ( -0.162700964630224, 1.00300000000000, 0.170578778135049 ) );
#3701 = COLOUR_RGB( '', 0.568627476692200, 0.568627476692200, 0.568627476692200 );
#3702 = CARTESIAN_POINT( '', ( 0.00353697749196148, 1.00500000000000, -0.312379421221865 ) );
#3703 = CARTESIAN_POINT( '', ( 0.0627009646302249, 1.00500000000000, -0.312379421221865 ) );
#3704 = CARTESIAN_POINT( '', ( 0.00353697749196148, 1.00500000000000, -0.312379421221865 ) );
#3705 = CARTESIAN_POINT( '', ( 0.0627009646302249, 1.00500000000000, -0.312379421221865 ) );
#3706 = CARTESIAN_POINT( '', ( 0.00353697749196148, 1.00300000000000, -0.312379421221865 ) );
#3707 = CARTESIAN_POINT( '', ( 0.00353697749196148, 1.00300000000000, -0.312379421221865 ) );
#3708 = VECTOR( '', #4906, 1000.00000000000 );
#3709 = CARTESIAN_POINT( '', ( 0.0627009646302249, 1.00300000000000, -0.312379421221865 ) );
#3710 = CARTESIAN_POINT( '', ( 0.00353697749196148, 1.00300000000000, -0.312379421221865 ) );
#3711 = CARTESIAN_POINT( '', ( 0.0627009646302249, 1.00300000000000, -0.312379421221865 ) );
#3712 = CARTESIAN_POINT( '', ( 0.0627009646302249, 1.00300000000000, -0.312379421221865 ) );
#3713 = VECTOR( '', #4907, 1000.00000000000 );
#3714 = COLOUR_RGB( '', 0.568627476692200, 0.568627476692200, 0.568627476692200 );
#3715 = CARTESIAN_POINT( '', ( 0.0627009646302250, 1.00500000000000, 0.170578778135049 ) );
#3716 = CARTESIAN_POINT( '', ( 0.00353697749196164, 1.00500000000000, 0.170578778135049 ) );
#3717 = CARTESIAN_POINT( '', ( 0.0627009646302250, 1.00500000000000, 0.170578778135049 ) );
#3718 = CARTESIAN_POINT( '', ( 0.00353697749196164, 1.00500000000000, 0.170578778135049 ) );
#3719 = CARTESIAN_POINT( '', ( 0.0627009646302250, 1.00300000000000, 0.170578778135049 ) );
#3720 = CARTESIAN_POINT( '', ( 0.0627009646302250, 1.00300000000000, 0.170578778135049 ) );
#3721 = VECTOR( '', #4908, 1000.00000000000 );
#3722 = CARTESIAN_POINT( '', ( 0.00353697749196164, 1.00300000000000, 0.170578778135049 ) );
#3723 = CARTESIAN_POINT( '', ( 0.0627009646302250, 1.00300000000000, 0.170578778135049 ) );
#3724 = CARTESIAN_POINT( '', ( 0.00353697749196164, 1.00300000000000, 0.170578778135049 ) );
#3725 = CARTESIAN_POINT( '', ( 0.00353697749196164, 1.00300000000000, 0.170578778135049 ) );
#3726 = VECTOR( '', #4909, 1000.00000000000 );
#3727 = COLOUR_RGB( '', 0.568627476692200, 0.568627476692200, 0.568627476692200 );
#3728 = CARTESIAN_POINT( '', ( -0.919614147909968, 1.00500000000000, 0.101125401929261 ) );
#3729 = CARTESIAN_POINT( '', ( -0.777170418006431, 1.00500000000000, -0.312379421221864 ) );
#3730 = CARTESIAN_POINT( '', ( -0.919614147909968, 1.00500000000000, 0.101125401929261 ) );
#3731 = CARTESIAN_POINT( '', ( -0.914147909967846, 1.00500000000000, 0.0834405144694543 ) );
#3732 = CARTESIAN_POINT( '', ( -0.905466237942122, 1.00500000000000, 0.0577170418006440 ) );
#3733 = CARTESIAN_POINT( '', ( -0.893890675241157, 1.00500000000000, 0.0236334405144704 ) );
#3734 = CARTESIAN_POINT( '', ( -0.855761764352710, 1.00500000000000, -0.0886350193237351 ) );
#3735 = CARTESIAN_POINT( '', ( -0.816077170418006, 1.00500000000000, -0.200375133976419 ) );
#3736 = CARTESIAN_POINT( '', ( -0.777170418006431, 1.00500000000000, -0.312379421221864 ) );
#3737 = CARTESIAN_POINT( '', ( -0.919614147909968, 1.00300000000000, 0.101125401929261 ) );
#3738 = CARTESIAN_POINT( '', ( -0.919614147909968, 1.00300000000000, 0.101125401929261 ) );
#3739 = VECTOR( '', #4910, 1000.00000000000 );
#3740 = CARTESIAN_POINT( '', ( -0.777170418006431, 1.00300000000000, -0.312379421221864 ) );
#3741 = CARTESIAN_POINT( '', ( -0.919614147909968, 1.00300000000000, 0.101125401929261 ) );
#3742 = CARTESIAN_POINT( '', ( -0.914147909967846, 1.00300000000000, 0.0834405144694543 ) );
#3743 = CARTESIAN_POINT( '', ( -0.905466237942122, 1.00300000000000, 0.0577170418006440 ) );
#3744 = CARTESIAN_POINT( '', ( -0.893890675241157, 1.00300000000000, 0.0236334405144704 ) );
#3745 = CARTESIAN_POINT( '', ( -0.855761764352710, 1.00300000000000, -0.0886350193237351 ) );
#3746 = CARTESIAN_POINT( '', ( -0.816077170418006, 1.00300000000000, -0.200375133976419 ) );
#3747 = CARTESIAN_POINT( '', ( -0.777170418006431, 1.00300000000000, -0.312379421221864 ) );
#3748 = CARTESIAN_POINT( '', ( -0.777170418006431, 1.00300000000000, -0.312379421221864 ) );
#3749 = VECTOR( '', #4911, 1000.00000000000 );
#3750 = COLOUR_RGB( '', 0.568627476692200, 0.568627476692200, 0.568627476692200 );
#3751 = CARTESIAN_POINT( '', ( -0.294212218649518, 1.00500000000000, 0.170578778135049 ) );
#3752 = CARTESIAN_POINT( '', ( -0.355305466237942, 1.00500000000000, 0.170578778135049 ) );
#3753 = CARTESIAN_POINT( '', ( -0.294212218649518, 1.00500000000000, 0.170578778135049 ) );
#3754 = CARTESIAN_POINT( '', ( -0.314576634512325, 1.00500000000000, 0.170578778135049 ) );
#3755 = CARTESIAN_POINT( '', ( -0.334941050375134, 1.00500000000000, 0.170578778135049 ) );
#3756 = CARTESIAN_POINT( '', ( -0.355305466237942, 1.00500000000000, 0.170578778135049 ) );
#3757 = CARTESIAN_POINT( '', ( -0.294212218649518, 1.00300000000000, 0.170578778135049 ) );
#3758 = CARTESIAN_POINT( '', ( -0.294212218649518, 1.00300000000000, 0.170578778135049 ) );
#3759 = VECTOR( '', #4912, 1000.00000000000 );
#3760 = CARTESIAN_POINT( '', ( -0.355305466237942, 1.00300000000000, 0.170578778135049 ) );
#3761 = CARTESIAN_POINT( '', ( -0.294212218649518, 1.00300000000000, 0.170578778135049 ) );
#3762 = CARTESIAN_POINT( '', ( -0.314576634512325, 1.00300000000000, 0.170578778135049 ) );
#3763 = CARTESIAN_POINT( '', ( -0.334941050375134, 1.00300000000000, 0.170578778135049 ) );
#3764 = CARTESIAN_POINT( '', ( -0.355305466237942, 1.00300000000000, 0.170578778135049 ) );
#3765 = CARTESIAN_POINT( '', ( -0.355305466237942, 1.00300000000000, 0.170578778135049 ) );
#3766 = VECTOR( '', #4913, 1000.00000000000 );
#3767 = COLOUR_RGB( '', 0.568627476692200, 0.568627476692200, 0.568627476692200 );
#3768 = CARTESIAN_POINT( '', ( 0.855627009646303, 1.00500000000000, 0.199196141479100 ) );
#3769 = CARTESIAN_POINT( '', ( 0.913504823151126, 1.00500000000000, 0.206913183279743 ) );
#3770 = CARTESIAN_POINT( '', ( 0.855627009646303, 1.00500000000000, 0.199196141479100 ) );
#3771 = CARTESIAN_POINT( '', ( 0.874919614147910, 1.00500000000000, 0.201768488745981 ) );
#3772 = CARTESIAN_POINT( '', ( 0.894212218649518, 1.00500000000000, 0.204340836012862 ) );
#3773 = CARTESIAN_POINT( '', ( 0.913504823151126, 1.00500000000000, 0.206913183279743 ) );
#3774 = CARTESIAN_POINT( '', ( 0.855627009646303, 1.00300000000000, 0.199196141479100 ) );
#3775 = CARTESIAN_POINT( '', ( 0.855627009646303, 1.00300000000000, 0.199196141479100 ) );
#3776 = VECTOR( '', #4914, 1000.00000000000 );
#3777 = CARTESIAN_POINT( '', ( 0.913504823151126, 1.00300000000000, 0.206913183279743 ) );
#3778 = CARTESIAN_POINT( '', ( 0.855627009646303, 1.00300000000000, 0.199196141479100 ) );
#3779 = CARTESIAN_POINT( '', ( 0.874919614147910, 1.00300000000000, 0.201768488745981 ) );
#3780 = CARTESIAN_POINT( '', ( 0.894212218649518, 1.00300000000000, 0.204340836012862 ) );
#3781 = CARTESIAN_POINT( '', ( 0.913504823151126, 1.00300000000000, 0.206913183279743 ) );
#3782 = CARTESIAN_POINT( '', ( 0.913504823151126, 1.00300000000000, 0.206913183279743 ) );
#3783 = VECTOR( '', #4915, 1000.00000000000 );
#3784 = COLOUR_RGB( '', 0.117647059261799, 0.117647059261799, 0.117647059261799 );
#3785 = CARTESIAN_POINT( '', ( 2.04897161232565, 1.00500000000000, -1.33500000000000 ) );
#3786 = CARTESIAN_POINT( '', ( 2.04897161232565, 1.00500000000000, 1.33500000000000 ) );
#3787 = CARTESIAN_POINT( '', ( 2.04897161232565, 1.00500000000000, -1.30250000000000 ) );
#3788 = VECTOR( '', #4916, 1000.00000000000 );
#3789 = CARTESIAN_POINT( '', ( 2.11999996509542, 0.193142212862617, 1.33500000000000 ) );
#3790 = CARTESIAN_POINT( '', ( 2.11999996509542, 0.193142212862617, 1.33500000000000 ) );
#3791 = VECTOR( '', #4917, 1000.00000000000 );
#3792 = CARTESIAN_POINT( '', ( 2.11999996509542, 0.193142212862617, -1.33500000000000 ) );
#3793 = CARTESIAN_POINT( '', ( 2.11999996509542, 0.193142212862617, -1.30250000000000 ) );
#3794 = VECTOR( '', #4918, 1000.00000000000 );
#3795 = CARTESIAN_POINT( '', ( 2.11999996509542, 0.193142212862617, -1.33500000000000 ) );
#3796 = VECTOR( '', #4919, 1000.00000000000 );
#3797 = COLOUR_RGB( '', 0.568627476692200, 0.568627476692200, 0.568627476692200 );
#3798 = CARTESIAN_POINT( '', ( 0.544051446945338, 1.00500000000000, -0.130064308681672 ) );
#3799 = CARTESIAN_POINT( '', ( 0.775562700964631, 1.00500000000000, 0.170578778135048 ) );
#3800 = CARTESIAN_POINT( '', ( 0.544051446945338, 1.00500000000000, -0.130064308681672 ) );
#3801 = CARTESIAN_POINT( '', ( 0.569774919614148, 1.00500000000000, -0.168327974276527 ) );
#3802 = CARTESIAN_POINT( '', ( 0.607073954983923, 1.00500000000000, -0.187620578778134 ) );
#3803 = CARTESIAN_POINT( '', ( 0.676848874598071, 1.00500000000000, -0.187620578778134 ) );
#3804 = CARTESIAN_POINT( '', ( 0.696141479099679, 1.00500000000000, -0.183762057877813 ) );
#3805 = CARTESIAN_POINT( '', ( 0.713826366559486, 1.00500000000000, -0.176366559485530 ) );
#3806 = CARTESIAN_POINT( '', ( 0.731625703206568, 1.00500000000000, -0.168923200524023 ) );
#3807 = CARTESIAN_POINT( '', ( 0.745016077170418, 1.00500000000000, -0.158681672025723 ) );
#3808 = CARTESIAN_POINT( '', ( 0.753697749196142, 1.00500000000000, -0.146463022508038 ) );
#3809 = CARTESIAN_POINT( '', ( 0.762531240613019, 1.00500000000000, -0.134030701254655 ) );
#3810 = CARTESIAN_POINT( '', ( 0.768810289389068, 1.00500000000000, -0.119453376205787 ) );
#3811 = CARTESIAN_POINT( '', ( 0.772025723472669, 1.00500000000000, -0.102411575562701 ) );
#3812 = CARTESIAN_POINT( '', ( 0.774094919967856, 1.00500000000000, -0.0914448341382046 ) );
#3813 = CARTESIAN_POINT( '', ( 0.775562700964631, 1.00500000000000, -0.0721864951768486 ) );
#3814 = CARTESIAN_POINT( '', ( 0.775562700964631, 1.00500000000000, -0.0448553054662376 ) );
#3815 = CARTESIAN_POINT( '', ( 0.775562700964631, 1.00500000000000, 0.0269560557341911 ) );
#3816 = CARTESIAN_POINT( '', ( 0.775562700964631, 1.00500000000000, 0.0987674169346198 ) );
#3817 = CARTESIAN_POINT( '', ( 0.775562700964631, 1.00500000000000, 0.170578778135048 ) );
#3818 = CARTESIAN_POINT( '', ( 0.544051446945338, 1.00300000000000, -0.130064308681672 ) );
#3819 = CARTESIAN_POINT( '', ( 0.544051446945338, 1.00300000000000, -0.130064308681672 ) );
#3820 = VECTOR( '', #4920, 1000.00000000000 );
#3821 = CARTESIAN_POINT( '', ( 0.775562700964631, 1.00300000000000, 0.170578778135048 ) );
#3822 = CARTESIAN_POINT( '', ( 0.544051446945338, 1.00300000000000, -0.130064308681672 ) );
#3823 = CARTESIAN_POINT( '', ( 0.569774919614148, 1.00300000000000, -0.168327974276527 ) );
#3824 = CARTESIAN_POINT( '', ( 0.607073954983923, 1.00300000000000, -0.187620578778134 ) );
#3825 = CARTESIAN_POINT( '', ( 0.676848874598071, 1.00300000000000, -0.187620578778134 ) );
#3826 = CARTESIAN_POINT( '', ( 0.696141479099679, 1.00300000000000, -0.183762057877813 ) );
#3827 = CARTESIAN_POINT( '', ( 0.713826366559486, 1.00300000000000, -0.176366559485530 ) );
#3828 = CARTESIAN_POINT( '', ( 0.731625703206568, 1.00300000000000, -0.168923200524023 ) );
#3829 = CARTESIAN_POINT( '', ( 0.745016077170418, 1.00300000000000, -0.158681672025723 ) );
#3830 = CARTESIAN_POINT( '', ( 0.753697749196142, 1.00300000000000, -0.146463022508038 ) );
#3831 = CARTESIAN_POINT( '', ( 0.762531240613019, 1.00300000000000, -0.134030701254655 ) );
#3832 = CARTESIAN_POINT( '', ( 0.768810289389068, 1.00300000000000, -0.119453376205787 ) );
#3833 = CARTESIAN_POINT( '', ( 0.772025723472669, 1.00300000000000, -0.102411575562701 ) );
#3834 = CARTESIAN_POINT( '', ( 0.774094919967856, 1.00300000000000, -0.0914448341382046 ) );
#3835 = CARTESIAN_POINT( '', ( 0.775562700964631, 1.00300000000000, -0.0721864951768486 ) );
#3836 = CARTESIAN_POINT( '', ( 0.775562700964631, 1.00300000000000, -0.0448553054662376 ) );
#3837 = CARTESIAN_POINT( '', ( 0.775562700964631, 1.00300000000000, 0.0269560557341911 ) );
#3838 = CARTESIAN_POINT( '', ( 0.775562700964631, 1.00300000000000, 0.0987674169346198 ) );
#3839 = CARTESIAN_POINT( '', ( 0.775562700964631, 1.00300000000000, 0.170578778135048 ) );
#3840 = CARTESIAN_POINT( '', ( 0.775562700964631, 1.00300000000000, 0.170578778135048 ) );
#3841 = VECTOR( '', #4921, 1000.00000000000 );
#3842 = COLOUR_RGB( '', 0.568627476692200, 0.568627476692200, 0.568627476692200 );
#3843 = CARTESIAN_POINT( '', ( 1.09389067524116, 1.00500000000000, 0.125241157556270 ) );
#3844 = CARTESIAN_POINT( '', ( 0.913504823151126, 1.00500000000000, 0.206913183279743 ) );
#3845 = CARTESIAN_POINT( '', ( 0.915755627009647, 1.00500000000000, 0.225241157556271 ) );
#3846 = CARTESIAN_POINT( '', ( 0.922508038585210, 1.00500000000000, 0.238424437299036 ) );
#3847 = CARTESIAN_POINT( '', ( 0.933762057877814, 1.00500000000000, 0.246784565916399 ) );
#3848 = CARTESIAN_POINT( '', ( 0.948680589501887, 1.00500000000000, 0.257866903694282 ) );
#3849 = CARTESIAN_POINT( '', ( 0.968810289389068, 1.00500000000000, 0.263826366559486 ) );
#3850 = CARTESIAN_POINT( '', ( 1.02250803858521, 1.00500000000000, 0.263826366559485 ) );
#3851 = CARTESIAN_POINT( '', ( 1.04372990353698, 1.00500000000000, 0.258360128617363 ) );
#3852 = CARTESIAN_POINT( '', ( 1.07395498392283, 1.00500000000000, 0.236495176848875 ) );
#3853 = CARTESIAN_POINT( '', ( 1.08424437299035, 1.00500000000000, 0.221061093247588 ) );
#3854 = CARTESIAN_POINT( '', ( 1.08938906752412, 1.00500000000000, 0.201125401929261 ) );
#3855 = CARTESIAN_POINT( '', ( 1.09246835542310, 1.00500000000000, 0.189193161320681 ) );
#3856 = CARTESIAN_POINT( '', ( 1.09389067524116, 1.00500000000000, 0.163826366559486 ) );
#3857 = CARTESIAN_POINT( '', ( 1.09389067524116, 1.00500000000000, 0.125241157556270 ) );
#3858 = CARTESIAN_POINT( '', ( 1.09389067524116, 1.00300000000000, 0.125241157556270 ) );
#3859 = CARTESIAN_POINT( '', ( 0.913504823151126, 1.00300000000000, 0.206913183279743 ) );
#3860 = CARTESIAN_POINT( '', ( 0.915755627009647, 1.00300000000000, 0.225241157556271 ) );
#3861 = CARTESIAN_POINT( '', ( 0.922508038585210, 1.00300000000000, 0.238424437299036 ) );
#3862 = CARTESIAN_POINT( '', ( 0.933762057877814, 1.00300000000000, 0.246784565916399 ) );
#3863 = CARTESIAN_POINT( '', ( 0.948680589501887, 1.00300000000000, 0.257866903694282 ) );
#3864 = CARTESIAN_POINT( '', ( 0.968810289389068, 1.00300000000000, 0.263826366559486 ) );
#3865 = CARTESIAN_POINT( '', ( 1.02250803858521, 1.00300000000000, 0.263826366559485 ) );
#3866 = CARTESIAN_POINT( '', ( 1.04372990353698, 1.00300000000000, 0.258360128617363 ) );
#3867 = CARTESIAN_POINT( '', ( 1.07395498392283, 1.00300000000000, 0.236495176848875 ) );
#3868 = CARTESIAN_POINT( '', ( 1.08424437299035, 1.00300000000000, 0.221061093247588 ) );
#3869 = CARTESIAN_POINT( '', ( 1.08938906752412, 1.00300000000000, 0.201125401929261 ) );
#3870 = CARTESIAN_POINT( '', ( 1.09246835542310, 1.00300000000000, 0.189193161320681 ) );
#3871 = CARTESIAN_POINT( '', ( 1.09389067524116, 1.00300000000000, 0.163826366559486 ) );
#3872 = CARTESIAN_POINT( '', ( 1.09389067524116, 1.00300000000000, 0.125241157556270 ) );
#3873 = CARTESIAN_POINT( '', ( 1.09389067524116, 1.00300000000000, 0.125241157556270 ) );
#3874 = VECTOR( '', #4922, 1000.00000000000 );
#3875 = COLOUR_RGB( '', 0.568627476692200, 0.568627476692200, 0.568627476692200 );
#3876 = CARTESIAN_POINT( '', ( -1.43891012660909, 1.00300000000000, 1.33500000000000 ) );
#3877 = CARTESIAN_POINT( '', ( -1.43891012660909, 1.00300000000000, 1.33500000000000 ) );
#3878 = VECTOR( '', #4923, 1000.00000000000 );
#3879 = CARTESIAN_POINT( '', ( -1.43891012660909, 1.00300000000000, -1.33500000000000 ) );
#3880 = CARTESIAN_POINT( '', ( -1.43891012660909, 1.00300000000000, 1.33500000000000 ) );
#3881 = VECTOR( '', #4924, 1000.00000000000 );
#3882 = CARTESIAN_POINT( '', ( -1.43891012660909, 1.00300000000000, -1.33500000000000 ) );
#3883 = VECTOR( '', #4925, 1000.00000000000 );
#3884 = COLOUR_RGB( '', 0.568627476692200, 0.568627476692200, 0.568627476692200 );
#3885 = CARTESIAN_POINT( '', ( -0.0334405144694533, 1.00300000000000, -0.168649517684887 ) );
#3886 = CARTESIAN_POINT( '', ( -0.0334405144694533, 1.00300000000000, -0.168649517684887 ) );
#3887 = CARTESIAN_POINT( '', ( -0.0403001071811359, 1.00300000000000, -0.150535905680600 ) );
#3888 = CARTESIAN_POINT( '', ( -0.0471596998928187, 1.00300000000000, -0.132422293676312 ) );
#3889 = CARTESIAN_POINT( '', ( -0.0540192926045013, 1.00300000000000, -0.114308681672025 ) );
#3890 = CARTESIAN_POINT( '', ( -0.168167202572348, 1.00300000000000, -0.126848874598070 ) );
#3891 = CARTESIAN_POINT( '', ( -0.168167202572348, 1.00300000000000, -0.126848874598070 ) );
#3892 = CARTESIAN_POINT( '', ( -0.154662379421222, 1.00300000000000, -0.151607717041800 ) );
#3893 = CARTESIAN_POINT( '', ( -0.142443729903537, 1.00300000000000, -0.168006430868167 ) );
#3894 = CARTESIAN_POINT( '', ( -0.131189710610933, 1.00300000000000, -0.175723472668810 ) );
#3895 = CARTESIAN_POINT( '', ( -0.119567014395361, 1.00300000000000, -0.183693321502345 ) );
#3896 = CARTESIAN_POINT( '', ( -0.107073954983923, 1.00300000000000, -0.187620578778134 ) );
#3897 = CARTESIAN_POINT( '', ( -0.0736334405144693, 1.00300000000000, -0.187620578778134 ) );
#3898 = CARTESIAN_POINT( '', ( -0.0536977491961412, 1.00300000000000, -0.181189710610932 ) );
#3899 = CARTESIAN_POINT( '', ( -0.0334405144694533, 1.00300000000000, -0.168649517684887 ) );
#3900 = CARTESIAN_POINT( '', ( -0.168167202572348, 1.00300000000000, -0.179903536977492 ) );
#3901 = CARTESIAN_POINT( '', ( -0.168167202572348, 1.00300000000000, -0.179903536977492 ) );
#3902 = CARTESIAN_POINT( '', ( -0.168167202572348, 1.00300000000000, -0.162218649517685 ) );
#3903 = CARTESIAN_POINT( '', ( -0.168167202572348, 1.00300000000000, -0.144533762057877 ) );
#3904 = CARTESIAN_POINT( '', ( -0.168167202572348, 1.00300000000000, -0.126848874598070 ) );
#3905 = CARTESIAN_POINT( '', ( -0.221543408360129, 1.00300000000000, -0.179903536977492 ) );
#3906 = CARTESIAN_POINT( '', ( -0.221543408360129, 1.00300000000000, -0.179903536977492 ) );
#3907 = CARTESIAN_POINT( '', ( -0.203751339764201, 1.00300000000000, -0.179903536977492 ) );
#3908 = CARTESIAN_POINT( '', ( -0.185959271168274, 1.00300000000000, -0.179903536977492 ) );
#3909 = CARTESIAN_POINT( '', ( -0.168167202572348, 1.00300000000000, -0.179903536977492 ) );
#3910 = CARTESIAN_POINT( '', ( -0.221543408360128, 1.00300000000000, 0.170578778135049 ) );
#3911 = CARTESIAN_POINT( '', ( -0.221543408360128, 1.00300000000000, 0.0537513397642022 ) );
#3912 = CARTESIAN_POINT( '', ( -0.221543408360128, 1.00300000000000, -0.0630760986066445 ) );
#3913 = CARTESIAN_POINT( '', ( -0.221543408360129, 1.00300000000000, -0.179903536977492 ) );
#3914 = COLOUR_RGB( '', 0.568627476692200, 0.568627476692200, 0.568627476692200 );
#3915 = CARTESIAN_POINT( '', ( 0.342122186495177, 1.00500000000000, 0.170578778135048 ) );
#3916 = CARTESIAN_POINT( '', ( 0.401286173633441, 1.00500000000000, 0.170578778135048 ) );
#3917 = CARTESIAN_POINT( '', ( 0.342122186495177, 1.00500000000000, 0.170578778135048 ) );
#3918 = CARTESIAN_POINT( '', ( 0.342122186495177, 1.00300000000000, 0.170578778135048 ) );
#3919 = CARTESIAN_POINT( '', ( 0.401286173633441, 1.00300000000000, 0.170578778135048 ) );
#3920 = CARTESIAN_POINT( '', ( 0.342122186495177, 1.00300000000000, 0.170578778135048 ) );
#3921 = CARTESIAN_POINT( '', ( 0.342122186495177, 1.00300000000000, 0.170578778135048 ) );
#3922 = VECTOR( '', #4926, 1000.00000000000 );
#3923 = COLOUR_RGB( '', 0.117647059261799, 0.117647059261799, 0.117647059261799 );
#3924 = CARTESIAN_POINT( '', ( -2.11999996509556, 0.193142212860925, 1.33500000000000 ) );
#3925 = CARTESIAN_POINT( '', ( -2.12066318088941, 0.200722804072594, 1.33500000000000 ) );
#3926 = VECTOR( '', #4927, 1000.00000000000 );
#3927 = CARTESIAN_POINT( '', ( -2.11999996509556, 0.193142212860925, -1.33500000000000 ) );
#3928 = CARTESIAN_POINT( '', ( -2.11999996509556, 0.193142212860925, -1.30250000000000 ) );
#3929 = VECTOR( '', #4928, 1000.00000000000 );
#3930 = CARTESIAN_POINT( '', ( -2.12066318088941, 0.200722804072594, -1.33500000000000 ) );
#3931 = VECTOR( '', #4929, 1000.00000000000 );
#3932 = CARTESIAN_POINT( '', ( -2.09834652087305, -0.0543577871373927, 0.725000000000000 ) );
#3933 = CARTESIAN_POINT( '', ( -2.09900973666640, -0.0467771959274154, 0.725000000000000 ) );
#3934 = VECTOR( '', #4930, 1000.00000000000 );
#3935 = CARTESIAN_POINT( '', ( -2.09834652087305, -0.0543577871373927, -1.30250000000000 ) );
#3936 = VECTOR( '', #4931, 1000.00000000000 );
#3937 = COLOUR_RGB( '', 0.568627476692200, 0.568627476692200, 0.568627476692200 );
#3938 = CARTESIAN_POINT( '', ( -0.221543408360129, 1.00500000000000, -0.179903536977492 ) );
#3939 = CARTESIAN_POINT( '', ( -0.168167202572348, 1.00500000000000, -0.179903536977492 ) );
#3940 = CARTESIAN_POINT( '', ( -0.221543408360129, 1.00500000000000, -0.179903536977492 ) );
#3941 = CARTESIAN_POINT( '', ( -0.203751339764201, 1.00500000000000, -0.179903536977492 ) );
#3942 = CARTESIAN_POINT( '', ( -0.185959271168274, 1.00500000000000, -0.179903536977492 ) );
#3943 = CARTESIAN_POINT( '', ( -0.168167202572348, 1.00500000000000, -0.179903536977492 ) );
#3944 = CARTESIAN_POINT( '', ( -0.221543408360129, 1.00300000000000, -0.179903536977492 ) );
#3945 = VECTOR( '', #4932, 1000.00000000000 );
#3946 = CARTESIAN_POINT( '', ( -0.168167202572348, 1.00300000000000, -0.179903536977492 ) );
#3947 = VECTOR( '', #4933, 1000.00000000000 );
#3948 = COLOUR_RGB( '', 0.117647059261799, 0.117647059261799, 0.117647059261799 );
#3949 = CARTESIAN_POINT( '', ( 2.03404235318149, -0.789357787137383, -1.33500000000000 ) );
#3950 = CARTESIAN_POINT( '', ( 2.03404235318149, -0.789357787137383, 1.33500000000000 ) );
#3951 = CARTESIAN_POINT( '', ( 2.03404235318149, -0.789357787137383, -1.30250000000000 ) );
#3952 = VECTOR( '', #4934, 1000.00000000000 );
#3953 = CARTESIAN_POINT( '', ( 1.20891012660941, -0.789357787137383, 1.33500000000000 ) );
#3954 = CARTESIAN_POINT( '', ( 1.20891012660941, -0.789357787137383, 1.33500000000000 ) );
#3955 = VECTOR( '', #4935, 1000.00000000000 );
#3956 = CARTESIAN_POINT( '', ( 1.20891012660941, -0.789357787137383, -1.33500000000000 ) );
#3957 = CARTESIAN_POINT( '', ( 1.20891012660941, -0.789357787137383, -1.30250000000000 ) );
#3958 = VECTOR( '', #4936, 1000.00000000000 );
#3959 = CARTESIAN_POINT( '', ( 1.20891012660941, -0.789357787137383, -1.33500000000000 ) );
#3960 = VECTOR( '', #4937, 1000.00000000000 );
#3961 = COLOUR_RGB( '', 0.117647059261799, 0.117647059261799, 0.117647059261799 );
#3962 = CARTESIAN_POINT( '', ( -0.471928071185430, -1.13000000000000, -1.33500000000000 ) );
#3963 = CARTESIAN_POINT( '', ( -0.471928071185430, -1.13000000000000, 1.33500000000000 ) );
#3964 = CARTESIAN_POINT( '', ( -0.471928071185430, -1.13000000000000, -1.30250000000000 ) );
#3965 = VECTOR( '', #4938, 1000.00000000000 );
#3966 = CARTESIAN_POINT( '', ( -1.24146858662091, -0.774308864596859, 1.33500000000000 ) );
#3967 = VECTOR( '', #4939, 1000.00000000000 );
#3968 = CARTESIAN_POINT( '', ( -1.24146858662091, -0.774308864596859, -1.33500000000000 ) );
#3969 = VECTOR( '', #4940, 1000.00000000000 );
#3970 = COLOUR_RGB( '', 0.568627476692200, 0.568627476692200, 0.568627476692200 );
#3971 = CARTESIAN_POINT( '', ( 0.342122186495177, 1.00500000000000, -0.179903536977492 ) );
#3972 = CARTESIAN_POINT( '', ( 0.342122186495177, 1.00500000000000, 0.170578778135048 ) );
#3973 = CARTESIAN_POINT( '', ( 0.342122186495177, 1.00500000000000, -0.179903536977492 ) );
#3974 = CARTESIAN_POINT( '', ( 0.342122186495177, 1.00300000000000, -0.179903536977492 ) );
#3975 = CARTESIAN_POINT( '', ( 0.342122186495177, 1.00300000000000, 0.170578778135048 ) );
#3976 = CARTESIAN_POINT( '', ( 0.342122186495177, 1.00300000000000, -0.179903536977492 ) );
#3977 = CARTESIAN_POINT( '', ( 0.342122186495177, 1.00300000000000, -0.179903536977492 ) );
#3978 = VECTOR( '', #4941, 1000.00000000000 );
#3979 = COLOUR_RGB( '', 0.819607853889465, 0.819607853889465, 0.819607853889465 );
#3980 = CARTESIAN_POINT( '', ( 2.45519026509541, 0.175642212862618, -0.725000000000000 ) );
#3981 = CARTESIAN_POINT( '', ( 2.11846891348341, 0.175642212862618, -0.725000000000000 ) );
#3982 = CARTESIAN_POINT( '', ( 2.45519026509541, 0.175642212862618, -0.725000000000000 ) );
#3983 = VECTOR( '', #4942, 1000.00000000000 );
#3984 = CARTESIAN_POINT( '', ( 2.11846891348341, 0.175642212862618, 0.725000000000000 ) );
#3985 = CARTESIAN_POINT( '', ( 2.11846891348341, 0.175642212862618, -0.725000000000000 ) );
#3986 = VECTOR( '', #4943, 1000.00000000000 );
#3987 = CARTESIAN_POINT( '', ( 2.45519026509541, 0.175642212862618, 0.725000000000000 ) );
#3988 = CARTESIAN_POINT( '', ( 2.45519026509541, 0.175642212862618, 0.725000000000000 ) );
#3989 = VECTOR( '', #4944, 1000.00000000000 );
#3990 = CARTESIAN_POINT( '', ( 2.45519026509541, 0.175642212862618, 0.725000000000000 ) );
#3991 = VECTOR( '', #4945, 1000.00000000000 );
#3992 = COLOUR_RGB( '', 0.568627476692200, 0.568627476692200, 0.568627476692200 );
#3993 = CARTESIAN_POINT( '', ( -1.05755627009646, 1.00500000000000, -0.312379421221864 ) );
#3994 = CARTESIAN_POINT( '', ( -1.05755627009646, 1.00500000000000, -0.312379421221864 ) );
#3995 = CARTESIAN_POINT( '', ( -1.01929260450161, 1.00500000000000, -0.198445873526259 ) );
#3996 = CARTESIAN_POINT( '', ( -0.981028938906752, 1.00500000000000, -0.0845123258306529 ) );
#3997 = CARTESIAN_POINT( '', ( -0.942765273311897, 1.00500000000000, 0.0294212218649527 ) );
#3998 = CARTESIAN_POINT( '', ( -0.931985536031757, 1.00500000000000, 0.0615188709651998 ) );
#3999 = CARTESIAN_POINT( '', ( -0.924437299035370, 1.00500000000000, 0.0853697749196151 ) );
#4000 = CARTESIAN_POINT( '', ( -0.919614147909968, 1.00500000000000, 0.101125401929261 ) );
#4001 = CARTESIAN_POINT( '', ( -1.05755627009646, 1.00300000000000, -0.312379421221864 ) );
#4002 = CARTESIAN_POINT( '', ( -1.05755627009646, 1.00300000000000, -0.312379421221864 ) );
#4003 = VECTOR( '', #4946, 1000.00000000000 );
#4004 = CARTESIAN_POINT( '', ( -1.05755627009646, 1.00300000000000, -0.312379421221864 ) );
#4005 = CARTESIAN_POINT( '', ( -1.01929260450161, 1.00300000000000, -0.198445873526259 ) );
#4006 = CARTESIAN_POINT( '', ( -0.981028938906752, 1.00300000000000, -0.0845123258306529 ) );
#4007 = CARTESIAN_POINT( '', ( -0.942765273311897, 1.00300000000000, 0.0294212218649527 ) );
#4008 = CARTESIAN_POINT( '', ( -0.931985536031757, 1.00300000000000, 0.0615188709651998 ) );
#4009 = CARTESIAN_POINT( '', ( -0.924437299035370, 1.00300000000000, 0.0853697749196151 ) );
#4010 = CARTESIAN_POINT( '', ( -0.919614147909968, 1.00300000000000, 0.101125401929261 ) );
#4011 = COLOUR_RGB( '', 0.568627476692200, 0.568627476692200, 0.568627476692200 );
#4012 = CARTESIAN_POINT( '', ( -0.168167202572348, 1.00500000000000, -0.126848874598070 ) );
#4013 = CARTESIAN_POINT( '', ( -0.0334405144694533, 1.00500000000000, -0.168649517684887 ) );
#4014 = CARTESIAN_POINT( '', ( -0.168167202572348, 1.00500000000000, -0.126848874598070 ) );
#4015 = CARTESIAN_POINT( '', ( -0.154662379421222, 1.00500000000000, -0.151607717041800 ) );
#4016 = CARTESIAN_POINT( '', ( -0.142443729903537, 1.00500000000000, -0.168006430868167 ) );
#4017 = CARTESIAN_POINT( '', ( -0.131189710610933, 1.00500000000000, -0.175723472668810 ) );
#4018 = CARTESIAN_POINT( '', ( -0.119567014395361, 1.00500000000000, -0.183693321502345 ) );
#4019 = CARTESIAN_POINT( '', ( -0.107073954983923, 1.00500000000000, -0.187620578778134 ) );
#4020 = CARTESIAN_POINT( '', ( -0.0736334405144693, 1.00500000000000, -0.187620578778134 ) );
#4021 = CARTESIAN_POINT( '', ( -0.0536977491961412, 1.00500000000000, -0.181189710610932 ) );
#4022 = CARTESIAN_POINT( '', ( -0.0334405144694533, 1.00500000000000, -0.168649517684887 ) );
#4023 = CARTESIAN_POINT( '', ( -0.168167202572348, 1.00300000000000, -0.126848874598070 ) );
#4024 = VECTOR( '', #4947, 1000.00000000000 );
#4025 = CARTESIAN_POINT( '', ( -0.0334405144694533, 1.00300000000000, -0.168649517684887 ) );
#4026 = VECTOR( '', #4948, 1000.00000000000 );
#4027 = COLOUR_RGB( '', 0.568627476692200, 0.568627476692200, 0.568627476692200 );
#4028 = CARTESIAN_POINT( '', ( -0.952090032154341, 1.00500000000000, 0.170578778135049 ) );
#4029 = CARTESIAN_POINT( '', ( -0.952090032154341, 1.00500000000000, 0.170578778135049 ) );
#4030 = CARTESIAN_POINT( '', ( -0.998606645230439, 1.00500000000000, 0.0333869239013943 ) );
#4031 = CARTESIAN_POINT( '', ( -1.04512325830654, 1.00500000000000, -0.103804930332260 ) );
#4032 = CARTESIAN_POINT( '', ( -1.09163987138264, 1.00500000000000, -0.240996784565916 ) );
#4033 = CARTESIAN_POINT( '', ( -0.952090032154341, 1.00300000000000, 0.170578778135049 ) );
#4034 = CARTESIAN_POINT( '', ( -0.952090032154341, 1.00300000000000, 0.170578778135049 ) );
#4035 = VECTOR( '', #4949, 1000.00000000000 );
#4036 = CARTESIAN_POINT( '', ( -0.952090032154341, 1.00300000000000, 0.170578778135049 ) );
#4037 = CARTESIAN_POINT( '', ( -0.998606645230439, 1.00300000000000, 0.0333869239013943 ) );
#4038 = CARTESIAN_POINT( '', ( -1.04512325830654, 1.00300000000000, -0.103804930332260 ) );
#4039 = CARTESIAN_POINT( '', ( -1.09163987138264, 1.00300000000000, -0.240996784565916 ) );
#4040 = COLOUR_RGB( '', 0.568627476692200, 0.568627476692200, 0.568627476692200 );
#4041 = CARTESIAN_POINT( '', ( -0.534726688102894, 1.00500000000000, 0.116237942122187 ) );
#4042 = CARTESIAN_POINT( '', ( -0.371382636655949, 1.00500000000000, -0.00498392282958126 ) );
#4043 = CARTESIAN_POINT( '', ( -0.534726688102894, 1.00500000000000, 0.116237942122187 ) );
#4044 = CARTESIAN_POINT( '', ( -0.522486539652765, 1.00500000000000, 0.126824016457434 ) );
#4045 = CARTESIAN_POINT( '', ( -0.505144694533762, 1.00500000000000, 0.132315112540194 ) );
#4046 = CARTESIAN_POINT( '', ( -0.481993569131832, 1.00500000000000, 0.131993569131834 ) );
#4047 = CARTESIAN_POINT( '', ( -0.458851373768631, 1.00500000000000, 0.131672149751789 ) );
#4048 = CARTESIAN_POINT( '', ( -0.438585209003215, 1.00500000000000, 0.127170418006432 ) );
#4049 = CARTESIAN_POINT( '', ( -0.420578778135048, 1.00500000000000, 0.117202572347268 ) );
#4050 = CARTESIAN_POINT( '', ( -0.402818468850629, 1.00500000000000, 0.107370972564821 ) );
#4051 = CARTESIAN_POINT( '', ( -0.389710610932476, 1.00500000000000, 0.0934083601286182 ) );
#4052 = CARTESIAN_POINT( '', ( -0.381350482315113, 1.00500000000000, 0.0760450160771712 ) );
#4053 = CARTESIAN_POINT( '', ( -0.374987288651451, 1.00500000000000, 0.0628291523141822 ) );
#4054 = CARTESIAN_POINT( '', ( -0.371704180064308, 1.00500000000000, 0.0429260450160779 ) );
#4055 = CARTESIAN_POINT( '', ( -0.371704180064308, 1.00500000000000, 0.0165594855305473 ) );
#4056 = CARTESIAN_POINT( '', ( -0.371704180064308, 1.00500000000000, 0.00937834941050451 ) );
#4057 = CARTESIAN_POINT( '', ( -0.371489817792069, 1.00500000000000, 0.00219721329046162 ) );
#4058 = CARTESIAN_POINT( '', ( -0.371382636655949, 1.00500000000000, -0.00498392282958126 ) );
#4059 = CARTESIAN_POINT( '', ( -0.534726688102894, 1.00300000000000, 0.116237942122187 ) );
#4060 = CARTESIAN_POINT( '', ( -0.534726688102894, 1.00300000000000, 0.116237942122187 ) );
#4061 = VECTOR( '', #4950, 1000.00000000000 );
#4062 = CARTESIAN_POINT( '', ( -0.371382636655949, 1.00300000000000, -0.00498392282958126 ) );
#4063 = CARTESIAN_POINT( '', ( -0.534726688102894, 1.00300000000000, 0.116237942122187 ) );
#4064 = CARTESIAN_POINT( '', ( -0.522486539652765, 1.00300000000000, 0.126824016457434 ) );
#4065 = CARTESIAN_POINT( '', ( -0.505144694533762, 1.00300000000000, 0.132315112540194 ) );
#4066 = CARTESIAN_POINT( '', ( -0.481993569131832, 1.00300000000000, 0.131993569131834 ) );
#4067 = CARTESIAN_POINT( '', ( -0.458851373768631, 1.00300000000000, 0.131672149751789 ) );
#4068 = CARTESIAN_POINT( '', ( -0.438585209003215, 1.00300000000000, 0.127170418006432 ) );
#4069 = CARTESIAN_POINT( '', ( -0.420578778135048, 1.00300000000000, 0.117202572347268 ) );
#4070 = CARTESIAN_POINT( '', ( -0.402818468850629, 1.00300000000000, 0.107370972564821 ) );
#4071 = CARTESIAN_POINT( '', ( -0.389710610932476, 1.00300000000000, 0.0934083601286182 ) );
#4072 = CARTESIAN_POINT( '', ( -0.381350482315113, 1.00300000000000, 0.0760450160771712 ) );
#4073 = CARTESIAN_POINT( '', ( -0.374987288651451, 1.00300000000000, 0.0628291523141822 ) );
#4074 = CARTESIAN_POINT( '', ( -0.371704180064308, 1.00300000000000, 0.0429260450160779 ) );
#4075 = CARTESIAN_POINT( '', ( -0.371704180064308, 1.00300000000000, 0.0165594855305473 ) );
#4076 = CARTESIAN_POINT( '', ( -0.371704180064308, 1.00300000000000, 0.00937834941050451 ) );
#4077 = CARTESIAN_POINT( '', ( -0.371489817792069, 1.00300000000000, 0.00219721329046162 ) );
#4078 = CARTESIAN_POINT( '', ( -0.371382636655949, 1.00300000000000, -0.00498392282958126 ) );
#4079 = CARTESIAN_POINT( '', ( -0.371382636655949, 1.00300000000000, -0.00498392282958126 ) );
#4080 = VECTOR( '', #4951, 1000.00000000000 );
#4081 = COLOUR_RGB( '', 0.568627476692200, 0.568627476692200, 0.568627476692200 );
#4082 = CARTESIAN_POINT( '', ( 0.544051446945338, 1.00500000000000, -0.179903536977492 ) );
#4083 = CARTESIAN_POINT( '', ( 0.544051446945338, 1.00500000000000, -0.179903536977492 ) );
#4084 = CARTESIAN_POINT( '', ( 0.544051446945338, 1.00500000000000, -0.163290460878885 ) );
#4085 = CARTESIAN_POINT( '', ( 0.544051446945338, 1.00500000000000, -0.146677384780278 ) );
#4086 = CARTESIAN_POINT( '', ( 0.544051446945338, 1.00500000000000, -0.130064308681672 ) );
#4087 = CARTESIAN_POINT( '', ( 0.544051446945338, 1.00300000000000, -0.179903536977492 ) );
#4088 = CARTESIAN_POINT( '', ( 0.544051446945338, 1.00300000000000, -0.179903536977492 ) );
#4089 = VECTOR( '', #4952, 1000.00000000000 );
#4090 = CARTESIAN_POINT( '', ( 0.544051446945338, 1.00300000000000, -0.179903536977492 ) );
#4091 = CARTESIAN_POINT( '', ( 0.544051446945338, 1.00300000000000, -0.163290460878885 ) );
#4092 = CARTESIAN_POINT( '', ( 0.544051446945338, 1.00300000000000, -0.146677384780278 ) );
#4093 = CARTESIAN_POINT( '', ( 0.544051446945338, 1.00300000000000, -0.130064308681672 ) );
#4094 = COLOUR_RGB( '', 0.568627476692200, 0.568627476692200, 0.568627476692200 );
#4095 = CARTESIAN_POINT( '', ( 0.490675241157557, 1.00500000000000, 0.170578778135048 ) );
#4096 = CARTESIAN_POINT( '', ( 0.490675241157557, 1.00500000000000, -0.179903536977492 ) );
#4097 = CARTESIAN_POINT( '', ( 0.490675241157557, 1.00500000000000, 0.170578778135048 ) );
#4098 = CARTESIAN_POINT( '', ( 0.490675241157557, 1.00500000000000, 0.0537513397642020 ) );
#4099 = CARTESIAN_POINT( '', ( 0.490675241157557, 1.00500000000000, -0.0630760986066448 ) );
#4100 = CARTESIAN_POINT( '', ( 0.490675241157557, 1.00500000000000, -0.179903536977492 ) );
#4101 = CARTESIAN_POINT( '', ( 0.490675241157557, 1.00300000000000, 0.170578778135048 ) );
#4102 = CARTESIAN_POINT( '', ( 0.490675241157557, 1.00300000000000, 0.170578778135048 ) );
#4103 = VECTOR( '', #4953, 1000.00000000000 );
#4104 = CARTESIAN_POINT( '', ( 0.490675241157557, 1.00300000000000, -0.179903536977492 ) );
#4105 = CARTESIAN_POINT( '', ( 0.490675241157557, 1.00300000000000, 0.170578778135048 ) );
#4106 = CARTESIAN_POINT( '', ( 0.490675241157557, 1.00300000000000, 0.0537513397642020 ) );
#4107 = CARTESIAN_POINT( '', ( 0.490675241157557, 1.00300000000000, -0.0630760986066448 ) );
#4108 = CARTESIAN_POINT( '', ( 0.490675241157557, 1.00300000000000, -0.179903536977492 ) );
#4109 = CARTESIAN_POINT( '', ( 0.490675241157557, 1.00300000000000, -0.179903536977492 ) );
#4110 = VECTOR( '', #4954, 1000.00000000000 );
#4111 = COLOUR_RGB( '', 0.819607853889465, 0.819607853889465, 0.819607853889465 );
#4112 = CARTESIAN_POINT( '', ( 1.41519026509541, -1.24435778713738, 0.725000000000000 ) );
#4113 = CARTESIAN_POINT( '', ( 2.45519026509541, -1.24435778713738, 0.725000000000000 ) );
#4114 = CARTESIAN_POINT( '', ( 1.41519026509541, -1.24435778713738, 0.725000000000000 ) );
#4115 = VECTOR( '', #4955, 1000.00000000000 );
#4116 = CARTESIAN_POINT( '', ( 1.41519026509541, -1.24435778713738, -0.725000000000000 ) );
#4117 = CARTESIAN_POINT( '', ( 1.41519026509541, -1.24435778713738, -0.725000000000000 ) );
#4118 = VECTOR( '', #4956, 1000.00000000000 );
#4119 = CARTESIAN_POINT( '', ( 2.45519026509541, -1.24435778713738, -0.725000000000000 ) );
#4120 = CARTESIAN_POINT( '', ( 1.41519026509541, -1.24435778713738, -0.725000000000000 ) );
#4121 = VECTOR( '', #4957, 1000.00000000000 );
#4122 = CARTESIAN_POINT( '', ( 2.45519026509541, -1.24435778713738, 0.725000000000000 ) );
#4123 = VECTOR( '', #4958, 1000.00000000000 );
#4124 = COLOUR_RGB( '', 0.568627476692200, 0.568627476692200, 0.568627476692200 );
#4125 = CARTESIAN_POINT( '', ( -0.0334405144694533, 1.00500000000000, -0.168649517684887 ) );
#4126 = CARTESIAN_POINT( '', ( -0.0403001071811359, 1.00500000000000, -0.150535905680600 ) );
#4127 = CARTESIAN_POINT( '', ( -0.0471596998928187, 1.00500000000000, -0.132422293676312 ) );
#4128 = CARTESIAN_POINT( '', ( -0.0540192926045013, 1.00500000000000, -0.114308681672025 ) );
#4129 = COLOUR_RGB( '', 0.568627476692200, 0.568627476692200, 0.568627476692200 );
#4130 = CARTESIAN_POINT( '', ( -0.692282958199357, 1.00500000000000, 0.170578778135049 ) );
#4131 = CARTESIAN_POINT( '', ( -0.753697749196141, 1.00500000000000, 0.170578778135049 ) );
#4132 = CARTESIAN_POINT( '', ( -0.692282958199357, 1.00500000000000, 0.170578778135049 ) );
#4133 = CARTESIAN_POINT( '', ( -0.712754555198285, 1.00500000000000, 0.170578778135049 ) );
#4134 = CARTESIAN_POINT( '', ( -0.733226152197213, 1.00500000000000, 0.170578778135049 ) );
#4135 = CARTESIAN_POINT( '', ( -0.753697749196141, 1.00500000000000, 0.170578778135049 ) );
#4136 = CARTESIAN_POINT( '', ( -0.692282958199357, 1.00300000000000, 0.170578778135049 ) );
#4137 = CARTESIAN_POINT( '', ( -0.692282958199357, 1.00300000000000, 0.170578778135049 ) );
#4138 = VECTOR( '', #4959, 1000.00000000000 );
#4139 = CARTESIAN_POINT( '', ( -0.753697749196141, 1.00300000000000, 0.170578778135049 ) );
#4140 = CARTESIAN_POINT( '', ( -0.692282958199357, 1.00300000000000, 0.170578778135049 ) );
#4141 = CARTESIAN_POINT( '', ( -0.712754555198285, 1.00300000000000, 0.170578778135049 ) );
#4142 = CARTESIAN_POINT( '', ( -0.733226152197213, 1.00300000000000, 0.170578778135049 ) );
#4143 = CARTESIAN_POINT( '', ( -0.753697749196141, 1.00300000000000, 0.170578778135049 ) );
#4144 = CARTESIAN_POINT( '', ( -0.753697749196141, 1.00300000000000, 0.170578778135049 ) );
#4145 = VECTOR( '', #4960, 1000.00000000000 );
#4146 = COLOUR_RGB( '', 0.568627476692200, 0.568627476692200, 0.568627476692200 );
#4147 = CARTESIAN_POINT( '', ( -0.692282958199357, 1.00500000000000, -0.312379421221864 ) );
#4148 = CARTESIAN_POINT( '', ( -0.692282958199357, 1.00500000000000, -0.312379421221864 ) );
#4149 = CARTESIAN_POINT( '', ( -0.692282958199357, 1.00500000000000, -0.151393354769560 ) );
#4150 = CARTESIAN_POINT( '', ( -0.692282958199357, 1.00500000000000, 0.00959271168274466 ) );
#4151 = CARTESIAN_POINT( '', ( -0.692282958199357, 1.00500000000000, 0.170578778135049 ) );
#4152 = CARTESIAN_POINT( '', ( -0.692282958199357, 1.00300000000000, -0.312379421221864 ) );
#4153 = CARTESIAN_POINT( '', ( -0.692282958199357, 1.00300000000000, -0.312379421221864 ) );
#4154 = VECTOR( '', #4961, 1000.00000000000 );
#4155 = CARTESIAN_POINT( '', ( -0.692282958199357, 1.00300000000000, -0.312379421221864 ) );
#4156 = CARTESIAN_POINT( '', ( -0.692282958199357, 1.00300000000000, -0.151393354769560 ) );
#4157 = CARTESIAN_POINT( '', ( -0.692282958199357, 1.00300000000000, 0.00959271168274466 ) );
#4158 = CARTESIAN_POINT( '', ( -0.692282958199357, 1.00300000000000, 0.170578778135049 ) );
#4159 = COLOUR_RGB( '', 0.568627476692200, 0.568627476692200, 0.568627476692200 );
#4160 = CARTESIAN_POINT( '', ( 0.490675241157557, 1.00500000000000, -0.179903536977492 ) );
#4161 = CARTESIAN_POINT( '', ( 0.508467309753484, 1.00500000000000, -0.179903536977492 ) );
#4162 = CARTESIAN_POINT( '', ( 0.526259378349411, 1.00500000000000, -0.179903536977492 ) );
#4163 = CARTESIAN_POINT( '', ( 0.544051446945338, 1.00500000000000, -0.179903536977492 ) );
#4164 = CARTESIAN_POINT( '', ( 0.490675241157557, 1.00300000000000, -0.179903536977492 ) );
#4165 = CARTESIAN_POINT( '', ( 0.508467309753484, 1.00300000000000, -0.179903536977492 ) );
#4166 = CARTESIAN_POINT( '', ( 0.526259378349411, 1.00300000000000, -0.179903536977492 ) );
#4167 = CARTESIAN_POINT( '', ( 0.544051446945338, 1.00300000000000, -0.179903536977492 ) );
#4168 = COLOUR_RGB( '', 0.568627476692200, 0.568627476692200, 0.568627476692200 );
#4169 = CARTESIAN_POINT( '', ( -0.367845659163987, 1.00500000000000, 0.126527331189711 ) );
#4170 = CARTESIAN_POINT( '', ( -0.367845659163987, 1.00500000000000, 0.126527331189711 ) );
#4171 = CARTESIAN_POINT( '', ( -0.389067524115756, 1.00500000000000, 0.145498392282959 ) );
#4172 = CARTESIAN_POINT( '', ( -0.409967845659164, 1.00500000000000, 0.159003215434084 ) );
#4173 = CARTESIAN_POINT( '', ( -0.430546623794212, 1.00500000000000, 0.167041800643087 ) );
#4174 = CARTESIAN_POINT( '', ( -0.450737452076682, 1.00500000000000, 0.174928842940927 ) );
#4175 = CARTESIAN_POINT( '', ( -0.472668810289389, 1.00500000000000, 0.178617363344052 ) );
#4176 = CARTESIAN_POINT( '', ( -0.534726688102894, 1.00500000000000, 0.178617363344052 ) );
#4177 = CARTESIAN_POINT( '', ( -0.564308681672025, 1.00500000000000, 0.169292604501608 ) );
#4178 = CARTESIAN_POINT( '', ( -0.585209003215434, 1.00500000000000, 0.150321543408361 ) );
#4179 = CARTESIAN_POINT( '', ( -0.605773010215450, 1.00500000000000, 0.131655752439116 ) );
#4180 = CARTESIAN_POINT( '', ( -0.616398713826366, 1.00500000000000, 0.107877813504824 ) );
#4181 = CARTESIAN_POINT( '', ( -0.616398713826366, 1.00500000000000, 0.0612540192926054 ) );
#4182 = CARTESIAN_POINT( '', ( -0.612218649517685, 1.00500000000000, 0.0454983922829590 ) );
#4183 = CARTESIAN_POINT( '', ( -0.596784565916398, 1.00500000000000, 0.0172025723472677 ) );
#4184 = CARTESIAN_POINT( '', ( -0.586495176848874, 1.00500000000000, 0.00594855305466319 ) );
#4185 = CARTESIAN_POINT( '', ( -0.573633440514469, 1.00500000000000, -0.00273311897106028 ) );
#4186 = CARTESIAN_POINT( '', ( -0.561141706899860, 1.00500000000000, -0.0111650391609214 ) );
#4187 = CARTESIAN_POINT( '', ( -0.546623794212218, 1.00500000000000, -0.0178456591639863 ) );
#4188 = CARTESIAN_POINT( '', ( -0.530868167202572, 1.00500000000000, -0.0223472668810282 ) );
#4189 = CARTESIAN_POINT( '', ( -0.519401807923315, 1.00500000000000, -0.0256233695322445 ) );
#4190 = CARTESIAN_POINT( '', ( -0.501607717041800, 1.00500000000000, -0.0281350482315105 ) );
#4191 = CARTESIAN_POINT( '', ( -0.477813504823151, 1.00500000000000, -0.0310289389067517 ) );
#4192 = CARTESIAN_POINT( '', ( -0.429908223861796, 1.00500000000000, -0.0368552568615111 ) );
#4193 = CARTESIAN_POINT( '', ( -0.394212218649518, 1.00500000000000, -0.0435691318327967 ) );
#4194 = CARTESIAN_POINT( '', ( -0.371704180064308, 1.00500000000000, -0.0516077170417999 ) );
#4195 = CARTESIAN_POINT( '', ( -0.367845659163987, 1.00300000000000, 0.126527331189711 ) );
#4196 = CARTESIAN_POINT( '', ( -0.367845659163987, 1.00300000000000, 0.126527331189711 ) );
#4197 = VECTOR( '', #4962, 1000.00000000000 );
#4198 = CARTESIAN_POINT( '', ( -0.367845659163987, 1.00300000000000, 0.126527331189711 ) );
#4199 = CARTESIAN_POINT( '', ( -0.389067524115756, 1.00300000000000, 0.145498392282959 ) );
#4200 = CARTESIAN_POINT( '', ( -0.409967845659164, 1.00300000000000, 0.159003215434084 ) );
#4201 = CARTESIAN_POINT( '', ( -0.430546623794212, 1.00300000000000, 0.167041800643087 ) );
#4202 = CARTESIAN_POINT( '', ( -0.450737452076682, 1.00300000000000, 0.174928842940927 ) );
#4203 = CARTESIAN_POINT( '', ( -0.472668810289389, 1.00300000000000, 0.178617363344052 ) );
#4204 = CARTESIAN_POINT( '', ( -0.534726688102894, 1.00300000000000, 0.178617363344052 ) );
#4205 = CARTESIAN_POINT( '', ( -0.564308681672025, 1.00300000000000, 0.169292604501608 ) );
#4206 = CARTESIAN_POINT( '', ( -0.585209003215434, 1.00300000000000, 0.150321543408361 ) );
#4207 = CARTESIAN_POINT( '', ( -0.605773010215450, 1.00300000000000, 0.131655752439116 ) );
#4208 = CARTESIAN_POINT( '', ( -0.616398713826366, 1.00300000000000, 0.107877813504824 ) );
#4209 = CARTESIAN_POINT( '', ( -0.616398713826366, 1.00300000000000, 0.0612540192926054 ) );
#4210 = CARTESIAN_POINT( '', ( -0.612218649517685, 1.00300000000000, 0.0454983922829590 ) );
#4211 = CARTESIAN_POINT( '', ( -0.596784565916398, 1.00300000000000, 0.0172025723472677 ) );
#4212 = CARTESIAN_POINT( '', ( -0.586495176848874, 1.00300000000000, 0.00594855305466319 ) );
#4213 = CARTESIAN_POINT( '', ( -0.573633440514469, 1.00300000000000, -0.00273311897106028 ) );
#4214 = CARTESIAN_POINT( '', ( -0.561141706899860, 1.00300000000000, -0.0111650391609214 ) );
#4215 = CARTESIAN_POINT( '', ( -0.546623794212218, 1.00300000000000, -0.0178456591639863 ) );
#4216 = CARTESIAN_POINT( '', ( -0.530868167202572, 1.00300000000000, -0.0223472668810282 ) );
#4217 = CARTESIAN_POINT( '', ( -0.519401807923315, 1.00300000000000, -0.0256233695322445 ) );
#4218 = CARTESIAN_POINT( '', ( -0.501607717041800, 1.00300000000000, -0.0281350482315105 ) );
#4219 = CARTESIAN_POINT( '', ( -0.477813504823151, 1.00300000000000, -0.0310289389067517 ) );
#4220 = CARTESIAN_POINT( '', ( -0.429908223861796, 1.00300000000000, -0.0368552568615111 ) );
#4221 = CARTESIAN_POINT( '', ( -0.394212218649518, 1.00300000000000, -0.0435691318327967 ) );
#4222 = CARTESIAN_POINT( '', ( -0.371704180064308, 1.00300000000000, -0.0516077170417999 ) );
#4223 = COLOUR_RGB( '', 0.568627476692200, 0.568627476692200, 0.568627476692200 );
#4224 = CARTESIAN_POINT( '', ( -0.777170418006431, 1.00500000000000, -0.312379421221864 ) );
#4225 = CARTESIAN_POINT( '', ( -0.748874598070739, 1.00500000000000, -0.312379421221864 ) );
#4226 = CARTESIAN_POINT( '', ( -0.720578778135048, 1.00500000000000, -0.312379421221864 ) );
#4227 = CARTESIAN_POINT( '', ( -0.692282958199357, 1.00500000000000, -0.312379421221864 ) );
#4228 = CARTESIAN_POINT( '', ( -0.777170418006431, 1.00300000000000, -0.312379421221864 ) );
#4229 = CARTESIAN_POINT( '', ( -0.748874598070739, 1.00300000000000, -0.312379421221864 ) );
#4230 = CARTESIAN_POINT( '', ( -0.720578778135048, 1.00300000000000, -0.312379421221864 ) );
#4231 = CARTESIAN_POINT( '', ( -0.692282958199357, 1.00300000000000, -0.312379421221864 ) );
#4232 = COLOUR_RGB( '', 0.568627476692200, 0.568627476692200, 0.568627476692200 );
#4233 = CARTESIAN_POINT( '', ( 1.09935691318328, 1.00500000000000, -0.136816720257235 ) );
#4234 = CARTESIAN_POINT( '', ( 1.09935691318328, 1.00500000000000, -0.179903536977492 ) );
#4235 = CARTESIAN_POINT( '', ( 1.09935691318328, 1.00500000000000, -0.136816720257235 ) );
#4236 = CARTESIAN_POINT( '', ( 1.09935691318328, 1.00500000000000, -0.151178992497321 ) );
#4237 = CARTESIAN_POINT( '', ( 1.09935691318328, 1.00500000000000, -0.165541264737406 ) );
#4238 = CARTESIAN_POINT( '', ( 1.09935691318328, 1.00500000000000, -0.179903536977492 ) );
#4239 = CARTESIAN_POINT( '', ( 1.09935691318328, 1.00300000000000, -0.136816720257235 ) );
#4240 = CARTESIAN_POINT( '', ( 1.09935691318328, 1.00300000000000, -0.136816720257235 ) );
#4241 = VECTOR( '', #4963, 1000.00000000000 );
#4242 = CARTESIAN_POINT( '', ( 1.09935691318328, 1.00300000000000, -0.179903536977492 ) );
#4243 = CARTESIAN_POINT( '', ( 1.09935691318328, 1.00300000000000, -0.136816720257235 ) );
#4244 = CARTESIAN_POINT( '', ( 1.09935691318328, 1.00300000000000, -0.151178992497321 ) );
#4245 = CARTESIAN_POINT( '', ( 1.09935691318328, 1.00300000000000, -0.165541264737406 ) );
#4246 = CARTESIAN_POINT( '', ( 1.09935691318328, 1.00300000000000, -0.179903536977492 ) );
#4247 = CARTESIAN_POINT( '', ( 1.09935691318328, 1.00300000000000, -0.179903536977492 ) );
#4248 = VECTOR( '', #4964, 1000.00000000000 );
#4249 = COLOUR_RGB( '', 0.568627476692200, 0.568627476692200, 0.568627476692200 );
#4250 = CARTESIAN_POINT( '', ( 1.09389067524116, 1.00500000000000, 0.125241157556270 ) );
#4251 = CARTESIAN_POINT( '', ( 1.06752411575563, 1.00500000000000, 0.155787781350482 ) );
#4252 = CARTESIAN_POINT( '', ( 1.03504823151125, 1.00500000000000, 0.170578778135048 ) );
#4253 = CARTESIAN_POINT( '', ( 0.947909967845660, 1.00500000000000, 0.170578778135048 ) );
#4254 = CARTESIAN_POINT( '', ( 0.910610932475885, 1.00500000000000, 0.153536977491962 ) );
#4255 = CARTESIAN_POINT( '', ( 0.883922829581994, 1.00500000000000, 0.118488745980708 ) );
#4256 = CARTESIAN_POINT( '', ( 0.857507721667092, 1.00500000000000, 0.0837990259478853 ) );
#4257 = CARTESIAN_POINT( '', ( 0.844372990353698, 1.00500000000000, 0.0422829581993572 ) );
#4258 = CARTESIAN_POINT( '', ( 0.844372990353698, 1.00500000000000, -0.0397106109324756 ) );
#4259 = CARTESIAN_POINT( '', ( 0.850160771704181, 1.00500000000000, -0.0705787781350479 ) );
#4260 = CARTESIAN_POINT( '', ( 0.862379421221866, 1.00500000000000, -0.0991961414790994 ) );
#4261 = CARTESIAN_POINT( '', ( 0.874365831592284, 1.00500000000000, -0.127269576294027 ) );
#4262 = CARTESIAN_POINT( '', ( 0.892282958199357, 1.00500000000000, -0.149035369774919 ) );
#4263 = CARTESIAN_POINT( '', ( 0.938585209003216, 1.00500000000000, -0.179903536977492 ) );
#4264 = CARTESIAN_POINT( '', ( 0.965594855305467, 1.00500000000000, -0.187620578778135 ) );
#4265 = CARTESIAN_POINT( '', ( 1.03826366559486, 1.00500000000000, -0.187620578778135 ) );
#4266 = CARTESIAN_POINT( '', ( 1.07234726688103, 1.00500000000000, -0.170578778135048 ) );
#4267 = CARTESIAN_POINT( '', ( 1.09935691318328, 1.00500000000000, -0.136816720257235 ) );
#4268 = CARTESIAN_POINT( '', ( 1.09389067524116, 1.00300000000000, 0.125241157556270 ) );
#4269 = CARTESIAN_POINT( '', ( 1.06752411575563, 1.00300000000000, 0.155787781350482 ) );
#4270 = CARTESIAN_POINT( '', ( 1.03504823151125, 1.00300000000000, 0.170578778135048 ) );
#4271 = CARTESIAN_POINT( '', ( 0.947909967845660, 1.00300000000000, 0.170578778135048 ) );
#4272 = CARTESIAN_POINT( '', ( 0.910610932475885, 1.00300000000000, 0.153536977491962 ) );
#4273 = CARTESIAN_POINT( '', ( 0.883922829581994, 1.00300000000000, 0.118488745980708 ) );
#4274 = CARTESIAN_POINT( '', ( 0.857507721667092, 1.00300000000000, 0.0837990259478853 ) );
#4275 = CARTESIAN_POINT( '', ( 0.844372990353698, 1.00300000000000, 0.0422829581993572 ) );
#4276 = CARTESIAN_POINT( '', ( 0.844372990353698, 1.00300000000000, -0.0397106109324756 ) );
#4277 = CARTESIAN_POINT( '', ( 0.850160771704181, 1.00300000000000, -0.0705787781350479 ) );
#4278 = CARTESIAN_POINT( '', ( 0.862379421221866, 1.00300000000000, -0.0991961414790994 ) );
#4279 = CARTESIAN_POINT( '', ( 0.874365831592284, 1.00300000000000, -0.127269576294027 ) );
#4280 = CARTESIAN_POINT( '', ( 0.892282958199357, 1.00300000000000, -0.149035369774919 ) );
#4281 = CARTESIAN_POINT( '', ( 0.938585209003216, 1.00300000000000, -0.179903536977492 ) );
#4282 = CARTESIAN_POINT( '', ( 0.965594855305467, 1.00300000000000, -0.187620578778135 ) );
#4283 = CARTESIAN_POINT( '', ( 1.03826366559486, 1.00300000000000, -0.187620578778135 ) );
#4284 = CARTESIAN_POINT( '', ( 1.07234726688103, 1.00300000000000, -0.170578778135048 ) );
#4285 = CARTESIAN_POINT( '', ( 1.09935691318328, 1.00300000000000, -0.136816720257235 ) );
#4286 = COLOUR_RGB( '', 0.819607853889465, 0.819607853889465, 0.819607853889465 );
#4287 = CARTESIAN_POINT( '', ( 2.55519026509542, -1.14435778713738, -0.725000000000000 ) );
#4288 = CARTESIAN_POINT( '', ( 2.55519026509542, 0.0756422128626073, -0.725000000000000 ) );
#4289 = CARTESIAN_POINT( '', ( 2.55519026509542, -1.21435778713738, -0.725000000000000 ) );
#4290 = VECTOR( '', #4965, 1000.00000000000 );
#4291 = AXIS2_PLACEMENT_3D( '', #4966, #4967, #4968 );
#4292 = CARTESIAN_POINT( '', ( 1.41519026509541, -1.01435778713738, -0.725000000000000 ) );
#4293 = CARTESIAN_POINT( '', ( 1.41519026509541, -1.00435778713738, -0.725000000000000 ) );
#4294 = VECTOR( '', #4969, 1000.00000000000 );
#4295 = CARTESIAN_POINT( '', ( 2.22519026509542, -1.01435778713738, -0.725000000000000 ) );
#4296 = CARTESIAN_POINT( '', ( 2.22519026509542, -1.01435778713738, -0.725000000000000 ) );
#4297 = VECTOR( '', #4970, 1000.00000000000 );
#4298 = AXIS2_PLACEMENT_3D( '', #4971, #4972, #4973 );
#4299 = CARTESIAN_POINT( '', ( 2.22519026509542, -0.0543577871373927, -0.725000000000000 ) );
#4300 = AXIS2_PLACEMENT_3D( '', #4974, #4975, #4976 );
#4301 = CARTESIAN_POINT( '', ( 2.09834652087242, -0.0543577871373927, -0.725000000000000 ) );
#4302 = CARTESIAN_POINT( '', ( 2.08603682087241, -0.0543577871373927, -0.725000000000000 ) );
#4303 = VECTOR( '', #4977, 1000.00000000000 );
#4304 = CARTESIAN_POINT( '', ( 2.09834652087242, -0.0543577871373927, -0.725000000000000 ) );
#4305 = VECTOR( '', #4978, 1000.00000000000 );
#4306 = AXIS2_PLACEMENT_3D( '', #4979, #4980, #4981 );
#4307 = COLOUR_RGB( '', 0.568627476692200, 0.568627476692200, 0.568627476692200 );
#4308 = CARTESIAN_POINT( '', ( 0.905466237942122, 1.00300000000000, -0.0107717041800640 ) );
#4309 = CARTESIAN_POINT( '', ( 0.905466237942122, 1.00300000000000, -0.0107717041800640 ) );
#4310 = CARTESIAN_POINT( '', ( 0.905466237942123, 1.00300000000000, 0.0355305466237945 ) );
#4311 = CARTESIAN_POINT( '', ( 0.914469453376207, 1.00300000000000, 0.0689710610932479 ) );
#4312 = CARTESIAN_POINT( '', ( 0.951125401929261, 1.00300000000000, 0.111414790996785 ) );
#4313 = CARTESIAN_POINT( '', ( 0.974276527331191, 1.00300000000000, 0.122025723472669 ) );
#4314 = CARTESIAN_POINT( '', ( 1.02926045016077, 1.00300000000000, 0.122025723472669 ) );
#4315 = CARTESIAN_POINT( '', ( 1.05209003215434, 1.00300000000000, 0.111414790996785 ) );
#4316 = CARTESIAN_POINT( '', ( 1.07041800643087, 1.00300000000000, 0.0905144694533764 ) );
#4317 = CARTESIAN_POINT( '', ( 1.08904515288585, 1.00300000000000, 0.0692729866538411 ) );
#4318 = CARTESIAN_POINT( '', ( 1.09839228295820, 1.00300000000000, 0.0361736334405147 ) );
#4319 = CARTESIAN_POINT( '', ( 1.09839228295820, 1.00300000000000, -0.0519292604501606 ) );
#4320 = CARTESIAN_POINT( '', ( 1.08874598070740, 1.00300000000000, -0.0840836012861734 ) );
#4321 = CARTESIAN_POINT( '', ( 1.06977491961415, 1.00300000000000, -0.106270096463022 ) );
#4322 = CARTESIAN_POINT( '', ( 1.05096267958562, 1.00300000000000, -0.128270851750621 ) );
#4323 = CARTESIAN_POINT( '', ( 1.02765273311897, 1.00300000000000, -0.138745980707395 ) );
#4324 = CARTESIAN_POINT( '', ( 1.00064308681672, 1.00300000000000, -0.139067524115755 ) );
#4325 = CARTESIAN_POINT( '', ( 0.974284090914269, 1.00300000000000, -0.139381321686023 ) );
#4326 = CARTESIAN_POINT( '', ( 0.951768488745981, 1.00300000000000, -0.128135048231511 ) );
#4327 = CARTESIAN_POINT( '', ( 0.933118971061094, 1.00300000000000, -0.106591639871382 ) );
#4328 = CARTESIAN_POINT( '', ( 0.914607193351467, 1.00300000000000, -0.0852073449309516 ) );
#4329 = CARTESIAN_POINT( '', ( 0.905466237942123, 1.00300000000000, -0.0532154340836010 ) );
#4330 = CARTESIAN_POINT( '', ( 0.905466237942122, 1.00300000000000, -0.0107717041800640 ) );
#4331 = CARTESIAN_POINT( '', ( 0.905466237942122, 1.00500000000000, -0.0107717041800640 ) );
#4332 = CARTESIAN_POINT( '', ( 0.905466237942122, 1.00500000000000, -0.0107717041800640 ) );
#4333 = CARTESIAN_POINT( '', ( 0.905466237942123, 1.00500000000000, 0.0355305466237945 ) );
#4334 = CARTESIAN_POINT( '', ( 0.914469453376207, 1.00500000000000, 0.0689710610932479 ) );
#4335 = CARTESIAN_POINT( '', ( 0.951125401929261, 1.00500000000000, 0.111414790996785 ) );
#4336 = CARTESIAN_POINT( '', ( 0.974276527331191, 1.00500000000000, 0.122025723472669 ) );
#4337 = CARTESIAN_POINT( '', ( 1.02926045016077, 1.00500000000000, 0.122025723472669 ) );
#4338 = CARTESIAN_POINT( '', ( 1.05209003215434, 1.00500000000000, 0.111414790996785 ) );
#4339 = CARTESIAN_POINT( '', ( 1.07041800643087, 1.00500000000000, 0.0905144694533764 ) );
#4340 = CARTESIAN_POINT( '', ( 1.08904515288585, 1.00500000000000, 0.0692729866538411 ) );
#4341 = CARTESIAN_POINT( '', ( 1.09839228295820, 1.00500000000000, 0.0361736334405147 ) );
#4342 = CARTESIAN_POINT( '', ( 1.09839228295820, 1.00500000000000, -0.0519292604501606 ) );
#4343 = CARTESIAN_POINT( '', ( 1.08874598070740, 1.00500000000000, -0.0840836012861734 ) );
#4344 = CARTESIAN_POINT( '', ( 1.06977491961415, 1.00500000000000, -0.106270096463022 ) );
#4345 = CARTESIAN_POINT( '', ( 1.05096267958562, 1.00500000000000, -0.128270851750621 ) );
#4346 = CARTESIAN_POINT( '', ( 1.02765273311897, 1.00500000000000, -0.138745980707395 ) );
#4347 = CARTESIAN_POINT( '', ( 1.00064308681672, 1.00500000000000, -0.139067524115755 ) );
#4348 = CARTESIAN_POINT( '', ( 0.974284090914269, 1.00500000000000, -0.139381321686023 ) );
#4349 = CARTESIAN_POINT( '', ( 0.951768488745981, 1.00500000000000, -0.128135048231511 ) );
#4350 = CARTESIAN_POINT( '', ( 0.933118971061094, 1.00500000000000, -0.106591639871382 ) );
#4351 = CARTESIAN_POINT( '', ( 0.914607193351467, 1.00500000000000, -0.0852073449309516 ) );
#4352 = CARTESIAN_POINT( '', ( 0.905466237942123, 1.00500000000000, -0.0532154340836010 ) );
#4353 = CARTESIAN_POINT( '', ( 0.905466237942122, 1.00500000000000, -0.0107717041800640 ) );
#4354 = COLOUR_RGB( '', 0.568627476692200, 0.568627476692200, 0.568627476692200 );
#4355 = CARTESIAN_POINT( '', ( 0.342122186495177, 1.00500000000000, -0.312379421221865 ) );
#4356 = CARTESIAN_POINT( '', ( 0.401286173633441, 1.00500000000000, -0.312379421221865 ) );
#4357 = CARTESIAN_POINT( '', ( 0.342122186495177, 1.00500000000000, -0.312379421221865 ) );
#4358 = CARTESIAN_POINT( '', ( 0.401286173633441, 1.00500000000000, -0.312379421221865 ) );
#4359 = CARTESIAN_POINT( '', ( 0.342122186495177, 1.00300000000000, -0.312379421221865 ) );
#4360 = CARTESIAN_POINT( '', ( 0.342122186495177, 1.00300000000000, -0.312379421221865 ) );
#4361 = VECTOR( '', #4982, 1000.00000000000 );
#4362 = CARTESIAN_POINT( '', ( 0.401286173633441, 1.00300000000000, -0.312379421221865 ) );
#4363 = CARTESIAN_POINT( '', ( 0.342122186495177, 1.00300000000000, -0.312379421221865 ) );
#4364 = CARTESIAN_POINT( '', ( 0.401286173633441, 1.00300000000000, -0.312379421221865 ) );
#4365 = CARTESIAN_POINT( '', ( 0.401286173633441, 1.00300000000000, -0.312379421221865 ) );
#4366 = VECTOR( '', #4983, 1000.00000000000 );
#4367 = COLOUR_RGB( '', 0.568627476692200, 0.568627476692200, 0.568627476692200 );
#4368 = CARTESIAN_POINT( '', ( -1.15273311897106, 1.00500000000000, -0.312379421221864 ) );
#4369 = CARTESIAN_POINT( '', ( -1.15273311897106, 1.00500000000000, -0.312379421221864 ) );
#4370 = CARTESIAN_POINT( '', ( -1.12100750267953, 1.00500000000000, -0.312379421221864 ) );
#4371 = CARTESIAN_POINT( '', ( -1.08928188638800, 1.00500000000000, -0.312379421221864 ) );
#4372 = CARTESIAN_POINT( '', ( -1.05755627009646, 1.00500000000000, -0.312379421221864 ) );
#4373 = CARTESIAN_POINT( '', ( -1.15273311897106, 1.00300000000000, -0.312379421221864 ) );
#4374 = CARTESIAN_POINT( '', ( -1.15273311897106, 1.00300000000000, -0.312379421221864 ) );
#4375 = VECTOR( '', #4984, 1000.00000000000 );
#4376 = CARTESIAN_POINT( '', ( -1.15273311897106, 1.00300000000000, -0.312379421221864 ) );
#4377 = CARTESIAN_POINT( '', ( -1.12100750267953, 1.00300000000000, -0.312379421221864 ) );
#4378 = CARTESIAN_POINT( '', ( -1.08928188638800, 1.00300000000000, -0.312379421221864 ) );
#4379 = CARTESIAN_POINT( '', ( -1.05755627009646, 1.00300000000000, -0.312379421221864 ) );
#4380 = COLOUR_RGB( '', 0.568627476692200, 0.568627476692200, 0.568627476692200 );
#4381 = CARTESIAN_POINT( '', ( -1.15273311897106, 1.00500000000000, 0.170578778135049 ) );
#4382 = CARTESIAN_POINT( '', ( -1.09163987138264, 1.00500000000000, 0.170578778135049 ) );
#4383 = CARTESIAN_POINT( '', ( -1.11200428724544, 1.00500000000000, 0.170578778135049 ) );
#4384 = CARTESIAN_POINT( '', ( -1.13236870310825, 1.00500000000000, 0.170578778135049 ) );
#4385 = CARTESIAN_POINT( '', ( -1.15273311897106, 1.00500000000000, 0.170578778135049 ) );
#4386 = CARTESIAN_POINT( '', ( -1.15273311897106, 1.00300000000000, 0.170578778135049 ) );
#4387 = CARTESIAN_POINT( '', ( -1.09163987138264, 1.00300000000000, 0.170578778135049 ) );
#4388 = CARTESIAN_POINT( '', ( -1.11200428724544, 1.00300000000000, 0.170578778135049 ) );
#4389 = CARTESIAN_POINT( '', ( -1.13236870310825, 1.00300000000000, 0.170578778135049 ) );
#4390 = CARTESIAN_POINT( '', ( -1.15273311897106, 1.00300000000000, 0.170578778135049 ) );
#4391 = CARTESIAN_POINT( '', ( -1.15273311897106, 1.00300000000000, 0.170578778135049 ) );
#4392 = VECTOR( '', #4985, 1000.00000000000 );
#4393 = COLOUR_RGB( '', 0.819607853889465, 0.819607853889465, 0.819607853889465 );
#4394 = CARTESIAN_POINT( '', ( -1.41519026509541, -1.01435778713738, 0.725000000000000 ) );
#4395 = CARTESIAN_POINT( '', ( -1.41519026509541, -1.01435778713738, -0.725000000000000 ) );
#4396 = VECTOR( '', #4986, 1000.00000000000 );
#4397 = CARTESIAN_POINT( '', ( -1.41519026509541, -1.24435778713738, 0.725000000000000 ) );
#4398 = CARTESIAN_POINT( '', ( -1.41519026509541, -1.24000000000000, 0.725000000000000 ) );
#4399 = VECTOR( '', #4987, 1000.00000000000 );
#4400 = CARTESIAN_POINT( '', ( -1.41519026509541, -1.24435778713738, -0.725000000000000 ) );
#4401 = VECTOR( '', #4988, 1000.00000000000 );
#4402 = COLOUR_RGB( '', 0.819607853889465, 0.819607853889465, 0.819607853889465 );
#4403 = CARTESIAN_POINT( '', ( 1.41519026509541, -1.01435778713738, 0.725000000000000 ) );
#4404 = CARTESIAN_POINT( '', ( 1.41519026509541, -1.01435778713738, -0.725000000000000 ) );
#4405 = VECTOR( '', #4989, 1000.00000000000 );
#4406 = CARTESIAN_POINT( '', ( 2.22519026509542, -1.01435778713738, 0.725000000000000 ) );
#4407 = CARTESIAN_POINT( '', ( 2.22519026509542, -1.01435778713738, 0.725000000000000 ) );
#4408 = VECTOR( '', #4990, 1000.00000000000 );
#4409 = CARTESIAN_POINT( '', ( 2.22519026509542, -1.01435778713738, -0.725000000000000 ) );
#4410 = VECTOR( '', #4991, 1000.00000000000 );
#4411 = COLOUR_RGB( '', 0.568627476692200, 0.568627476692200, 0.568627476692200 );
#4412 = CARTESIAN_POINT( '', ( -0.606109324758842, 1.00500000000000, -0.0799035369774912 ) );
#4413 = CARTESIAN_POINT( '', ( -0.547266881028939, 1.00500000000000, -0.0721864951768481 ) );
#4414 = CARTESIAN_POINT( '', ( -0.566881028938907, 1.00500000000000, -0.0747588424437291 ) );
#4415 = CARTESIAN_POINT( '', ( -0.586495176848875, 1.00500000000000, -0.0773311897106101 ) );
#4416 = CARTESIAN_POINT( '', ( -0.606109324758842, 1.00500000000000, -0.0799035369774912 ) );
#4417 = CARTESIAN_POINT( '', ( -0.606109324758842, 1.00300000000000, -0.0799035369774912 ) );
#4418 = CARTESIAN_POINT( '', ( -0.547266881028939, 1.00300000000000, -0.0721864951768481 ) );
#4419 = CARTESIAN_POINT( '', ( -0.566881028938907, 1.00300000000000, -0.0747588424437291 ) );
#4420 = CARTESIAN_POINT( '', ( -0.586495176848875, 1.00300000000000, -0.0773311897106101 ) );
#4421 = CARTESIAN_POINT( '', ( -0.606109324758842, 1.00300000000000, -0.0799035369774912 ) );
#4422 = CARTESIAN_POINT( '', ( -0.606109324758842, 1.00300000000000, -0.0799035369774912 ) );
#4423 = VECTOR( '', #4992, 1000.00000000000 );
#4424 = COLOUR_RGB( '', 0.117647059261799, 0.117647059261799, 0.117647059261799 );
#4425 = CARTESIAN_POINT( '', ( 2.02704326009941, -0.869357787137383, 1.33500000000000 ) );
#4426 = VECTOR( '', #4993, 1000.00000000000 );
#4427 = CARTESIAN_POINT( '', ( 2.02704326009941, -0.869357787137383, -1.33500000000000 ) );
#4428 = VECTOR( '', #4994, 1000.00000000000 );
#4429 = CARTESIAN_POINT( '', ( 2.09834652087242, -0.0543577871373927, 0.725000000000000 ) );
#4430 = CARTESIAN_POINT( '', ( 2.09834652087242, -0.0543577871373927, -0.725000000000000 ) );
#4431 = VECTOR( '', #4995, 1000.00000000000 );
#4432 = CARTESIAN_POINT( '', ( 2.09834652087242, -0.0543577871373927, 0.725000000000000 ) );
#4433 = VECTOR( '', #4996, 1000.00000000000 );
#4434 = COLOUR_RGB( '', 0.568627476692200, 0.568627476692200, 0.568627476692200 );
#4435 = CARTESIAN_POINT( '', ( -0.221543408360128, 1.00500000000000, 0.170578778135049 ) );
#4436 = CARTESIAN_POINT( '', ( -0.221543408360128, 1.00500000000000, 0.0537513397642022 ) );
#4437 = CARTESIAN_POINT( '', ( -0.221543408360128, 1.00500000000000, -0.0630760986066445 ) );
#4438 = CARTESIAN_POINT( '', ( -0.221543408360129, 1.00500000000000, -0.179903536977492 ) );
#4439 = COLOUR_RGB( '', 0.568627476692200, 0.568627476692200, 0.568627476692200 );
#4440 = CARTESIAN_POINT( '', ( 0.221221864951769, 1.00500000000000, 0.170578778135049 ) );
#4441 = CARTESIAN_POINT( '', ( 0.103858520900322, 1.00500000000000, -0.00787781350482255 ) );
#4442 = CARTESIAN_POINT( '', ( 0.221221864951769, 1.00500000000000, 0.170578778135049 ) );
#4443 = CARTESIAN_POINT( '', ( 0.103858520900322, 1.00500000000000, -0.00787781350482255 ) );
#4444 = CARTESIAN_POINT( '', ( 0.221221864951769, 1.00300000000000, 0.170578778135049 ) );
#4445 = CARTESIAN_POINT( '', ( 0.221221864951769, 1.00300000000000, 0.170578778135049 ) );
#4446 = VECTOR( '', #4997, 1000.00000000000 );
#4447 = CARTESIAN_POINT( '', ( 0.103858520900322, 1.00300000000000, -0.00787781350482255 ) );
#4448 = CARTESIAN_POINT( '', ( 0.221221864951769, 1.00300000000000, 0.170578778135049 ) );
#4449 = CARTESIAN_POINT( '', ( 0.103858520900322, 1.00300000000000, -0.00787781350482255 ) );
#4450 = CARTESIAN_POINT( '', ( 0.103858520900322, 1.00300000000000, -0.00787781350482255 ) );
#4451 = VECTOR( '', #4998, 1000.00000000000 );
#4452 = COLOUR_RGB( '', 0.117647059261799, 0.117647059261799, 0.117647059261799 );
#4453 = CARTESIAN_POINT( '', ( -0.371382636655949, 1.00500000000000, -0.00498392282958126 ) );
#4454 = CARTESIAN_POINT( '', ( -0.392926045016077, 1.00500000000000, 0.00369774919614222 ) );
#4455 = CARTESIAN_POINT( '', ( -0.425401929260450, 1.00500000000000, 0.0110932475884252 ) );
#4456 = CARTESIAN_POINT( '', ( -0.468810289389067, 1.00500000000000, 0.0172025723472677 ) );
#4457 = CARTESIAN_POINT( '', ( -0.493261065359502, 1.00500000000000, 0.0206437926690325 ) );
#4458 = CARTESIAN_POINT( '', ( -0.510610932475884, 1.00500000000000, 0.0249196141479107 ) );
#4459 = CARTESIAN_POINT( '', ( -0.520900321543408, 1.00500000000000, 0.0290996784565925 ) );
#4460 = CARTESIAN_POINT( '', ( -0.531301833040000, 1.00500000000000, 0.0333252925020828 ) );
#4461 = CARTESIAN_POINT( '', ( -0.538906752411575, 1.00500000000000, 0.0400321543408368 ) );
#4462 = CARTESIAN_POINT( '', ( -0.544372990353698, 1.00500000000000, 0.0483922829582001 ) );
#4463 = CARTESIAN_POINT( '', ( -0.550082801592723, 1.00500000000000, 0.0571249354414150 ) );
#4464 = CARTESIAN_POINT( '', ( -0.552733118971061, 1.00500000000000, 0.0663987138263674 ) );
#4465 = CARTESIAN_POINT( '', ( -0.552733118971061, 1.00500000000000, 0.0927652733118979 ) );
#4466 = CARTESIAN_POINT( '', ( -0.546623794212218, 1.00500000000000, 0.105948553054663 ) );
#4467 = CARTESIAN_POINT( '', ( -0.534726688102894, 1.00500000000000, 0.116237942122187 ) );
#4468 = COLOUR_RGB( '', 0.819607853889465, 0.819607853889465, 0.819607853889465 );
#4469 = CARTESIAN_POINT( '', ( -2.32519026509541, -0.154362008937372, 0.725000000000000 ) );
#4470 = CARTESIAN_POINT( '', ( -2.32519026509541, -0.154357787137367, -0.725000000000000 ) );
#4471 = VECTOR( '', #4999, 1000.00000000000 );
#4472 = CARTESIAN_POINT( '', ( -2.32519026509541, -0.914357787137357, 0.725000000000000 ) );
#4473 = CARTESIAN_POINT( '', ( -2.32519026509541, -0.980000000000000, 0.725000000000000 ) );
#4474 = VECTOR( '', #5000, 1000.00000000000 );
#4475 = CARTESIAN_POINT( '', ( -2.32519026509541, -0.914357787137357, -0.725000000000000 ) );
#4476 = VECTOR( '', #5001, 1000.00000000000 );
#4477 = COLOUR_RGB( '', 0.819607853889465, 0.819607853889465, 0.819607853889465 );
#4478 = CARTESIAN_POINT( '', ( -2.55519026509542, -1.14436200893033, 0.725000000000000 ) );
#4479 = CARTESIAN_POINT( '', ( -2.55519026509542, -1.14435778713736, 4.69837800000000 ) );
#4480 = VECTOR( '', #5002, 1000.00000000000 );
#4481 = CARTESIAN_POINT( '', ( -2.55519026509542, 0.0756379910696442, 0.725000000000000 ) );
#4482 = CARTESIAN_POINT( '', ( -2.55519026509542, 0.0799999999999900, 0.725000000000000 ) );
#4483 = VECTOR( '', #5003, 1000.00000000000 );
#4484 = CARTESIAN_POINT( '', ( -2.55519026509542, 0.0756422128626330, -0.725000000000000 ) );
#4485 = VECTOR( '', #5004, 1000.00000000000 );
#4486 = COLOUR_RGB( '', 0.117647059261799, 0.117647059261799, 0.117647059261799 );
#4487 = CARTESIAN_POINT( '', ( 0.471928071185430, -1.13000000000000, 1.33500000000000 ) );
#4488 = CARTESIAN_POINT( '', ( 0.462499965095413, -1.13435778713738, 1.33500000000000 ) );
#4489 = VECTOR( '', #5005, 1000.00000000000 );
#4490 = CARTESIAN_POINT( '', ( 0.471928071185430, -1.13000000000000, -1.33500000000000 ) );
#4491 = CARTESIAN_POINT( '', ( 0.471928071185430, -1.13000000000000, -1.30250000000000 ) );
#4492 = VECTOR( '', #5006, 1000.00000000000 );
#4493 = CARTESIAN_POINT( '', ( 0.462499965095413, -1.13435778713738, -1.33500000000000 ) );
#4494 = VECTOR( '', #5007, 1000.00000000000 );
#4495 = COLOUR_RGB( '', 0.117647059261799, 0.117647059261799, 0.117647059261799 );
#4496 = CARTESIAN_POINT( '', ( 0.549839228295821, 1.00500000000000, 0.170578778135048 ) );
#4497 = CARTESIAN_POINT( '', ( 0.530117899249733, 1.00500000000000, 0.170578778135048 ) );
#4498 = CARTESIAN_POINT( '', ( 0.510396570203645, 1.00500000000000, 0.170578778135048 ) );
#4499 = CARTESIAN_POINT( '', ( 0.490675241157557, 1.00500000000000, 0.170578778135048 ) );
#4500 = CARTESIAN_POINT( '', ( 0.775562700964631, 1.00500000000000, 0.170578778135048 ) );
#4501 = CARTESIAN_POINT( '', ( 0.755841371918543, 1.00500000000000, 0.170578778135048 ) );
#4502 = CARTESIAN_POINT( '', ( 0.736120042872455, 1.00500000000000, 0.170578778135048 ) );
#4503 = CARTESIAN_POINT( '', ( 0.716398713826367, 1.00500000000000, 0.170578778135048 ) );
#4504 = CARTESIAN_POINT( '', ( 0.401286173633441, 1.00500000000000, -0.244533762057877 ) );
#4505 = CARTESIAN_POINT( '', ( 0.401286173633441, 1.00500000000000, -0.312379421221865 ) );
#4506 = CARTESIAN_POINT( '', ( 0.401286173633441, 1.00500000000000, -0.244533762057877 ) );
#4507 = CARTESIAN_POINT( '', ( 0.342122186495177, 1.00500000000000, -0.244533762057877 ) );
#4508 = CARTESIAN_POINT( '', ( 0.401286173633441, 1.00500000000000, -0.244533762057877 ) );
#4509 = CARTESIAN_POINT( '', ( 0.342122186495177, 1.00500000000000, -0.244533762057877 ) );
#4510 = CARTESIAN_POINT( '', ( 0.342122186495177, 1.00500000000000, -0.244533762057877 ) );
#4511 = CARTESIAN_POINT( '', ( 0.342122186495177, 1.00500000000000, -0.312379421221865 ) );
#4512 = CARTESIAN_POINT( '', ( -0.168167202572348, 1.00500000000000, -0.179903536977492 ) );
#4513 = CARTESIAN_POINT( '', ( -0.168167202572348, 1.00500000000000, -0.162218649517685 ) );
#4514 = CARTESIAN_POINT( '', ( -0.168167202572348, 1.00500000000000, -0.144533762057877 ) );
#4515 = CARTESIAN_POINT( '', ( -0.168167202572348, 1.00500000000000, -0.126848874598070 ) );
#4516 = CARTESIAN_POINT( '', ( -1.15273311897106, 1.00500000000000, 0.170578778135049 ) );
#4517 = CARTESIAN_POINT( '', ( -1.15273311897106, 1.00500000000000, 0.00959271168274483 ) );
#4518 = CARTESIAN_POINT( '', ( -1.15273311897106, 1.00500000000000, -0.151393354769560 ) );
#4519 = CARTESIAN_POINT( '', ( -1.15273311897106, 1.00500000000000, -0.312379421221864 ) );
#4520 = CARTESIAN_POINT( '', ( -0.753697749196141, 1.00500000000000, -0.234244372990353 ) );
#4521 = CARTESIAN_POINT( '', ( -0.753697749196141, 1.00500000000000, 0.170578778135049 ) );
#4522 = CARTESIAN_POINT( '', ( -0.753697749196141, 1.00500000000000, 0.0356377277599151 ) );
#4523 = CARTESIAN_POINT( '', ( -0.753697749196141, 1.00500000000000, -0.0993033226152189 ) );
#4524 = CARTESIAN_POINT( '', ( -0.753697749196141, 1.00500000000000, -0.234244372990353 ) );
#4525 = CARTESIAN_POINT( '', ( -0.895498392282958, 1.00500000000000, 0.170578778135049 ) );
#4526 = CARTESIAN_POINT( '', ( -0.753697749196141, 1.00500000000000, -0.234244372990353 ) );
#4527 = CARTESIAN_POINT( '', ( -0.800964630225080, 1.00500000000000, -0.0993033226152188 ) );
#4528 = CARTESIAN_POINT( '', ( -0.848231511254019, 1.00500000000000, 0.0356377277599152 ) );
#4529 = CARTESIAN_POINT( '', ( -0.895498392282958, 1.00500000000000, 0.170578778135049 ) );
#4530 = CARTESIAN_POINT( '', ( -0.895498392282958, 1.00500000000000, 0.170578778135049 ) );
#4531 = CARTESIAN_POINT( '', ( -0.914362272240085, 1.00500000000000, 0.170578778135049 ) );
#4532 = CARTESIAN_POINT( '', ( -0.933226152197213, 1.00500000000000, 0.170578778135049 ) );
#4533 = CARTESIAN_POINT( '', ( -0.952090032154341, 1.00500000000000, 0.170578778135049 ) );
#4534 = CARTESIAN_POINT( '', ( 2.08685290420300, 1.00500000000000, -1.33500000000000 ) );
#4535 = VECTOR( '', #5008, 1000.00000000000 );
#4536 = CARTESIAN_POINT( '', ( 2.08685290420300, 1.00500000000000, 1.33500000000000 ) );
#4537 = VECTOR( '', #5009, 1000.00000000000 );
#4538 = CARTESIAN_POINT( '', ( -0.355305466237942, 1.00500000000000, 0.170578778135049 ) );
#4539 = CARTESIAN_POINT( '', ( -0.361736334405145, 1.00500000000000, 0.158360128617364 ) );
#4540 = CARTESIAN_POINT( '', ( -0.365916398713826, 1.00500000000000, 0.143569131832798 ) );
#4541 = CARTESIAN_POINT( '', ( -0.367845659163987, 1.00500000000000, 0.126527331189711 ) );
#4542 = CARTESIAN_POINT( '', ( -0.606109324758842, 1.00500000000000, -0.0799035369774912 ) );
#4543 = CARTESIAN_POINT( '', ( -0.600964630225080, 1.00500000000000, -0.104662379421221 ) );
#4544 = CARTESIAN_POINT( '', ( -0.592282958199357, 1.00500000000000, -0.124598070739549 ) );
#4545 = CARTESIAN_POINT( '', ( -0.580064308681672, 1.00500000000000, -0.140032154340835 ) );
#4546 = CARTESIAN_POINT( '', ( -0.568002141334971, 1.00500000000000, -0.155268576252457 ) );
#4547 = CARTESIAN_POINT( '', ( -0.550482315112540, 1.00500000000000, -0.167041800643086 ) );
#4548 = CARTESIAN_POINT( '', ( -0.527652733118971, 1.00500000000000, -0.175401929260450 ) );
#4549 = CARTESIAN_POINT( '', ( -0.504643453523563, 1.00500000000000, -0.183827862633415 ) );
#4550 = CARTESIAN_POINT( '', ( -0.478135048231511, 1.00500000000000, -0.187620578778134 ) );
#4551 = CARTESIAN_POINT( '', ( -0.418006430868167, 1.00500000000000, -0.187620578778134 ) );
#4552 = CARTESIAN_POINT( '', ( -0.393890675241158, 1.00500000000000, -0.184083601286173 ) );
#4553 = CARTESIAN_POINT( '', ( -0.374919614147910, 1.00500000000000, -0.177009646302250 ) );
#4554 = CARTESIAN_POINT( '', ( -0.356230846271435, 1.00500000000000, -0.170040953195768 ) );
#4555 = CARTESIAN_POINT( '', ( -0.342443729903537, 1.00500000000000, -0.161254019292604 ) );
#4556 = CARTESIAN_POINT( '', ( -0.325080385852089, 1.00500000000000, -0.140032154340835 ) );
#4557 = CARTESIAN_POINT( '', ( -0.318971061093248, 1.00500000000000, -0.126527331189710 ) );
#4558 = CARTESIAN_POINT( '', ( -0.315434083601286, 1.00500000000000, -0.110450160771703 ) );
#4559 = CARTESIAN_POINT( '', ( -0.313171011776021, 1.00500000000000, -0.100163470656863 ) );
#4560 = CARTESIAN_POINT( '', ( -0.312218649517685, 1.00500000000000, -0.0818327974276520 ) );
#4561 = CARTESIAN_POINT( '', ( -0.312218649517685, 1.00500000000000, -0.0554662379421214 ) );
#4562 = CARTESIAN_POINT( '', ( -0.312218649517685, 1.00500000000000, -0.0289924973204709 ) );
#4563 = CARTESIAN_POINT( '', ( -0.312218649517685, 1.00500000000000, -0.00251875669882031 ) );
#4564 = CARTESIAN_POINT( '', ( -0.312218649517685, 1.00500000000000, 0.0239549839228303 ) );
#4565 = CARTESIAN_POINT( '', ( -0.312218649517685, 1.00500000000000, 0.0792604501607724 ) );
#4566 = CARTESIAN_POINT( '', ( -0.310932475884245, 1.00500000000000, 0.113987138263666 ) );
#4567 = CARTESIAN_POINT( '', ( -0.308681672025723, 1.00500000000000, 0.128778135048232 ) );
#4568 = CARTESIAN_POINT( '', ( -0.306471413825623, 1.00500000000000, 0.143302688934600 ) );
#4569 = CARTESIAN_POINT( '', ( -0.301286173633440, 1.00500000000000, 0.157395498392284 ) );
#4570 = CARTESIAN_POINT( '', ( -0.294212218649518, 1.00500000000000, 0.170578778135049 ) );
#4571 = CARTESIAN_POINT( '', ( 0.0627009646302250, 1.00500000000000, 0.0319935691318334 ) );
#4572 = CARTESIAN_POINT( '', ( 0.0627009646302250, 1.00500000000000, 0.0319935691318334 ) );
#4573 = CARTESIAN_POINT( '', ( 0.0627009646302250, 1.00500000000000, 0.170578778135049 ) );
#4574 = CARTESIAN_POINT( '', ( 0.00353697749196164, 1.00500000000000, 0.170578778135049 ) );
#4575 = CARTESIAN_POINT( '', ( 0.00353697749196148, 1.00500000000000, -0.312379421221865 ) );
#4576 = CARTESIAN_POINT( '', ( 0.0627009646302249, 1.00500000000000, -0.312379421221865 ) );
#4577 = CARTESIAN_POINT( '', ( 0.0627009646302249, 1.00500000000000, -0.0377813504823145 ) );
#4578 = CARTESIAN_POINT( '', ( 0.146623794212218, 1.00500000000000, -0.0493569131832792 ) );
#4579 = CARTESIAN_POINT( '', ( 0.281028938906752, 1.00500000000000, -0.179903536977492 ) );
#4580 = CARTESIAN_POINT( '', ( 0.146623794212218, 1.00500000000000, -0.0493569131832792 ) );
#4581 = CARTESIAN_POINT( '', ( 0.294533762057878, 1.00500000000000, 0.170578778135048 ) );
#4582 = CARTESIAN_POINT( '', ( 0.146623794212218, 1.00500000000000, -0.0493569131832792 ) );
#4583 = CARTESIAN_POINT( '', ( 0.294533762057878, 1.00500000000000, 0.170578778135048 ) );
#4584 = CARTESIAN_POINT( '', ( 0.294533762057878, 1.00500000000000, 0.170578778135048 ) );
#4585 = CARTESIAN_POINT( '', ( 0.221221864951769, 1.00500000000000, 0.170578778135049 ) );
#4586 = CARTESIAN_POINT( '', ( 0.103858520900322, 1.00500000000000, -0.00787781350482255 ) );
#4587 = CARTESIAN_POINT( '', ( 0.0627009646302250, 1.00500000000000, 0.0319935691318334 ) );
#4588 = CARTESIAN_POINT( '', ( 0.342122186495177, 1.00500000000000, -0.179903536977492 ) );
#4589 = CARTESIAN_POINT( '', ( 0.401286173633441, 1.00500000000000, -0.179903536977492 ) );
#4590 = CARTESIAN_POINT( '', ( 1.15273311897106, 1.00500000000000, -0.179903536977492 ) );
#4591 = CARTESIAN_POINT( '', ( 1.09935691318328, 1.00500000000000, -0.179903536977492 ) );
#4592 = CARTESIAN_POINT( '', ( 1.11714898177921, 1.00500000000000, -0.179903536977492 ) );
#4593 = CARTESIAN_POINT( '', ( 1.13494105037513, 1.00500000000000, -0.179903536977492 ) );
#4594 = CARTESIAN_POINT( '', ( 1.15273311897106, 1.00500000000000, -0.179903536977492 ) );
#4595 = CARTESIAN_POINT( '', ( 1.15273311897106, 1.00500000000000, -0.179903536977492 ) );
#4596 = CARTESIAN_POINT( '', ( 1.15273311897106, 1.00500000000000, -0.0789389067524114 ) );
#4597 = CARTESIAN_POINT( '', ( 1.15273311897106, 1.00500000000000, 0.0220257234726690 ) );
#4598 = CARTESIAN_POINT( '', ( 1.15273311897106, 1.00500000000000, 0.122990353697749 ) );
#4599 = CARTESIAN_POINT( '', ( 1.15273311897106, 1.00500000000000, 0.177331189710611 ) );
#4600 = CARTESIAN_POINT( '', ( 1.14726688102894, 1.00500000000000, 0.215916398713827 ) );
#4601 = CARTESIAN_POINT( '', ( 1.13601286173633, 1.00500000000000, 0.238745980707395 ) );
#4602 = CARTESIAN_POINT( '', ( 1.12482170402612, 1.00500000000000, 0.261448043490979 ) );
#4603 = CARTESIAN_POINT( '', ( 1.10739549839228, 1.00500000000000, 0.279581993569132 ) );
#4604 = CARTESIAN_POINT( '', ( 1.05916398713826, 1.00500000000000, 0.305948553054663 ) );
#4605 = CARTESIAN_POINT( '', ( 1.02958199356913, 1.00500000000000, 0.312379421221865 ) );
#4606 = CARTESIAN_POINT( '', ( 0.952411575562701, 1.00500000000000, 0.312379421221865 ) );
#4607 = CARTESIAN_POINT( '', ( 0.918649517684888, 1.00500000000000, 0.303054662379421 ) );
#4608 = CARTESIAN_POINT( '', ( 0.892926045016077, 1.00500000000000, 0.284405144694534 ) );
#4609 = CARTESIAN_POINT( '', ( 0.867049770072094, 1.00500000000000, 0.265644845360146 ) );
#4610 = CARTESIAN_POINT( '', ( 0.854662379421222, 1.00500000000000, 0.237138263665595 ) );
#4611 = CARTESIAN_POINT( '', ( 0.855627009646303, 1.00500000000000, 0.199196141479100 ) );
#4612 = COLOUR_RGB( '', 0.819607853889465, 0.819607853889465, 0.819607853889465 );
#4613 = CARTESIAN_POINT( '', ( -2.22518754782369, -1.01435778713738, 0.725000000000000 ) );
#4614 = AXIS2_PLACEMENT_3D( '', #5010, #5011, #5012 );
#4615 = CARTESIAN_POINT( '', ( -2.22519026509522, -1.01435778713738, -4.69837800000000 ) );
#4616 = VECTOR( '', #5013, 1000.00000000000 );
#4617 = COLOUR_RGB( '', 0.568627476692200, 0.568627476692200, 0.568627476692200 );
#4618 = CARTESIAN_POINT( '', ( -1.15273311897106, 1.00300000000000, 0.170578778135049 ) );
#4619 = CARTESIAN_POINT( '', ( -1.15273311897106, 1.00300000000000, 0.00959271168274483 ) );
#4620 = CARTESIAN_POINT( '', ( -1.15273311897106, 1.00300000000000, -0.151393354769560 ) );
#4621 = CARTESIAN_POINT( '', ( -1.15273311897106, 1.00300000000000, -0.312379421221864 ) );
#4622 = COLOUR_RGB( '', 0.568627476692200, 0.568627476692200, 0.568627476692200 );
#4623 = CARTESIAN_POINT( '', ( 0.342122186495177, 1.00300000000000, -0.179903536977492 ) );
#4624 = CARTESIAN_POINT( '', ( 0.401286173633441, 1.00300000000000, -0.179903536977492 ) );
#4625 = COLOUR_RGB( '', 0.568627476692200, 0.568627476692200, 0.568627476692200 );
#4626 = CARTESIAN_POINT( '', ( 1.15273311897106, 1.00300000000000, -0.179903536977492 ) );
#4627 = CARTESIAN_POINT( '', ( 1.09935691318328, 1.00300000000000, -0.179903536977492 ) );
#4628 = CARTESIAN_POINT( '', ( 1.11714898177921, 1.00300000000000, -0.179903536977492 ) );
#4629 = CARTESIAN_POINT( '', ( 1.13494105037513, 1.00300000000000, -0.179903536977492 ) );
#4630 = CARTESIAN_POINT( '', ( 1.15273311897106, 1.00300000000000, -0.179903536977492 ) );
#4631 = CARTESIAN_POINT( '', ( 1.15273311897106, 1.00300000000000, -0.179903536977492 ) );
#4632 = VECTOR( '', #5014, 1000.00000000000 );
#4633 = COLOUR_RGB( '', 0.117647059261799, 0.117647059261799, 0.117647059261799 );
#4634 = CARTESIAN_POINT( '', ( -0.500000000000000, -1.13000000000000, -1.33500000000000 ) );
#4635 = VECTOR( '', #5015, 1000.00000000000 );
#4636 = CARTESIAN_POINT( '', ( -2.04925936329685, 1.00171099134898, -1.33500000000000 ) );
#4637 = VECTOR( '', #5016, 1000.00000000000 );
#4638 = CARTESIAN_POINT( '', ( -1.43891012660909, 1.00300000000000, -1.33500000000000 ) );
#4639 = VECTOR( '', #5017, 1000.00000000000 );
#4640 = COLOUR_RGB( '', 0.568627476692200, 0.568627476692200, 0.568627476692200 );
#4641 = CARTESIAN_POINT( '', ( 0.342122186495177, 1.00300000000000, -0.244533762057877 ) );
#4642 = CARTESIAN_POINT( '', ( 0.342122186495177, 1.00300000000000, -0.244533762057877 ) );
#4643 = VECTOR( '', #5018, 1000.00000000000 );
#4644 = CARTESIAN_POINT( '', ( 0.342122186495177, 1.00300000000000, -0.244533762057877 ) );
#4645 = CARTESIAN_POINT( '', ( 0.342122186495177, 1.00300000000000, -0.312379421221865 ) );
#4646 = COLOUR_RGB( '', 0.568627476692200, 0.568627476692200, 0.568627476692200 );
#4647 = CARTESIAN_POINT( '', ( 1.15273311897106, 1.00300000000000, -0.179903536977492 ) );
#4648 = CARTESIAN_POINT( '', ( 1.15273311897106, 1.00300000000000, -0.0789389067524114 ) );
#4649 = CARTESIAN_POINT( '', ( 1.15273311897106, 1.00300000000000, 0.0220257234726690 ) );
#4650 = CARTESIAN_POINT( '', ( 1.15273311897106, 1.00300000000000, 0.122990353697749 ) );
#4651 = CARTESIAN_POINT( '', ( 1.15273311897106, 1.00300000000000, 0.177331189710611 ) );
#4652 = CARTESIAN_POINT( '', ( 1.14726688102894, 1.00300000000000, 0.215916398713827 ) );
#4653 = CARTESIAN_POINT( '', ( 1.13601286173633, 1.00300000000000, 0.238745980707395 ) );
#4654 = CARTESIAN_POINT( '', ( 1.12482170402612, 1.00300000000000, 0.261448043490979 ) );
#4655 = CARTESIAN_POINT( '', ( 1.10739549839228, 1.00300000000000, 0.279581993569132 ) );
#4656 = CARTESIAN_POINT( '', ( 1.05916398713826, 1.00300000000000, 0.305948553054663 ) );
#4657 = CARTESIAN_POINT( '', ( 1.02958199356913, 1.00300000000000, 0.312379421221865 ) );
#4658 = CARTESIAN_POINT( '', ( 0.952411575562701, 1.00300000000000, 0.312379421221865 ) );
#4659 = CARTESIAN_POINT( '', ( 0.918649517684888, 1.00300000000000, 0.303054662379421 ) );
#4660 = CARTESIAN_POINT( '', ( 0.892926045016077, 1.00300000000000, 0.284405144694534 ) );
#4661 = CARTESIAN_POINT( '', ( 0.867049770072094, 1.00300000000000, 0.265644845360146 ) );
#4662 = CARTESIAN_POINT( '', ( 0.854662379421222, 1.00300000000000, 0.237138263665595 ) );
#4663 = CARTESIAN_POINT( '', ( 0.855627009646303, 1.00300000000000, 0.199196141479100 ) );
#4664 = COLOUR_RGB( '', 0.819607853889465, 0.819607853889465, 0.819607853889465 );
#4665 = CARTESIAN_POINT( '', ( 2.55519026509542, -1.14435778713738, 0.725000000000000 ) );
#4666 = CARTESIAN_POINT( '', ( 2.55519026509542, 0.0756422128626073, 0.725000000000000 ) );
#4667 = CARTESIAN_POINT( '', ( 2.55519026509542, -1.21435778713738, 0.725000000000000 ) );
#4668 = VECTOR( '', #5019, 1000.00000000000 );
#4669 = CARTESIAN_POINT( '', ( 2.55519026509542, -1.14435778713738, 0.725000000000000 ) );
#4670 = VECTOR( '', #5020, 1000.00000000000 );
#4671 = CARTESIAN_POINT( '', ( 2.55519026509542, 0.0756422128626073, 0.725000000000000 ) );
#4672 = VECTOR( '', #5021, 1000.00000000000 );
#4673 = COLOUR_RGB( '', 0.568627476692200, 0.568627476692200, 0.568627476692200 );
#4674 = CARTESIAN_POINT( '', ( 0.549839228295821, 1.00300000000000, 0.170578778135048 ) );
#4675 = CARTESIAN_POINT( '', ( 0.530117899249733, 1.00300000000000, 0.170578778135048 ) );
#4676 = CARTESIAN_POINT( '', ( 0.510396570203645, 1.00300000000000, 0.170578778135048 ) );
#4677 = CARTESIAN_POINT( '', ( 0.490675241157557, 1.00300000000000, 0.170578778135048 ) );
#4678 = CARTESIAN_POINT( '', ( 0.775562700964631, 1.00300000000000, 0.170578778135048 ) );
#4679 = CARTESIAN_POINT( '', ( 0.755841371918543, 1.00300000000000, 0.170578778135048 ) );
#4680 = CARTESIAN_POINT( '', ( 0.736120042872455, 1.00300000000000, 0.170578778135048 ) );
#4681 = CARTESIAN_POINT( '', ( 0.716398713826367, 1.00300000000000, 0.170578778135048 ) );
#4682 = COLOUR_RGB( '', 0.819607853889465, 0.819607853889465, 0.819607853889465 );
#4683 = CARTESIAN_POINT( '', ( -2.22518733417972, -0.0543577871373927, 0.725000000000000 ) );
#4684 = CARTESIAN_POINT( '', ( -2.37500000000000, -0.0543577871373927, 0.725000000000000 ) );
#4685 = VECTOR( '', #5022, 1000.00000000000 );
#4686 = CARTESIAN_POINT( '', ( -2.22519026509522, -0.0543577871373927, -0.725000000000000 ) );
#4687 = VECTOR( '', #5023, 1000.00000000000 );
#4688 = COLOUR_RGB( '', 0.819607853889465, 0.819607853889465, 0.819607853889465 );
#4689 = AXIS2_PLACEMENT_3D( '', #5024, #5025, #5026 );
#4690 = COLOUR_RGB( '', 0.819607853889465, 0.819607853889465, 0.819607853889465 );
#4691 = CARTESIAN_POINT( '', ( 1.41519026509541, -1.00435778713738, 0.725000000000000 ) );
#4692 = VECTOR( '', #5027, 1000.00000000000 );
#4693 = COLOUR_RGB( '', 0.819607853889465, 0.819607853889465, 0.819607853889465 );
#4694 = CARTESIAN_POINT( '', ( -2.45518754781834, -1.24435778713738, 0.725000000000000 ) );
#4695 = CARTESIAN_POINT( '', ( -2.45519026509522, -1.24435778713738, -0.725000000000000 ) );
#4696 = VECTOR( '', #5028, 1000.00000000000 );
#4697 = AXIS2_PLACEMENT_3D( '', #5029, #5030, #5031 );
#4698 = COLOUR_RGB( '', 0.117647059261799, 0.117647059261799, 0.117647059261799 );
#4699 = CARTESIAN_POINT( '', ( -1.20891012660909, 1.00300000000000, 1.33500000000000 ) );
#4700 = VECTOR( '', #5032, 1000.00000000000 );
#4701 = CARTESIAN_POINT( '', ( -2.04925936329685, 1.00171099134898, 1.33500000000000 ) );
#4702 = VECTOR( '', #5033, 1000.00000000000 );
#4703 = CARTESIAN_POINT( '', ( -0.500000000000000, -1.13000000000000, 1.33500000000000 ) );
#4704 = VECTOR( '', #5034, 1000.00000000000 );
#4705 = COLOUR_RGB( '', 0.819607853889465, 0.819607853889465, 0.819607853889465 );
#4706 = CARTESIAN_POINT( '', ( -1.46500000000000, -1.01435778713738, 0.725000000000000 ) );
#4707 = VECTOR( '', #5035, 1000.00000000000 );
#4708 = COLOUR_RGB( '', 0.819607853889465, 0.819607853889465, 0.819607853889465 );
#4709 = CARTESIAN_POINT( '', ( 2.22519026509542, -0.0543577871373927, 0.725000000000000 ) );
#4710 = AXIS2_PLACEMENT_3D( '', #5036, #5037, #5038 );
#4711 = CARTESIAN_POINT( '', ( 2.22519026509542, -0.0543577871373927, -0.725000000000000 ) );
#4712 = VECTOR( '', #5039, 1000.00000000000 );
#4713 = COLOUR_RGB( '', 0.819607853889465, 0.819607853889465, 0.819607853889465 );
#4714 = CARTESIAN_POINT( '', ( -2.50500000000000, -1.24435778713738, 0.725000000000000 ) );
#4715 = VECTOR( '', #5040, 1000.00000000000 );
#4716 = COLOUR_RGB( '', 0.117647059261799, 0.117647059261799, 0.117647059261799 );
#4717 = COLOUR_RGB( '', 0.568627476692200, 0.568627476692200, 0.568627476692200 );
#4718 = COLOUR_RGB( '', 0.568627476692200, 0.568627476692200, 0.568627476692200 );
#4719 = CARTESIAN_POINT( '', ( -0.753697749196141, 1.00300000000000, -0.234244372990353 ) );
#4720 = CARTESIAN_POINT( '', ( -0.753697749196141, 1.00300000000000, -0.234244372990353 ) );
#4721 = VECTOR( '', #5041, 1000.00000000000 );
#4722 = CARTESIAN_POINT( '', ( -0.895498392282958, 1.00300000000000, 0.170578778135049 ) );
#4723 = CARTESIAN_POINT( '', ( -0.753697749196141, 1.00300000000000, -0.234244372990353 ) );
#4724 = CARTESIAN_POINT( '', ( -0.800964630225080, 1.00300000000000, -0.0993033226152188 ) );
#4725 = CARTESIAN_POINT( '', ( -0.848231511254019, 1.00300000000000, 0.0356377277599152 ) );
#4726 = CARTESIAN_POINT( '', ( -0.895498392282958, 1.00300000000000, 0.170578778135049 ) );
#4727 = CARTESIAN_POINT( '', ( -0.895498392282958, 1.00300000000000, 0.170578778135049 ) );
#4728 = VECTOR( '', #5042, 1000.00000000000 );
#4729 = COLOUR_RGB( '', 0.568627476692200, 0.568627476692200, 0.568627476692200 );
#4730 = CARTESIAN_POINT( '', ( 0.0627009646302250, 1.00300000000000, 0.0319935691318334 ) );
#4731 = CARTESIAN_POINT( '', ( 0.103858520900322, 1.00300000000000, -0.00787781350482255 ) );
#4732 = CARTESIAN_POINT( '', ( 0.0627009646302250, 1.00300000000000, 0.0319935691318334 ) );
#4733 = CARTESIAN_POINT( '', ( 0.0627009646302250, 1.00300000000000, 0.0319935691318334 ) );
#4734 = VECTOR( '', #5043, 1000.00000000000 );
#4735 = COLOUR_RGB( '', 0.568627476692200, 0.568627476692200, 0.568627476692200 );
#4736 = CARTESIAN_POINT( '', ( -0.355305466237942, 1.00300000000000, 0.170578778135049 ) );
#4737 = CARTESIAN_POINT( '', ( -0.361736334405145, 1.00300000000000, 0.158360128617364 ) );
#4738 = CARTESIAN_POINT( '', ( -0.365916398713826, 1.00300000000000, 0.143569131832798 ) );
#4739 = CARTESIAN_POINT( '', ( -0.367845659163987, 1.00300000000000, 0.126527331189711 ) );
#4740 = COLOUR_RGB( '', 0.117647059261799, 0.117647059261799, 0.117647059261799 );
#4741 = COLOUR_RGB( '', 0.568627476692200, 0.568627476692200, 0.568627476692200 );
#4742 = COLOUR_RGB( '', 0.568627476692200, 0.568627476692200, 0.568627476692200 );
#4743 = CARTESIAN_POINT( '', ( 0.401286173633441, 1.00300000000000, -0.244533762057877 ) );
#4744 = CARTESIAN_POINT( '', ( 0.401286173633441, 1.00300000000000, -0.244533762057877 ) );
#4745 = CARTESIAN_POINT( '', ( 0.342122186495177, 1.00300000000000, -0.244533762057877 ) );
#4746 = CARTESIAN_POINT( '', ( 0.401286173633441, 1.00300000000000, -0.312379421221865 ) );
#4747 = CARTESIAN_POINT( '', ( 0.401286173633441, 1.00300000000000, -0.244533762057877 ) );
#4748 = COLOUR_RGB( '', 0.568627476692200, 0.568627476692200, 0.568627476692200 );
#4749 = CARTESIAN_POINT( '', ( 0.401286173633441, 1.00300000000000, -0.244533762057877 ) );
#4750 = VECTOR( '', #5044, 1000.00000000000 );
#4751 = COLOUR_RGB( '', 0.568627476692200, 0.568627476692200, 0.568627476692200 );
#4752 = CARTESIAN_POINT( '', ( 0.00353697749196164, 1.00300000000000, 0.170578778135049 ) );
#4753 = CARTESIAN_POINT( '', ( 0.00353697749196148, 1.00300000000000, -0.312379421221865 ) );
#4754 = COLOUR_RGB( '', 0.568627476692200, 0.568627476692200, 0.568627476692200 );
#4755 = CARTESIAN_POINT( '', ( -0.371382636655949, 1.00300000000000, -0.00498392282958126 ) );
#4756 = CARTESIAN_POINT( '', ( -0.392926045016077, 1.00300000000000, 0.00369774919614222 ) );
#4757 = CARTESIAN_POINT( '', ( -0.425401929260450, 1.00300000000000, 0.0110932475884252 ) );
#4758 = CARTESIAN_POINT( '', ( -0.468810289389067, 1.00300000000000, 0.0172025723472677 ) );
#4759 = CARTESIAN_POINT( '', ( -0.493261065359502, 1.00300000000000, 0.0206437926690325 ) );
#4760 = CARTESIAN_POINT( '', ( -0.510610932475884, 1.00300000000000, 0.0249196141479107 ) );
#4761 = CARTESIAN_POINT( '', ( -0.520900321543408, 1.00300000000000, 0.0290996784565925 ) );
#4762 = CARTESIAN_POINT( '', ( -0.531301833040000, 1.00300000000000, 0.0333252925020828 ) );
#4763 = CARTESIAN_POINT( '', ( -0.538906752411575, 1.00300000000000, 0.0400321543408368 ) );
#4764 = CARTESIAN_POINT( '', ( -0.544372990353698, 1.00300000000000, 0.0483922829582001 ) );
#4765 = CARTESIAN_POINT( '', ( -0.550082801592723, 1.00300000000000, 0.0571249354414150 ) );
#4766 = CARTESIAN_POINT( '', ( -0.552733118971061, 1.00300000000000, 0.0663987138263674 ) );
#4767 = CARTESIAN_POINT( '', ( -0.552733118971061, 1.00300000000000, 0.0927652733118979 ) );
#4768 = CARTESIAN_POINT( '', ( -0.546623794212218, 1.00300000000000, 0.105948553054663 ) );
#4769 = CARTESIAN_POINT( '', ( -0.534726688102894, 1.00300000000000, 0.116237942122187 ) );
#4770 = COLOUR_RGB( '', 0.568627476692200, 0.568627476692200, 0.568627476692200 );
#4771 = CARTESIAN_POINT( '', ( -0.753697749196141, 1.00300000000000, 0.170578778135049 ) );
#4772 = CARTESIAN_POINT( '', ( -0.753697749196141, 1.00300000000000, 0.0356377277599151 ) );
#4773 = CARTESIAN_POINT( '', ( -0.753697749196141, 1.00300000000000, -0.0993033226152189 ) );
#4774 = CARTESIAN_POINT( '', ( -0.753697749196141, 1.00300000000000, -0.234244372990353 ) );
#4775 = COLOUR_RGB( '', 0.568627476692200, 0.568627476692200, 0.568627476692200 );
#4776 = COLOUR_RGB( '', 0.819607853889465, 0.819607853889465, 0.819607853889465 );
#4777 = AXIS2_PLACEMENT_3D( '', #5045, #5046, #5047 );
#4778 = COLOUR_RGB( '', 0.117647059261799, 0.117647059261799, 0.117647059261799 );
#4779 = COLOUR_RGB( '', 0.568627476692200, 0.568627476692200, 0.568627476692200 );
#4780 = COLOUR_RGB( '', 0.568627476692200, 0.568627476692200, 0.568627476692200 );
#4781 = CARTESIAN_POINT( '', ( 0.146623794212218, 1.00300000000000, -0.0493569131832792 ) );
#4782 = CARTESIAN_POINT( '', ( 0.281028938906752, 1.00300000000000, -0.179903536977492 ) );
#4783 = CARTESIAN_POINT( '', ( 0.146623794212218, 1.00300000000000, -0.0493569131832792 ) );
#4784 = CARTESIAN_POINT( '', ( 0.146623794212218, 1.00300000000000, -0.0493569131832792 ) );
#4785 = VECTOR( '', #5048, 1000.00000000000 );
#4786 = COLOUR_RGB( '', 0.568627476692200, 0.568627476692200, 0.568627476692200 );
#4787 = CARTESIAN_POINT( '', ( 0.0627009646302250, 1.00300000000000, 0.0319935691318334 ) );
#4788 = CARTESIAN_POINT( '', ( 0.0627009646302250, 1.00300000000000, 0.170578778135049 ) );
#4789 = COLOUR_RGB( '', 0.568627476692200, 0.568627476692200, 0.568627476692200 );
#4790 = COLOUR_RGB( '', 0.819607853889465, 0.819607853889465, 0.819607853889465 );
#4791 = AXIS2_PLACEMENT_3D( '', #5049, #5050, #5051 );
#4792 = COLOUR_RGB( '', 0.568627476692200, 0.568627476692200, 0.568627476692200 );
#4793 = CARTESIAN_POINT( '', ( -0.606109324758842, 1.00300000000000, -0.0799035369774912 ) );
#4794 = CARTESIAN_POINT( '', ( -0.600964630225080, 1.00300000000000, -0.104662379421221 ) );
#4795 = CARTESIAN_POINT( '', ( -0.592282958199357, 1.00300000000000, -0.124598070739549 ) );
#4796 = CARTESIAN_POINT( '', ( -0.580064308681672, 1.00300000000000, -0.140032154340835 ) );
#4797 = CARTESIAN_POINT( '', ( -0.568002141334971, 1.00300000000000, -0.155268576252457 ) );
#4798 = CARTESIAN_POINT( '', ( -0.550482315112540, 1.00300000000000, -0.167041800643086 ) );
#4799 = CARTESIAN_POINT( '', ( -0.527652733118971, 1.00300000000000, -0.175401929260450 ) );
#4800 = CARTESIAN_POINT( '', ( -0.504643453523563, 1.00300000000000, -0.183827862633415 ) );
#4801 = CARTESIAN_POINT( '', ( -0.478135048231511, 1.00300000000000, -0.187620578778134 ) );
#4802 = CARTESIAN_POINT( '', ( -0.418006430868167, 1.00300000000000, -0.187620578778134 ) );
#4803 = CARTESIAN_POINT( '', ( -0.393890675241158, 1.00300000000000, -0.184083601286173 ) );
#4804 = CARTESIAN_POINT( '', ( -0.374919614147910, 1.00300000000000, -0.177009646302250 ) );
#4805 = CARTESIAN_POINT( '', ( -0.356230846271435, 1.00300000000000, -0.170040953195768 ) );
#4806 = CARTESIAN_POINT( '', ( -0.342443729903537, 1.00300000000000, -0.161254019292604 ) );
#4807 = CARTESIAN_POINT( '', ( -0.325080385852089, 1.00300000000000, -0.140032154340835 ) );
#4808 = CARTESIAN_POINT( '', ( -0.318971061093248, 1.00300000000000, -0.126527331189710 ) );
#4809 = CARTESIAN_POINT( '', ( -0.315434083601286, 1.00300000000000, -0.110450160771703 ) );
#4810 = CARTESIAN_POINT( '', ( -0.313171011776021, 1.00300000000000, -0.100163470656863 ) );
#4811 = CARTESIAN_POINT( '', ( -0.312218649517685, 1.00300000000000, -0.0818327974276520 ) );
#4812 = CARTESIAN_POINT( '', ( -0.312218649517685, 1.00300000000000, -0.0554662379421214 ) );
#4813 = CARTESIAN_POINT( '', ( -0.312218649517685, 1.00300000000000, -0.0289924973204709 ) );
#4814 = CARTESIAN_POINT( '', ( -0.312218649517685, 1.00300000000000, -0.00251875669882031 ) );
#4815 = CARTESIAN_POINT( '', ( -0.312218649517685, 1.00300000000000, 0.0239549839228303 ) );
#4816 = CARTESIAN_POINT( '', ( -0.312218649517685, 1.00300000000000, 0.0792604501607724 ) );
#4817 = CARTESIAN_POINT( '', ( -0.310932475884245, 1.00300000000000, 0.113987138263666 ) );
#4818 = CARTESIAN_POINT( '', ( -0.308681672025723, 1.00300000000000, 0.128778135048232 ) );
#4819 = CARTESIAN_POINT( '', ( -0.306471413825623, 1.00300000000000, 0.143302688934600 ) );
#4820 = CARTESIAN_POINT( '', ( -0.301286173633440, 1.00300000000000, 0.157395498392284 ) );
#4821 = CARTESIAN_POINT( '', ( -0.294212218649518, 1.00300000000000, 0.170578778135049 ) );
#4822 = COLOUR_RGB( '', 0.819607853889465, 0.819607853889465, 0.819607853889465 );
#4823 = CARTESIAN_POINT( '', ( 2.08603682087241, -0.0543577871373927, 0.725000000000000 ) );
#4824 = VECTOR( '', #5052, 1000.00000000000 );
#4825 = COLOUR_RGB( '', 0.819607853889465, 0.819607853889465, 0.819607853889465 );
#4826 = AXIS2_PLACEMENT_3D( '', #5053, #5054, #5055 );
#4827 = AXIS2_PLACEMENT_3D( '', #5056, #5057, #5058 );
#4828 = COLOUR_RGB( '', 0.568627476692200, 0.568627476692200, 0.568627476692200 );
#4829 = CARTESIAN_POINT( '', ( -0.895498392282958, 1.00300000000000, 0.170578778135049 ) );
#4830 = CARTESIAN_POINT( '', ( -0.914362272240085, 1.00300000000000, 0.170578778135049 ) );
#4831 = CARTESIAN_POINT( '', ( -0.933226152197213, 1.00300000000000, 0.170578778135049 ) );
#4832 = CARTESIAN_POINT( '', ( -0.952090032154341, 1.00300000000000, 0.170578778135049 ) );
#4833 = COLOUR_RGB( '', 0.819607853889465, 0.819607853889465, 0.819607853889465 );
#4834 = COLOUR_RGB( '', 0.568627476692200, 0.568627476692200, 0.568627476692200 );
#4835 = COLOUR_RGB( '', 0.568627476692200, 0.568627476692200, 0.568627476692200 );
#4836 = COLOUR_RGB( '', 0.819607853889465, 0.819607853889465, 0.819607853889465 );
#4837 = COLOUR_RGB( '', 0.568627476692200, 0.568627476692200, 0.568627476692200 );
#4838 = CARTESIAN_POINT( '', ( 0.294533762057878, 1.00300000000000, 0.170578778135048 ) );
#4839 = CARTESIAN_POINT( '', ( 0.146623794212218, 1.00300000000000, -0.0493569131832792 ) );
#4840 = CARTESIAN_POINT( '', ( 0.294533762057878, 1.00300000000000, 0.170578778135048 ) );
#4841 = CARTESIAN_POINT( '', ( 0.294533762057878, 1.00300000000000, 0.170578778135048 ) );
#4842 = VECTOR( '', #5059, 1000.00000000000 );
#4843 = COLOUR_RGB( '', 0.568627476692200, 0.568627476692200, 0.568627476692200 );
#4844 = CARTESIAN_POINT( '', ( 0.294533762057878, 1.00300000000000, 0.170578778135048 ) );
#4845 = CARTESIAN_POINT( '', ( 0.221221864951769, 1.00300000000000, 0.170578778135049 ) );
#4846 = COLOUR_RGB( '', 0.568627476692200, 0.568627476692200, 0.568627476692200 );
#4847 = COLOUR_RGB( '', 0.568627476692200, 0.568627476692200, 0.568627476692200 );
#4848 = COLOUR_RGB( '', 0.819607853889465, 0.819607853889465, 0.819607853889465 );
#4849 = COLOUR_RGB( '', 0.568627476692200, 0.568627476692200, 0.568627476692200 );
#4850 = CARTESIAN_POINT( '', ( 0.0627009646302249, 1.00300000000000, -0.312379421221865 ) );
#4851 = CARTESIAN_POINT( '', ( 0.0627009646302249, 1.00300000000000, -0.0377813504823145 ) );
#4852 = COLOUR_RGB( '', 0.568627476692200, 0.568627476692200, 0.568627476692200 );
#4853 = DIRECTION( '', ( -1.00000000000000, 0.000000000000000, 0.000000000000000 ) );
#4854 = DIRECTION( '', ( 0.000000000000000, 0.000000000000000, 1.00000000000000 ) );
#4855 = DIRECTION( '', ( -1.00000000000000, 0.000000000000000, 0.000000000000000 ) );
#4856 = DIRECTION( '', ( 0.000000000000000, 0.000000000000000, 1.00000000000000 ) );
#4857 = DIRECTION( '', ( 0.000000000000000, 1.00000000000000, 0.000000000000000 ) );
#4858 = DIRECTION( '', ( 0.000000000000000, 1.00000000000000, 0.000000000000000 ) );
#4859 = DIRECTION( '', ( 0.000000000000000, 1.00000000000000, 0.000000000000000 ) );
#4860 = DIRECTION( '', ( 0.000000000000000, 1.00000000000000, 0.000000000000000 ) );
#4861 = DIRECTION( '', ( 0.000000000000000, 1.00000000000000, 0.000000000000000 ) );
#4862 = DIRECTION( '', ( 0.000000000000000, 1.00000000000000, 0.000000000000000 ) );
#4863 = DIRECTION( '', ( 0.000000000000000, 1.00000000000000, 0.000000000000000 ) );
#4864 = DIRECTION( '', ( -1.00000000000000, 0.000000000000000, 0.000000000000000 ) );
#4865 = DIRECTION( '', ( 0.000000000000000, 0.000000000000000, -1.00000000000000 ) );
#4866 = DIRECTION( '', ( -1.00000000000000, 0.000000000000000, 0.000000000000000 ) );
#4867 = DIRECTION( '', ( 0.000000000000000, 0.000000000000000, 1.00000000000000 ) );
#4868 = DIRECTION( '', ( 0.000000000000000, 1.00000000000000, 0.000000000000000 ) );
#4869 = DIRECTION( '', ( 0.000000000000000, 1.00000000000000, 0.000000000000000 ) );
#4870 = DIRECTION( '', ( 0.000000000000000, 1.00000000000000, 0.000000000000000 ) );
#4871 = DIRECTION( '', ( 0.000000000000000, 1.00000000000000, 0.000000000000000 ) );
#4872 = DIRECTION( '', ( 1.62427291758128E-016, 0.000000000000000, 1.00000000000000 ) );
#4873 = DIRECTION( '', ( 0.000000000000000, 1.00000000000000, 0.000000000000000 ) );
#4874 = DIRECTION( '', ( 1.62427291758128E-016, 0.000000000000000, 1.00000000000000 ) );
#4875 = DIRECTION( '', ( 0.000000000000000, 1.00000000000000, 0.000000000000000 ) );
#4876 = DIRECTION( '', ( 0.000000000000000, 1.00000000000000, 0.000000000000000 ) );
#4877 = DIRECTION( '', ( 0.000000000000000, 1.00000000000000, 0.000000000000000 ) );
#4878 = DIRECTION( '', ( 0.000000000000000, -1.00000000000000, 0.000000000000000 ) );
#4879 = DIRECTION( '', ( 0.000000000000000, 0.000000000000000, 1.00000000000000 ) );
#4880 = DIRECTION( '', ( 0.000000000000000, -1.00000000000000, 0.000000000000000 ) );
#4881 = DIRECTION( '', ( 0.000000000000000, 0.000000000000000, 1.00000000000000 ) );
#4882 = DIRECTION( '', ( -0.0871557427476540, 0.996194698091746, 0.000000000000000 ) );
#4883 = DIRECTION( '', ( 1.00000000000000, 0.000000000000000, 0.000000000000000 ) );
#4884 = CARTESIAN_POINT( '', ( -2.22519026509522, -0.154357787137367, -0.725000000000000 ) );
#4885 = DIRECTION( '', ( 0.000000000000000, 0.000000000000000, 1.00000000000000 ) );
#4886 = DIRECTION( '', ( 1.00000000000000, 0.000000000000000, 0.000000000000000 ) );
#4887 = DIRECTION( '', ( 0.000000000000000, 1.00000000000000, 0.000000000000000 ) );
#4888 = CARTESIAN_POINT( '', ( -2.22519026509522, -0.914357787137357, -0.725000000000000 ) );
#4889 = DIRECTION( '', ( 0.000000000000000, 0.000000000000000, 1.00000000000000 ) );
#4890 = DIRECTION( '', ( -1.00000000000000, 0.000000000000000, 0.000000000000000 ) );
#4891 = DIRECTION( '', ( -1.00000000000000, 0.000000000000000, 0.000000000000000 ) );
#4892 = DIRECTION( '', ( 0.000000000000000, 1.00000000000000, 0.000000000000000 ) );
#4893 = DIRECTION( '', ( 1.00000000000000, 0.000000000000000, 0.000000000000000 ) );
#4894 = CARTESIAN_POINT( '', ( -2.45519026509522, -1.14435778713736, -0.725000000000000 ) );
#4895 = DIRECTION( '', ( 0.000000000000000, 0.000000000000000, -1.00000000000000 ) );
#4896 = DIRECTION( '', ( 0.000000000000000, -1.00000000000000, 0.000000000000000 ) );
#4897 = DIRECTION( '', ( 0.000000000000000, -1.00000000000000, 0.000000000000000 ) );
#4898 = CARTESIAN_POINT( '', ( -2.45519026509522, 0.0756422128626330, -0.725000000000000 ) );
#4899 = DIRECTION( '', ( 0.000000000000000, 0.000000000000000, -1.00000000000000 ) );
#4900 = DIRECTION( '', ( -1.00000000000000, 0.000000000000000, 0.000000000000000 ) );
#4901 = DIRECTION( '', ( 0.000000000000000, 0.000000000000000, 1.00000000000000 ) );
#4902 = DIRECTION( '', ( 1.00000000000000, 0.000000000000000, 0.000000000000000 ) );
#4903 = DIRECTION( '', ( 0.000000000000000, 0.000000000000000, 1.00000000000000 ) );
#4904 = DIRECTION( '', ( 1.00000000000000, 0.000000000000000, 0.000000000000000 ) );
#4905 = DIRECTION( '', ( 0.000000000000000, 1.00000000000000, 0.000000000000000 ) );
#4906 = DIRECTION( '', ( 0.000000000000000, 1.00000000000000, 0.000000000000000 ) );
#4907 = DIRECTION( '', ( 0.000000000000000, 1.00000000000000, 0.000000000000000 ) );
#4908 = DIRECTION( '', ( 0.000000000000000, 1.00000000000000, 0.000000000000000 ) );
#4909 = DIRECTION( '', ( 0.000000000000000, 1.00000000000000, 0.000000000000000 ) );
#4910 = DIRECTION( '', ( 0.000000000000000, 1.00000000000000, 0.000000000000000 ) );
#4911 = DIRECTION( '', ( 0.000000000000000, 1.00000000000000, 0.000000000000000 ) );
#4912 = DIRECTION( '', ( 0.000000000000000, 1.00000000000000, 0.000000000000000 ) );
#4913 = DIRECTION( '', ( 0.000000000000000, 1.00000000000000, 0.000000000000000 ) );
#4914 = DIRECTION( '', ( 0.000000000000000, 1.00000000000000, 0.000000000000000 ) );
#4915 = DIRECTION( '', ( 0.000000000000000, 1.00000000000000, 0.000000000000000 ) );
#4916 = DIRECTION( '', ( 0.000000000000000, 0.000000000000000, 1.00000000000000 ) );
#4917 = DIRECTION( '', ( -0.0871557427476540, 0.996194698091746, 0.000000000000000 ) );
#4918 = DIRECTION( '', ( 0.000000000000000, 0.000000000000000, 1.00000000000000 ) );
#4919 = DIRECTION( '', ( -0.0871557427476540, 0.996194698091746, 0.000000000000000 ) );
#4920 = DIRECTION( '', ( 0.000000000000000, 1.00000000000000, 0.000000000000000 ) );
#4921 = DIRECTION( '', ( 0.000000000000000, 1.00000000000000, 0.000000000000000 ) );
#4922 = DIRECTION( '', ( 0.000000000000000, 1.00000000000000, 0.000000000000000 ) );
#4923 = DIRECTION( '', ( 0.000000000000000, 1.00000000000000, 0.000000000000000 ) );
#4924 = DIRECTION( '', ( 0.000000000000000, 0.000000000000000, -1.00000000000000 ) );
#4925 = DIRECTION( '', ( 0.000000000000000, 1.00000000000000, 0.000000000000000 ) );
#4926 = DIRECTION( '', ( 0.000000000000000, 1.00000000000000, 0.000000000000000 ) );
#4927 = DIRECTION( '', ( 0.0871557427476540, -0.996194698091746, 0.000000000000000 ) );
#4928 = DIRECTION( '', ( 0.000000000000000, 0.000000000000000, 1.00000000000000 ) );
#4929 = DIRECTION( '', ( 0.0871557427476540, -0.996194698091746, 0.000000000000000 ) );
#4930 = DIRECTION( '', ( -0.0871557427476540, 0.996194698091746, 0.000000000000000 ) );
#4931 = DIRECTION( '', ( 0.000000000000000, 0.000000000000000, 1.00000000000000 ) );
#4932 = DIRECTION( '', ( 0.000000000000000, 1.00000000000000, 0.000000000000000 ) );
#4933 = DIRECTION( '', ( 0.000000000000000, 1.00000000000000, 0.000000000000000 ) );
#4934 = DIRECTION( '', ( 0.000000000000000, 0.000000000000000, 1.00000000000000 ) );
#4935 = DIRECTION( '', ( 1.00000000000000, 0.000000000000000, 0.000000000000000 ) );
#4936 = DIRECTION( '', ( 0.000000000000000, 0.000000000000000, 1.00000000000000 ) );
#4937 = DIRECTION( '', ( 1.00000000000000, 0.000000000000000, 0.000000000000000 ) );
#4938 = DIRECTION( '', ( 0.000000000000000, 0.000000000000000, 1.00000000000000 ) );
#4939 = DIRECTION( '', ( 0.907726495228597, -0.419562402819899, 0.000000000000000 ) );
#4940 = DIRECTION( '', ( 0.907726495228597, -0.419562402819899, 0.000000000000000 ) );
#4941 = DIRECTION( '', ( 0.000000000000000, 1.00000000000000, 0.000000000000000 ) );
#4942 = DIRECTION( '', ( -1.00000000000000, 0.000000000000000, 0.000000000000000 ) );
#4943 = DIRECTION( '', ( 0.000000000000000, 0.000000000000000, 1.00000000000000 ) );
#4944 = DIRECTION( '', ( -1.00000000000000, 0.000000000000000, 0.000000000000000 ) );
#4945 = DIRECTION( '', ( 0.000000000000000, 0.000000000000000, -1.00000000000000 ) );
#4946 = DIRECTION( '', ( 0.000000000000000, 1.00000000000000, 0.000000000000000 ) );
#4947 = DIRECTION( '', ( 0.000000000000000, 1.00000000000000, 0.000000000000000 ) );
#4948 = DIRECTION( '', ( 0.000000000000000, 1.00000000000000, 0.000000000000000 ) );
#4949 = DIRECTION( '', ( 0.000000000000000, 1.00000000000000, 0.000000000000000 ) );
#4950 = DIRECTION( '', ( 0.000000000000000, 1.00000000000000, 0.000000000000000 ) );
#4951 = DIRECTION( '', ( 0.000000000000000, 1.00000000000000, 0.000000000000000 ) );
#4952 = DIRECTION( '', ( 0.000000000000000, 1.00000000000000, 0.000000000000000 ) );
#4953 = DIRECTION( '', ( 0.000000000000000, 1.00000000000000, 0.000000000000000 ) );
#4954 = DIRECTION( '', ( 0.000000000000000, 1.00000000000000, 0.000000000000000 ) );
#4955 = DIRECTION( '', ( 1.00000000000000, 0.000000000000000, 0.000000000000000 ) );
#4956 = DIRECTION( '', ( 0.000000000000000, 0.000000000000000, 1.00000000000000 ) );
#4957 = DIRECTION( '', ( 1.00000000000000, 0.000000000000000, 0.000000000000000 ) );
#4958 = DIRECTION( '', ( 0.000000000000000, 0.000000000000000, -1.00000000000000 ) );
#4959 = DIRECTION( '', ( 0.000000000000000, 1.00000000000000, 0.000000000000000 ) );
#4960 = DIRECTION( '', ( 0.000000000000000, 1.00000000000000, 0.000000000000000 ) );
#4961 = DIRECTION( '', ( 0.000000000000000, 1.00000000000000, 0.000000000000000 ) );
#4962 = DIRECTION( '', ( 0.000000000000000, 1.00000000000000, 0.000000000000000 ) );
#4963 = DIRECTION( '', ( 0.000000000000000, 1.00000000000000, 0.000000000000000 ) );
#4964 = DIRECTION( '', ( 0.000000000000000, 1.00000000000000, 0.000000000000000 ) );
#4965 = DIRECTION( '', ( 0.000000000000000, 1.00000000000000, 0.000000000000000 ) );
#4966 = CARTESIAN_POINT( '', ( 2.45519026509541, -1.14435778713738, -0.725000000000000 ) );
#4967 = DIRECTION( '', ( 0.000000000000000, 0.000000000000000, -1.00000000000000 ) );
#4968 = DIRECTION( '', ( 1.00000000000000, 0.000000000000000, 0.000000000000000 ) );
#4969 = DIRECTION( '', ( 0.000000000000000, -1.00000000000000, 0.000000000000000 ) );
#4970 = DIRECTION( '', ( -1.00000000000000, 0.000000000000000, 0.000000000000000 ) );
#4971 = CARTESIAN_POINT( '', ( 2.22519026509542, -0.914357787137383, -0.725000000000000 ) );
#4972 = DIRECTION( '', ( 0.000000000000000, 0.000000000000000, 1.00000000000000 ) );
#4973 = DIRECTION( '', ( 0.000000000000000, -1.00000000000000, 0.000000000000000 ) );
#4974 = CARTESIAN_POINT( '', ( 2.22519026509542, -0.154357787137382, -0.725000000000000 ) );
#4975 = DIRECTION( '', ( 0.000000000000000, 0.000000000000000, 1.00000000000000 ) );
#4976 = DIRECTION( '', ( 1.00000000000000, 0.000000000000000, 0.000000000000000 ) );
#4977 = DIRECTION( '', ( 1.00000000000000, 0.000000000000000, 0.000000000000000 ) );
#4978 = DIRECTION( '', ( 0.0871557427476639, 0.996194698091745, 0.000000000000000 ) );
#4979 = CARTESIAN_POINT( '', ( 2.45519026509541, 0.0756422128626073, -0.725000000000000 ) );
#4980 = DIRECTION( '', ( 0.000000000000000, 0.000000000000000, -1.00000000000000 ) );
#4981 = DIRECTION( '', ( 0.000000000000000, 1.00000000000000, 0.000000000000000 ) );
#4982 = DIRECTION( '', ( 0.000000000000000, 1.00000000000000, 0.000000000000000 ) );
#4983 = DIRECTION( '', ( 0.000000000000000, 1.00000000000000, 0.000000000000000 ) );
#4984 = DIRECTION( '', ( 0.000000000000000, 1.00000000000000, 0.000000000000000 ) );
#4985 = DIRECTION( '', ( 0.000000000000000, 1.00000000000000, 0.000000000000000 ) );
#4986 = DIRECTION( '', ( 0.000000000000000, 0.000000000000000, 1.00000000000000 ) );
#4987 = DIRECTION( '', ( 0.000000000000000, 1.00000000000000, 0.000000000000000 ) );
#4988 = DIRECTION( '', ( 0.000000000000000, 0.000000000000000, 1.00000000000000 ) );
#4989 = DIRECTION( '', ( 0.000000000000000, 0.000000000000000, 1.00000000000000 ) );
#4990 = DIRECTION( '', ( -1.00000000000000, 0.000000000000000, 0.000000000000000 ) );
#4991 = DIRECTION( '', ( 0.000000000000000, 0.000000000000000, 1.00000000000000 ) );
#4992 = DIRECTION( '', ( 0.000000000000000, 1.00000000000000, 0.000000000000000 ) );
#4993 = DIRECTION( '', ( 0.0871557427476639, 0.996194698091745, 0.000000000000000 ) );
#4994 = DIRECTION( '', ( 0.0871557427476639, 0.996194698091745, 0.000000000000000 ) );
#4995 = DIRECTION( '', ( 0.000000000000000, 0.000000000000000, 1.00000000000000 ) );
#4996 = DIRECTION( '', ( 0.0871557427476639, 0.996194698091745, 0.000000000000000 ) );
#4997 = DIRECTION( '', ( 0.000000000000000, 1.00000000000000, 0.000000000000000 ) );
#4998 = DIRECTION( '', ( 0.000000000000000, 1.00000000000000, 0.000000000000000 ) );
#4999 = DIRECTION( '', ( 0.000000000000000, 0.000000000000000, 1.00000000000000 ) );
#5000 = DIRECTION( '', ( 0.000000000000000, 1.00000000000000, 0.000000000000000 ) );
#5001 = DIRECTION( '', ( 0.000000000000000, 0.000000000000000, 1.00000000000000 ) );
#5002 = DIRECTION( '', ( 0.000000000000000, 0.000000000000000, 1.00000000000000 ) );
#5003 = DIRECTION( '', ( 0.000000000000000, -1.00000000000000, 0.000000000000000 ) );
#5004 = DIRECTION( '', ( 0.000000000000000, 0.000000000000000, -1.00000000000000 ) );
#5005 = DIRECTION( '', ( 0.907726495228597, 0.419562402819899, 0.000000000000000 ) );
#5006 = DIRECTION( '', ( 0.000000000000000, 0.000000000000000, 1.00000000000000 ) );
#5007 = DIRECTION( '', ( 0.907726495228597, 0.419562402819899, 0.000000000000000 ) );
#5008 = DIRECTION( '', ( -1.00000000000000, 0.000000000000000, 0.000000000000000 ) );
#5009 = DIRECTION( '', ( -1.00000000000000, 0.000000000000000, 0.000000000000000 ) );
#5010 = CARTESIAN_POINT( '', ( -2.22519026509522, -0.914357787137357, 0.725000000000000 ) );
#5011 = DIRECTION( '', ( 0.000000000000000, 0.000000000000000, -1.00000000000000 ) );
#5012 = DIRECTION( '', ( 0.000000000000000, -1.00000000000000, 0.000000000000000 ) );
#5013 = DIRECTION( '', ( 0.000000000000000, 0.000000000000000, -1.00000000000000 ) );
#5014 = DIRECTION( '', ( 0.000000000000000, 1.00000000000000, 0.000000000000000 ) );
#5015 = DIRECTION( '', ( 1.00000000000000, 0.000000000000000, 0.000000000000000 ) );
#5016 = DIRECTION( '', ( -0.0871557427476640, -0.996194698091745, 0.000000000000000 ) );
#5017 = DIRECTION( '', ( 1.00000000000000, 0.000000000000000, 0.000000000000000 ) );
#5018 = DIRECTION( '', ( 0.000000000000000, 1.00000000000000, 0.000000000000000 ) );
#5019 = DIRECTION( '', ( 0.000000000000000, 1.00000000000000, 0.000000000000000 ) );
#5020 = DIRECTION( '', ( 0.000000000000000, 0.000000000000000, -1.00000000000000 ) );
#5021 = DIRECTION( '', ( 0.000000000000000, 0.000000000000000, -1.00000000000000 ) );
#5022 = DIRECTION( '', ( 1.00000000000000, 0.000000000000000, 0.000000000000000 ) );
#5023 = DIRECTION( '', ( 0.000000000000000, 0.000000000000000, 1.00000000000000 ) );
#5024 = CARTESIAN_POINT( '', ( -2.45519026509522, 0.0756422128626330, 0.725000000000000 ) );
#5025 = DIRECTION( '', ( 0.000000000000000, -0.000000000000000, 1.00000000000000 ) );
#5026 = DIRECTION( '', ( 0.000000000000000, 1.00000000000000, 0.000000000000000 ) );
#5027 = DIRECTION( '', ( 0.000000000000000, -1.00000000000000, 0.000000000000000 ) );
#5028 = DIRECTION( '', ( 0.000000000000000, 0.000000000000000, -1.00000000000000 ) );
#5029 = CARTESIAN_POINT( '', ( -2.45519026509522, -1.14435778713736, 0.725000000000000 ) );
#5030 = DIRECTION( '', ( 0.000000000000000, 0.000000000000000, 1.00000000000000 ) );
#5031 = DIRECTION( '', ( -1.00000000000000, 0.000000000000000, 0.000000000000000 ) );
#5032 = DIRECTION( '', ( -1.00000000000000, 0.000000000000000, 0.000000000000000 ) );
#5033 = DIRECTION( '', ( -0.0871557427476640, -0.996194698091745, 0.000000000000000 ) );
#5034 = DIRECTION( '', ( 1.00000000000000, 0.000000000000000, 0.000000000000000 ) );
#5035 = DIRECTION( '', ( -1.00000000000000, 0.000000000000000, 0.000000000000000 ) );
#5036 = CARTESIAN_POINT( '', ( 2.22519026509542, -0.154357787137382, 0.725000000000000 ) );
#5037 = DIRECTION( '', ( 0.000000000000000, 0.000000000000000, -1.00000000000000 ) );
#5038 = DIRECTION( '', ( 0.000000000000000, 1.00000000000000, 0.000000000000000 ) );
#5039 = DIRECTION( '', ( 0.000000000000000, 0.000000000000000, 1.00000000000000 ) );
#5040 = DIRECTION( '', ( 1.00000000000000, 0.000000000000000, 0.000000000000000 ) );
#5041 = DIRECTION( '', ( 0.000000000000000, 1.00000000000000, 0.000000000000000 ) );
#5042 = DIRECTION( '', ( 0.000000000000000, 1.00000000000000, 0.000000000000000 ) );
#5043 = DIRECTION( '', ( 0.000000000000000, 1.00000000000000, 0.000000000000000 ) );
#5044 = DIRECTION( '', ( 0.000000000000000, 1.00000000000000, 0.000000000000000 ) );
#5045 = CARTESIAN_POINT( '', ( -2.22519026509522, -0.154357787137367, 0.725000000000000 ) );
#5046 = DIRECTION( '', ( 0.000000000000000, 0.000000000000000, 1.00000000000000 ) );
#5047 = DIRECTION( '', ( 1.00000000000000, 0.000000000000000, 0.000000000000000 ) );
#5048 = DIRECTION( '', ( 0.000000000000000, 1.00000000000000, 0.000000000000000 ) );
#5049 = CARTESIAN_POINT( '', ( 2.22519026509542, -0.914357787137383, 0.725000000000000 ) );
#5050 = DIRECTION( '', ( 0.000000000000000, 0.000000000000000, -1.00000000000000 ) );
#5051 = DIRECTION( '', ( 1.00000000000000, 0.000000000000000, 0.000000000000000 ) );
#5052 = DIRECTION( '', ( 1.00000000000000, 0.000000000000000, 0.000000000000000 ) );
#5053 = CARTESIAN_POINT( '', ( 2.45519026509541, -1.14435778713738, 0.725000000000000 ) );
#5054 = DIRECTION( '', ( 0.000000000000000, 0.000000000000000, 1.00000000000000 ) );
#5055 = DIRECTION( '', ( 0.000000000000000, -1.00000000000000, 0.000000000000000 ) );
#5056 = CARTESIAN_POINT( '', ( 2.45519026509541, 0.0756422128626073, 0.725000000000000 ) );
#5057 = DIRECTION( '', ( 0.000000000000000, 0.000000000000000, 1.00000000000000 ) );
#5058 = DIRECTION( '', ( 1.00000000000000, 0.000000000000000, 0.000000000000000 ) );
#5059 = DIRECTION( '', ( 0.000000000000000, 1.00000000000000, 0.000000000000000 ) );
ENDSEC;
END-ISO-10303-21;
